Calculating task graph as configuration cache cannot be reused because file 'gradle.properties' has changed.
> Task :cacheVersionManifest1.21.1 UP-TO-DATE
> Task :neoFormJoined1.21.1-20240808.144430DownloadAssets UP-TO-DATE
> Task :neoFormJoined1.21.1-20240808.144430ExtractNatives UP-TO-DATE
> Task :cacheVersionExecutableServer1.21.1 UP-TO-DATE
> Task :cacheVersionExecutableClient1.21.1 UP-TO-DATE
> Task :cacheVersionMappingsClient1.21.1 UP-TO-DATE
> Task :cacheVersionExtractedServer1.21.1 UP-TO-DATE
> Task :neoFormStripClient UP-TO-DATE
> Task :neoFormStripServer UP-TO-DATE
> Task :create1.21.1ClientExtraJar UP-TO-DATE
> Task :selectRawArtifactNg_dummy_ng.net.minecraft_client_1.21.1_client-extra UP-TO-DATE
> Task :neoFormMergeMappings UP-TO-DATE
> Task :neoFormMerge UP-TO-DATE
> Task :neoFormListLibraries UP-TO-DATE
> Task :neoFormRename UP-TO-DATE
> Task :neoFormDecompile UP-TO-DATE
> Task :neoFormListTransformLibraries UP-TO-DATE
> Task :neoFormInject UP-TO-DATE
> Task :neoFormPatch UP-TO-DATE
> Task :neoFormPatchUserDev UP-TO-DATE
> Task :neoFormTransformSource UP-TO-DATE
> Task :neoFormRecompile UP-TO-DATE
> Task :supplyRawJarForneoFormJoined1.21.1-20240808.144430 UP-TO-DATE
> Task :selectRawArtifactNg_dummy_ng.net.neoforged_neoforge_21.1.235 UP-TO-DATE
> Task :writeMinecraftClasspathClient UP-TO-DATE
> Task :compileJava UP-TO-DATE
> Task :processResources
> Task :classes

> Task :runClient
[18:37:00.870] [main/INFO] [Launcher/MODLAUNCHER]: ModLauncher running: args [--launchTarget, forgeclientdev, --version, 21.1.235, --assetIndex, asset-index, --assetsDir, E:\gradle-home\caches\minecraft\assets, --gameDir, ., --fml.fmlVersion, 4.0.42, --fml.mcVersion, 1.21.1, --fml.neoForgeVersion, 21.1.235, --fml.neoFormVersion, 20240808.144430] 
[18:37:00.874] [main/INFO] [Launcher/MODLAUNCHER]: JVM identified as Oracle Corporation Java HotSpot(TM) 64-Bit Server VM 21.0.12+7-LTS-205 
[18:37:00.876] [main/INFO] [Launcher/MODLAUNCHER]: ModLauncher 11.0.5+main.901c6ea8 starting: java version 21.0.12 by Oracle Corporation; OS Windows 10 arch amd64 version 10.0 
[18:37:01.081] [main/INFO] [Sodium-GraphicsAdapterProbe/]: Searching for graphics cards... 
[18:37:01.221] [main/INFO] [Sodium-GraphicsAdapterProbe/]: Found graphics adapter: AdapterInfo{vendor=AMD, description='ATI display adapter', adapterType=0x0000030B, openglIcdFilePath='C:\Windows\System32\DriverStore\FileRepository\u0412789.inf_amd64_d63b4946441901d0\B413136\atig6pxx.dll', openglIcdVersion=31.0.23013.14001} 
[18:37:01.226] [main/WARN] [Sodium-Workarounds/]: Sodium has applied one or more workarounds to prevent crashes or other issues on your system: [AMD_GAME_OPTIMIZATION_BROKEN] 
[18:37:01.227] [main/WARN] [Sodium-Workarounds/]: This is not necessarily an issue, but it may result in certain features or optimizations being disabled. You can sometimes fix these issues by upgrading your graphics driver. 
[18:37:01.227] [main/INFO] [Sodium-AmdWorkarounds/]: Modifying process environment to apply workarounds for the AMD graphics driver... 
[18:37:01.231] [main/INFO] [loading.ImmediateWindowHandler/]: Loading ImmediateWindowProvider fmlearlywindow 
[18:37:01.294] [main/INFO] [EARLYDISPLAY/]: Trying GL version 4.6 
[18:37:01.369] [main/INFO] [EARLYDISPLAY/]: Requested GL version 4.6 got version 4.6 
[18:37:01.518] [main/INFO] [mixin/]: SpongePowered MIXIN Subsystem Version=0.8.7 Source=union:/E:/gradle-home/caches/modules-2/files-2.1/net.fabricmc/sponge-mixin/0.15.2+mixin.0.8.7/2af2f021d8e02a0220dc27a7a72b4666d66d44ca/sponge-mixin-0.15.2+mixin.0.8.7.jar%23143!/ Service=ModLauncher Env=CLIENT 
[18:37:01.660] [main/INFO] [loading.moddiscovery.ModDiscoverer/SCAN]: Found mod file "neoforge-21.1.235.jar" [locator: neoforge devenv provider ([E:\PotatoST\.gradle\repositories\ng_dummy_ng\net\neoforged\neoforge\21.1.235\neoforge-21.1.235.jar])] 
[18:37:01.691] [main/INFO] [loading.moddiscovery.ModDiscoverer/SCAN]: Found mod file "neoforge-21.1.235.jar" [locator: neoforge devenv provider ([E:\PotatoST\.gradle\repositories\ng_dummy_ng\net\neoforged\neoforge\21.1.235\neoforge-21.1.235.jar])] 
[18:37:01.728] [main/INFO] [loading.moddiscovery.ModDiscoverer/SCAN]: Found mod file "net.caffeinemc.sodium-neoforge-0.8.13+mc1.21.1-mod.jar" [locator: net.caffeinemc.mods.sodium.service.SodiumServiceModLocator@2a551a63, reader: mod manifest] 
[18:37:01.739] [main/INFO] [loading.moddiscovery.ModDiscoverer/SCAN]: Found mod file "fabric-rendering-data-attachment-v1-0.3.48+73761d2e19.jar" [locator: net.caffeinemc.mods.sodium.service.SodiumServiceModLocator@2a551a63, reader: mod manifest] 
[18:37:01.745] [main/INFO] [loading.moddiscovery.ModDiscoverer/SCAN]: Found mod file "fabric-renderer-api-v1-3.4.1+9125b6dc19.jar" [locator: net.caffeinemc.mods.sodium.service.SodiumServiceModLocator@2a551a63, reader: mod manifest] 
[18:37:01.748] [main/INFO] [loading.moddiscovery.ModDiscoverer/SCAN]: Found mod file "fabric-block-view-api-v2-1.0.10+9afaaf8c19.jar" [locator: net.caffeinemc.mods.sodium.service.SodiumServiceModLocator@2a551a63, reader: mod manifest] 
[18:37:01.752] [main/INFO] [loading.moddiscovery.ModDiscoverer/SCAN]: Found mod file "fabric-api-base-0.4.42+d1308ded19.jar" [locator: net.caffeinemc.mods.sodium.service.SodiumServiceModLocator@2a551a63, reader: mod manifest] 
[18:37:01.763] [main/INFO] [loading.moddiscovery.ModDiscoverer/SCAN]: Found mod file "[JEI物品管理器] jei-1.21.1-neoforge-19.25.0.325.jar" [locator: {mods folder locator at E:\PotatoST\run\client\mods}, reader: mod manifest] 
[18:37:01.771] [main/INFO] [loading.moddiscovery.ModDiscoverer/SCAN]: Found mod file "[Xaero的世界地图] xaeroworldmap-neoforge-1.21.1-1.44.2.jar" [locator: {mods folder locator at E:\PotatoST\run\client\mods}, reader: mod manifest] 
[18:37:01.781] [main/INFO] [loading.moddiscovery.ModDiscoverer/SCAN]: Found mod file "[加速火把非官方版] Torcherino-neoforge-1.21-24.0.6.jar" [locator: {mods folder locator at E:\PotatoST\run\client\mods}, reader: mod manifest] 
[18:37:01.788] [pool-2-thread-1/INFO] [EARLYDISPLAY/]: GL info: AMD BC-160 GL version 4.6.0 Core Profile Context 25.3.1.260520, ATI Technologies Inc. 
[18:37:01.795] [main/INFO] [loading.moddiscovery.ModDiscoverer/SCAN]: Found mod file "[机械动力] create-1.21.1-6.0.10.jar" [locator: {mods folder locator at E:\PotatoST\run\client\mods}, reader: mod manifest] 
[18:37:01.802] [main/INFO] [loading.moddiscovery.ModDiscoverer/SCAN]: Found mod file "[机械动力：柴油动力] createdieselgenerators-1.21.1-1.3.15.jar" [locator: {mods folder locator at E:\PotatoST\run\client\mods}, reader: mod manifest] 
[18:37:01.809] [main/INFO] [loading.moddiscovery.ModDiscoverer/SCAN]: Found mod file "[机械动力：电气时代] create-new-age-1.2.0+neoforge-mc1.21.1.jar" [locator: {mods folder locator at E:\PotatoST\run\client\mods}, reader: mod manifest] 
[18:37:01.815] [main/INFO] [loading.moddiscovery.ModDiscoverer/SCAN]: Found mod file "[玉 🔍] Jade-1.21.1-NeoForge-15.10.6.jar" [locator: {mods folder locator at E:\PotatoST\run\client\mods}, reader: mod manifest] 
[18:37:01.820] [main/INFO] [loading.moddiscovery.ModDiscoverer/SCAN]: Found mod file "[输入法冲突修复] IMBlocker-5.6.0-neoforge+1.20.6-1.21.8.jar" [locator: {mods folder locator at E:\PotatoST\run\client\mods}, reader: mod manifest] 
[18:37:01.828] [main/INFO] [loading.moddiscovery.ModDiscoverer/SCAN]: Found mod file "main" [locator: userdev mods and services, reader: mod manifest] 
[18:37:01.845] [main/INFO] [loading.moddiscovery.ModDiscoverer/SCAN]: Found mod file "neoforge-21.1.235.jar" [locator: userdev mods and services, reader: mod manifest] 
[18:37:02.018] [main/INFO] [loading.moddiscovery.ModDiscoverer/SCAN]: Found gamelibrary file "mixinextras-neoforge-0.5.3.jar" [locator: userdev mods and services, reader: mod manifest] 
[18:37:02.254] [main/WARN] [selection.JarSelector/]: Attempted to select a dependency jar for JarJar which was passed in as source: library:mixinextras.neoforge. Using Mod File: E:\gradle-home\caches\modules-2\files-2.1\io.github.llamalad7\mixinextras-neoforge\0.5.3\a0919957808de97707c5fb4ce073e66aeef3e187\mixinextras-neoforge-0.5.3.jar 
[18:37:02.254] [main/INFO] [loading.moddiscovery.locators.JarInJarDependencyLocator/]: Found 7 dependencies adding them to mods collection 
[18:37:02.254] [main/INFO] [loading.moddiscovery.ModDiscoverer/SCAN]: Found mod file "xaerolib-neoforge-1.21.1-1.7.1.jar" [parent: [Xaero的世界地图] xaeroworldmap-neoforge-1.21.1-1.44.2.jar, locator: jarinjar, reader: mod manifest] 
[18:37:02.254] [main/INFO] [loading.moddiscovery.ModDiscoverer/SCAN]: Found gamelibrary file "Registrate-MC1.21-1.3.0+67.jar" [parent: [机械动力] create-1.21.1-6.0.10.jar, locator: jarinjar, reader: mod manifest] 
[18:37:02.254] [main/INFO] [loading.moddiscovery.ModDiscoverer/SCAN]: Found mod file "sable-companion-common-1.21.1-1.6.0.jar" [parent: [机械动力：柴油动力] createdieselgenerators-1.21.1-1.3.15.jar, locator: jarinjar, reader: mod manifest] 
[18:37:02.255] [main/INFO] [loading.moddiscovery.ModDiscoverer/SCAN]: Found mod file "flywheel-neoforge-1.21.1-1.0.6.jar" [parent: [机械动力] create-1.21.1-6.0.10.jar, locator: jarinjar, reader: mod manifest] 
[18:37:02.255] [main/INFO] [loading.moddiscovery.ModDiscoverer/SCAN]: Found mod file "ponder-neoforge-1.0.82+mc1.21.1.jar" [parent: [机械动力] create-1.21.1-6.0.10.jar, locator: jarinjar, reader: mod manifest] 
[18:37:02.255] [main/INFO] [loading.moddiscovery.ModDiscoverer/SCAN]: Found library file "net.neoforged.neoforge-coremods-21.1.235.jar" [parent: neoforge-21.1.235.jar, locator: jarinjar, reader: mod manifest] 
[18:37:02.256] [main/INFO] [loading.moddiscovery.ModDiscoverer/SCAN]: Found mod file "esl-neoforge-1.21.1-1.0.3+neoforge-mc1.21.1.jar" [parent: [机械动力：电气时代] create-new-age-1.2.0+neoforge-mc1.21.1.jar, locator: jarinjar, reader: mod manifest] 
[18:37:02.257] [main/INFO] [loading.moddiscovery.ModDiscoverer/]: 
     Mod List:
		Name Version (Mod Id)

		Create 6.0.10 (create)
		Create Diesel Generators 1.21.1-1.3.15 (createdieselgenerators)
		Create: New Age 1.2.0+mc1.21.1 (create_new_age)
		ESL 1.0.3 (esl)
		Flywheel 1.0.6 (flywheel)
		Forgified Fabric API Base 0.4.42+d1308ded19 (fabric_api_base)
		Forgified Fabric BlockView API (v2) 1.0.10+9afaaf8c19 (fabric_block_view_api_v2)
		Forgified Fabric Renderer API (v1) 3.4.1+9125b6dc19 (fabric_renderer_api_v1)
		Forgified Fabric Rendering Data Attachment (v1) 0.3.48+73761d2e19 (fabric_rendering_data_attachment_v1)
		IMBlocker 5.6.0 (imblocker)
		Jade 15.10.6+neoforge (jade)
		Just Enough Items 19.25.0.325 (jei)
		Minecraft 1.21.1 (minecraft)
		NeoForge 21.1.235 (neoforge)
		Ponder 1.0.82+mc1.21.1 (ponder)
		PotatoS&T 0.11 (potato_s_t)
		Sable Companion 1.6.0 (sablecompanion)
		Sodium 0.8.13+mc1.21.1 (sodium)
		Torcherino 24.0.6 (torcherino)
		Xaero's World Map 1.44.2 (xaeroworldmap)
		XaeroLib 1.7.1 (xaerolib) 
[18:37:02.491] [main/INFO] [loading.FMLServiceProvider/CORE]: Loading coremod script-engine for [xaeroworldmap] 
[18:37:03.391] [main/INFO] [mixin/]: Compatibility level set to JAVA_21 
[18:37:03.432] [main/INFO] [LaunchServiceHandler/MODLAUNCHER]: Launching target 'forgeclientdev' with arguments [--version, 21.1.235, --gameDir, ., --assetsDir, E:\gradle-home\caches\minecraft\assets, --assetIndex, asset-index] 
[18:37:03.480] [main/WARN] [mixin/]: Reference map 'createdieselgenerators.refmap.json' for createdieselgenerators.mixins.json could not be read. If this is a development environment you can ignore this message 
[18:37:03.498] [main/INFO] [Sodium/]: Loaded configuration file for Sodium: 45 options available, 0 override(s) found 
[18:37:03.502] [main/WARN] [mixin/]: Reference map 'xaerolib.refmap.json' for xaerolib.mixins.json could not be read. If this is a development environment you can ignore this message 
[18:37:03.517] [main/WARN] [mixin/]: Reference map 'ponder.refmap.json' for ponder-common.mixins.json could not be read. If this is a development environment you can ignore this message 
[18:37:03.533] [main/WARN] [mixin/]: Reference map 'xaeroworldmap.refmap.json' for xaeroworldmap.mixins.json could not be read. If this is a development environment you can ignore this message 
[18:37:04.225] [main/WARN] [mixin/]: Error loading class: dev/ryanhcode/sable/api/SubLevelAssemblyHelper (java.lang.ClassNotFoundException: dev.ryanhcode.sable.api.SubLevelAssemblyHelper) 
[18:37:04.226] [main/WARN] [mixin/]: @Mixin target dev.ryanhcode.sable.api.SubLevelAssemblyHelper was not found createdieselgenerators.mixins.json:SableAssemblyMixin from mod createdieselgenerators 
[18:37:04.299] [main/WARN] [mixin/]: Error loading class: net/minecraft/client/gui/components/AbstractScrollArea (java.lang.ClassNotFoundException: net.minecraft.client.gui.components.AbstractScrollArea) 
[18:37:04.299] [main/WARN] [mixin/]: @Mixin target net.minecraft.client.gui.components.AbstractScrollArea was not found imblocker-neoforge.mixins.json:AbstractScrollWidgetMixin from mod imblocker 
[18:37:04.307] [main/WARN] [mixin/]: Error loading class: net/minecraft/client/gui/components/AbstractScrollArea (java.lang.ClassNotFoundException: net.minecraft.client.gui.components.AbstractScrollArea) 
[18:37:04.307] [main/WARN] [mixin/]: Error loading class: net/minecraft/client/gui/components/AbstractScrollArea (java.lang.ClassNotFoundException: net.minecraft.client.gui.components.AbstractScrollArea) 
[18:37:04.320] [main/INFO] [MixinExtras|Service/]: Initializing MixinExtras via com.llamalad7.mixinextras.service.MixinExtrasServiceImpl(version=0.5.3). 
WARN StatusConsoleListener Advanced terminal features are not available in this environment
[18:37:04] [main/DEBUG] [io.ne.ut.in.lo.InternalLoggerFactory/]: Using SLF4J as the default logging framework
[18:37:04] [main/DEBUG] [io.ne.ut.ResourceLeakDetector/]: -Dio.netty.leakDetection.level: simple
[18:37:04] [main/DEBUG] [io.ne.ut.ResourceLeakDetector/]: -Dio.netty.leakDetection.targetRecords: 4
[18:37:04] [main/DEBUG] [mixin/]: Mixing accessor.NbtAccounterAccessor from create.mixins.json into net.minecraft.nbt.NbtAccounter
[18:37:04] [main/DEBUG] [mixin/]: Mixing datafixer.BlockPosFormatAndRenamesFixMixin from create.mixins.json into net.minecraft.util.datafix.fixes.BlockPosFormatAndRenamesFix
[18:37:04] [main/DEBUG] [mixin/]: Renaming synthetic method lambda$create$addFixers$2(Lcom/mojang/datafixers/OpticFinder;Lcom/simibubi/create/foundation/utility/DataFixerHelper$BlockPosFixer;Lcom/mojang/datafixers/Typed;)Lcom/mojang/datafixers/Typed; to md45b5b5$create$lambda$create$addFixers$2$0 in create.mixins.json:datafixer.BlockPosFormatAndRenamesFixMixin from mod create
[18:37:04] [main/DEBUG] [mixin/]: Renaming synthetic method lambda$create$addFixers$1(Lcom/simibubi/create/foundation/utility/DataFixerHelper$BlockPosFixer;Lcom/mojang/datafixers/Typed;)Lcom/mojang/datafixers/Typed; to md45b5b5$create$lambda$create$addFixers$1$1 in create.mixins.json:datafixer.BlockPosFormatAndRenamesFixMixin from mod create
[18:37:04] [main/DEBUG] [mixin/]: Renaming synthetic method lambda$create$addFixers$0(Lcom/simibubi/create/foundation/utility/DataFixerHelper$BlockPosFixer;Lcom/mojang/serialization/Dynamic;)Lcom/mojang/serialization/Dynamic; to md45b5b5$create$lambda$create$addFixers$0$2 in create.mixins.json:datafixer.BlockPosFormatAndRenamesFixMixin from mod create
[18:37:04] [main/DEBUG] [mixin/]: create.mixins.json:datafixer.BlockPosFormatAndRenamesFixMixin from mod create->@Inject::create$addFixers(Lorg/spongepowered/asm/mixin/injection/callback/CallbackInfoReturnable;)V doesn't use it's CallbackInfoReturnable
[18:37:04] [main/DEBUG] [mixin/]: create.mixins.json:datafixer.BlockPosFormatAndRenamesFixMixin from mod create->@Inject::create$addFixers(Lorg/spongepowered/asm/mixin/injection/callback/CallbackInfoReturnable;)V has 0 override(s) in child classes
[18:37:04] [main/DEBUG] [mixin/]: create.mixins.json:datafixer.BlockPosFormatAndRenamesFixMixin from mod create->@Inject::create$addFixers(Lorg/spongepowered/asm/mixin/injection/callback/CallbackInfoReturnable;)V won't be passed a CallbackInfoReturnable as a result
[18:37:05] [main/DEBUG] [mixin/]: Mixing datafixer.ItemStackComponentizationFixMixin from create.mixins.json into net.minecraft.util.datafix.fixes.ItemStackComponentizationFix
[18:37:05] [main/DEBUG] [mixin/]: Renaming synthetic method lambda$create$moveItemStackHandlerToItemContainerContents$4(Lcom/mojang/serialization/Dynamic;Lnet/minecraft/util/datafix/fixes/ItemStackComponentizationFix$ItemStackData;Ljava/lang/String;Lcom/mojang/serialization/Dynamic;)V to md45b5b5$create$lambda$create$moveItemStackHandlerToItemContainerContents$4$0 in create.mixins.json:datafixer.ItemStackComponentizationFixMixin from mod create
[18:37:05] [main/DEBUG] [mixin/]: Renaming synthetic method lambda$create$moveItemStackHandlerToItemContainerContents$3(Lcom/mojang/serialization/Dynamic;Ljava/util/List;Lcom/mojang/serialization/Dynamic;)V to md45b5b5$create$lambda$create$moveItemStackHandlerToItemContainerContents$3$1 in create.mixins.json:datafixer.ItemStackComponentizationFixMixin from mod create
[18:37:05] [main/DEBUG] [mixin/]: Renaming synthetic method lambda$create$moveTagToEnumComponent$2([Ljava/lang/Enum;Lnet/minecraft/util/datafix/fixes/ItemStackComponentizationFix$ItemStackData;Ljava/lang/String;Lcom/mojang/serialization/Dynamic;)V to md45b5b5$create$lambda$create$moveTagToEnumComponent$2$2 in create.mixins.json:datafixer.ItemStackComponentizationFixMixin from mod create
[18:37:05] [main/DEBUG] [mixin/]: Renaming synthetic method lambda$create$fixItemsAndTranslateNBTIntoComponents$1(Lnet/minecraft/util/datafix/fixes/ItemStackComponentizationFix$ItemStackData;Lcom/mojang/serialization/Dynamic;)V to md45b5b5$create$lambda$create$fixItemsAndTranslateNBTIntoComponents$1$3 in create.mixins.json:datafixer.ItemStackComponentizationFixMixin from mod create
[18:37:05] [main/DEBUG] [mixin/]: Renaming synthetic method lambda$create$fixItemsAndTranslateNBTIntoComponents$0(Lcom/mojang/serialization/Dynamic;Lnet/minecraft/util/datafix/fixes/ItemStackComponentizationFix$ItemStackData;Lcom/mojang/serialization/Dynamic;)V to md45b5b5$create$lambda$create$fixItemsAndTranslateNBTIntoComponents$0$4 in create.mixins.json:datafixer.ItemStackComponentizationFixMixin from mod create
[18:37:05] [main/DEBUG] [mixin/]: create.mixins.json:datafixer.ItemStackComponentizationFixMixin from mod create->@Inject::create$fixItemsAndTranslateNBTIntoComponents(Lnet/minecraft/util/datafix/fixes/ItemStackComponentizationFix$ItemStackData;Lcom/mojang/serialization/Dynamic;Lorg/spongepowered/asm/mixin/injection/callback/CallbackInfo;)V doesn't use it's CallbackInfo
[18:37:05] [main/DEBUG] [mixin/]: Mixing datafixer.V1460Mixin from create.mixins.json into net.minecraft.util.datafix.schemas.V1460
[18:37:05] [main/DEBUG] [mixin/]: create.mixins.json:datafixer.V1460Mixin from mod create->@Inject::create$registerEntitiesToBeFixed(Lcom/mojang/datafixers/schemas/Schema;Lorg/spongepowered/asm/mixin/injection/callback/CallbackInfoReturnable;)V does use it's CallbackInfoReturnable
[18:37:05] [main/DEBUG] [mixin/]: create.mixins.json:datafixer.V1460Mixin from mod create->@Inject::create$registerBlockEntitiesToBeFixed(Lcom/mojang/datafixers/schemas/Schema;Lorg/spongepowered/asm/mixin/injection/callback/CallbackInfoReturnable;)V does use it's CallbackInfoReturnable
[18:37:05] [main/DEBUG] [mixin/]: Mixing accessor.SystemReportAccessor from create.mixins.json into net.minecraft.SystemReport
[18:37:05] [main/DEBUG] [mixin/]: Renaming @Accessor method getOPERATING_SYSTEM()Ljava/lang/String; to getOPERATING_SYSTEM$create_$md$45b5b5$0 in create.mixins.json:accessor.SystemReportAccessor from mod create
[18:37:05] [main/DEBUG] [mixin/]: Renaming @Accessor method getJAVA_VERSION()Ljava/lang/String; to getJAVA_VERSION$create_$md$45b5b5$1 in create.mixins.json:accessor.SystemReportAccessor from mod create
[18:37:05] [main/DEBUG] [os.ut.FileUtil/]: No oshi.properties file found from ClassLoader cpw.mods.modlauncher.TransformingClassLoader@30c4e352
[18:37:06] [Datafixer Bootstrap/INFO] [mojang/DataFixerBuilder]: 229 Datafixer optimizations took 525 milliseconds
[18:37:06] [main/DEBUG] [os.ut.FileUtil/]: No oshi.architecture.properties file found from ClassLoader cpw.mods.modlauncher.TransformingClassLoader@30c4e352
[18:37:06] [pool-15-thread-1/DEBUG] [mixin/]: Mixing BuiltInRegistriesMixin from create.mixins.json into net.minecraft.core.registries.BuiltInRegistries
[18:37:06] [pool-15-thread-1/DEBUG] [mixin/]: Renaming synthetic method lambda$create$ourRegistriesAreNotEmpty$0(Ljava/util/function/Consumer;Lnet/minecraft/core/Registry;)V to md45b5b5$create$lambda$create$ourRegistriesAreNotEmpty$0$0 in create.mixins.json:BuiltInRegistriesMixin from mod create
[18:37:06] [pool-15-thread-1/DEBUG] [mixin/]: Mixing accessor.MappedRegistryAccessor from create.mixins.json into net.minecraft.core.MappedRegistry
[18:37:06] [pool-15-thread-1/DEBUG] [mixin/]: Mixing MappedRegistryAccessor from neoforge.mixins.json into net.minecraft.core.MappedRegistry
[18:37:06] [pool-15-thread-1/DEBUG] [mixin/]: Mixing client.BakedModelMixin from fabric-renderer-api-v1.mixins.json into net.minecraft.client.resources.model.BakedModel
[18:37:06] [pool-15-thread-1/DEBUG] [mixin/]: Mixing features.render.frapi.BakedModelMixin from sodium-common.mixins.json into net.minecraft.client.resources.model.BakedModel
[18:37:06] [pool-15-thread-1/DEBUG] [mixin/]: Mixing BlockMixin from create.mixins.json into net.minecraft.world.level.block.Block
[18:37:06] [pool-15-thread-1/DEBUG] [mixin/]: Mixing accessor.BlockBehaviourAccessor from create.mixins.json into net.minecraft.world.level.block.state.BlockBehaviour
[18:37:06] [pool-15-thread-1/DEBUG] [mixin/]: Mixing EntityTypeMixin from flywheel.impl.mixins.json into net.minecraft.world.entity.EntityType
[18:37:06] [pool-15-thread-1/DEBUG] [mixin/]: Mixing PlayerMixin from create.mixins.json into net.minecraft.world.entity.player.Player
[18:37:06] [pool-15-thread-1/DEBUG] [mixin/]: Mixing CustomItemUseEffectsMixin from create.mixins.json into net.minecraft.world.entity.LivingEntity
[18:37:06] [pool-15-thread-1/DEBUG] [mixin/]: Mixing LavaSwimmingMixin from create.mixins.json into net.minecraft.world.entity.LivingEntity
[18:37:06] [pool-15-thread-1/DEBUG] [mixin/]: Mixing accessor.LivingEntityAccessor from create.mixins.json into net.minecraft.world.entity.LivingEntity
[18:37:06] [pool-15-thread-1/DEBUG] [mixin/]: create.mixins.json:CustomItemUseEffectsMixin from mod create->@Inject::create$onShouldTriggerUseEffects(Lorg/spongepowered/asm/mixin/injection/callback/CallbackInfoReturnable;)V does use it's CallbackInfoReturnable
[18:37:06] [pool-15-thread-1/DEBUG] [mixin/]: create.mixins.json:CustomItemUseEffectsMixin from mod create->@Inject::create$onTriggerUseEffects(Lnet/minecraft/world/item/ItemStack;ILorg/spongepowered/asm/mixin/injection/callback/CallbackInfo;)V does use it's CallbackInfo
[18:37:06] [pool-15-thread-1/DEBUG] [mixin/]: create.mixins.json:LavaSwimmingMixin from mod create->@Inject::create$onLavaTravel(Lnet/minecraft/world/phys/Vec3;Lorg/spongepowered/asm/mixin/injection/callback/CallbackInfo;)V doesn't use it's CallbackInfo
[18:37:06] [pool-15-thread-1/DEBUG] [mixin/]: create.mixins.json:LavaSwimmingMixin from mod create->@Inject::create$onLavaTravel(Lnet/minecraft/world/phys/Vec3;Lorg/spongepowered/asm/mixin/injection/callback/CallbackInfo;)V has 0 override(s) in child classes
[18:37:06] [pool-15-thread-1/DEBUG] [mixin/]: create.mixins.json:LavaSwimmingMixin from mod create->@Inject::create$onLavaTravel(Lnet/minecraft/world/phys/Vec3;Lorg/spongepowered/asm/mixin/injection/callback/CallbackInfo;)V won't be passed a CallbackInfo as a result
[18:37:06] [pool-15-thread-1/DEBUG] [mixin/]: Mixing EntityAccess from jade.mixins.json into net.minecraft.world.entity.Entity
[18:37:06] [pool-15-thread-1/DEBUG] [mixin/]: jade.mixins.json:EntityAccess from mod jade: Class version 65 required is higher than the class version supported by the current version of Mixin (JAVA_16 supports class version 60)
[18:37:06] [pool-15-thread-1/DEBUG] [mixin/]: Mixing accessor.EntityAccessor from ponder-common.mixins.json into net.minecraft.world.entity.Entity
[18:37:06] [pool-15-thread-1/DEBUG] [mixin/]: ponder-common.mixins.json:accessor.EntityAccessor from mod ponder: Class version 65 required is higher than the class version supported by the current version of Mixin (JAVA_17 supports class version 61)
[18:37:06] [pool-15-thread-1/DEBUG] [mixin/]: Mixing client.EntityContraptionInteractionMixin from create.mixins.json into net.minecraft.world.entity.Entity
[18:37:06] [pool-15-thread-1/DEBUG] [mixin/]: Renaming synthetic method lambda$create$onSpawnSprintParticle$4(Lnet/minecraft/world/entity/Entity;Lnet/minecraft/core/BlockPos;Lcom/simibubi/create/content/contraptions/Contraption;Lnet/minecraft/world/level/block/state/BlockState;Lnet/minecraft/core/BlockPos;)V to md45b5b5$create$lambda$create$onSpawnSprintParticle$4$0 in create.mixins.json:client.EntityContraptionInteractionMixin from mod create
[18:37:06] [pool-15-thread-1/DEBUG] [mixin/]: Renaming synthetic method lambda$create$onMove$3(Lnet/minecraft/world/phys/Vec3;Lnet/minecraft/world/entity/Entity;Lcom/simibubi/create/content/contraptions/AbstractContraptionEntity;)Z to md45b5b5$create$lambda$create$onMove$3$1 in create.mixins.json:client.EntityContraptionInteractionMixin from mod create
[18:37:06] [pool-15-thread-1/DEBUG] [mixin/]: Renaming synthetic method lambda$create$contraptionStepSounds$2(Lorg/apache/commons/lang3/mutable/MutableBoolean;Lcom/simibubi/create/content/contraptions/Contraption;Lnet/minecraft/world/level/block/state/BlockState;Lnet/minecraft/core/BlockPos;)V to md45b5b5$create$lambda$create$contraptionStepSounds$2$2 in create.mixins.json:client.EntityContraptionInteractionMixin from mod create
[18:37:06] [pool-15-thread-1/DEBUG] [mixin/]: Renaming synthetic method lambda$create$forCollision$1(Lnet/minecraft/world/phys/Vec3;Lorg/apache/logging/log4j/util/TriConsumer;Lcom/simibubi/create/content/contraptions/AbstractContraptionEntity;)V to md45b5b5$create$lambda$create$forCollision$1$3 in create.mixins.json:client.EntityContraptionInteractionMixin from mod create
[18:37:06] [pool-15-thread-1/DEBUG] [mixin/]: Renaming synthetic method lambda$create$getIntersectionContraptionsStream$0(Lcom/simibubi/create/content/contraptions/AbstractContraptionEntity;)Z to md45b5b5$create$lambda$create$getIntersectionContraptionsStream$0$4 in create.mixins.json:client.EntityContraptionInteractionMixin from mod create
[18:37:06] [pool-15-thread-1/DEBUG] [mixin/]: Mixing EntityMixin from createdieselgenerators.mixins.json into net.minecraft.world.entity.Entity
[18:37:06] [pool-15-thread-1/DEBUG] [mixin/]: createdieselgenerators.mixins.json:EntityMixin from mod createdieselgenerators: Class version 65 required is higher than the class version supported by the current version of Mixin (JAVA_17 supports class version 61)
[18:37:06] [pool-15-thread-1/DEBUG] [mixin/]: Mixing EntityMixin from create.mixins.json into net.minecraft.world.entity.Entity
[18:37:06] [pool-15-thread-1/DEBUG] [mixin/]: create.mixins.json:client.EntityContraptionInteractionMixin from mod create->@Inject::create$contraptionStepSounds(Lnet/minecraft/world/entity/MoverType;Lnet/minecraft/world/phys/Vec3;Lorg/spongepowered/asm/mixin/injection/callback/CallbackInfo;)V doesn't use it's CallbackInfo
[18:37:06] [pool-15-thread-1/DEBUG] [mixin/]: create.mixins.json:client.EntityContraptionInteractionMixin from mod create->@Inject::create$contraptionStepSounds(Lnet/minecraft/world/entity/MoverType;Lnet/minecraft/world/phys/Vec3;Lorg/spongepowered/asm/mixin/injection/callback/CallbackInfo;)V has 0 override(s) in child classes
[18:37:06] [pool-15-thread-1/DEBUG] [mixin/]: create.mixins.json:client.EntityContraptionInteractionMixin from mod create->@Inject::create$contraptionStepSounds(Lnet/minecraft/world/entity/MoverType;Lnet/minecraft/world/phys/Vec3;Lorg/spongepowered/asm/mixin/injection/callback/CallbackInfo;)V won't be passed a CallbackInfo as a result
[18:37:06] [pool-15-thread-1/DEBUG] [mixin/]: create.mixins.json:client.EntityContraptionInteractionMixin from mod create->@Inject::create$onMove(Lnet/minecraft/world/entity/MoverType;Lnet/minecraft/world/phys/Vec3;Lorg/spongepowered/asm/mixin/injection/callback/CallbackInfo;)V doesn't use it's CallbackInfo
[18:37:06] [pool-15-thread-1/DEBUG] [mixin/]: create.mixins.json:client.EntityContraptionInteractionMixin from mod create->@Inject::create$onMove(Lnet/minecraft/world/entity/MoverType;Lnet/minecraft/world/phys/Vec3;Lorg/spongepowered/asm/mixin/injection/callback/CallbackInfo;)V has 0 override(s) in child classes
[18:37:06] [pool-15-thread-1/DEBUG] [mixin/]: create.mixins.json:client.EntityContraptionInteractionMixin from mod create->@Inject::create$onMove(Lnet/minecraft/world/entity/MoverType;Lnet/minecraft/world/phys/Vec3;Lorg/spongepowered/asm/mixin/injection/callback/CallbackInfo;)V won't be passed a CallbackInfo as a result
[18:37:06] [pool-15-thread-1/DEBUG] [mixin/]: create.mixins.json:client.EntityContraptionInteractionMixin from mod create->@Inject::create$onSpawnSprintParticle(Lorg/spongepowered/asm/mixin/injection/callback/CallbackInfo;)V doesn't use it's CallbackInfo
[18:37:06] [pool-15-thread-1/DEBUG] [mixin/]: create.mixins.json:client.EntityContraptionInteractionMixin from mod create->@Inject::create$onSpawnSprintParticle(Lorg/spongepowered/asm/mixin/injection/callback/CallbackInfo;)V has 0 override(s) in child classes
[18:37:06] [pool-15-thread-1/DEBUG] [mixin/]: create.mixins.json:client.EntityContraptionInteractionMixin from mod create->@Inject::create$onSpawnSprintParticle(Lorg/spongepowered/asm/mixin/injection/callback/CallbackInfo;)V won't be passed a CallbackInfo as a result
[18:37:06] [pool-15-thread-1/DEBUG] [mixin/]: createdieselgenerators.mixins.json:EntityMixin from mod createdieselgenerators->@Inject::load(Lnet/minecraft/nbt/CompoundTag;Lorg/spongepowered/asm/mixin/injection/callback/CallbackInfo;)V doesn't use it's CallbackInfo
[18:37:06] [pool-15-thread-1/DEBUG] [mixin/]: createdieselgenerators.mixins.json:EntityMixin from mod createdieselgenerators->@Inject::load(Lnet/minecraft/nbt/CompoundTag;Lorg/spongepowered/asm/mixin/injection/callback/CallbackInfo;)V has 0 override(s) in child classes
[18:37:06] [pool-15-thread-1/DEBUG] [mixin/]: createdieselgenerators.mixins.json:EntityMixin from mod createdieselgenerators->@Inject::load(Lnet/minecraft/nbt/CompoundTag;Lorg/spongepowered/asm/mixin/injection/callback/CallbackInfo;)V won't be passed a CallbackInfo as a result
[18:37:06] [pool-15-thread-1/DEBUG] [mixin/]: createdieselgenerators.mixins.json:EntityMixin from mod createdieselgenerators->@Inject::save(Lnet/minecraft/nbt/CompoundTag;Lorg/spongepowered/asm/mixin/injection/callback/CallbackInfoReturnable;)V doesn't use it's CallbackInfoReturnable
[18:37:06] [pool-15-thread-1/DEBUG] [mixin/]: createdieselgenerators.mixins.json:EntityMixin from mod createdieselgenerators->@Inject::save(Lnet/minecraft/nbt/CompoundTag;Lorg/spongepowered/asm/mixin/injection/callback/CallbackInfoReturnable;)V has 0 override(s) in child classes
[18:37:06] [pool-15-thread-1/DEBUG] [mixin/]: createdieselgenerators.mixins.json:EntityMixin from mod createdieselgenerators->@Inject::save(Lnet/minecraft/nbt/CompoundTag;Lorg/spongepowered/asm/mixin/injection/callback/CallbackInfoReturnable;)V won't be passed a CallbackInfoReturnable as a result
[18:37:06] [pool-15-thread-1/DEBUG] [mixin/]: Mixing MixinServerPlayer from xaerolib.mixins.json into net.minecraft.server.level.ServerPlayer
[18:37:06] [pool-15-thread-1/DEBUG] [mixin/]: xaerolib.mixins.json:MixinServerPlayer from mod xaerolib: Class version 65 required is higher than the class version supported by the current version of Mixin (JAVA_17 supports class version 61)
[18:37:06] [pool-15-thread-1/DEBUG] [mixin/]: Mixing MixinServerPlayer from xaeroworldmap.mixins.json into net.minecraft.server.level.ServerPlayer
[18:37:06] [pool-15-thread-1/DEBUG] [mixin/]: xaeroworldmap.mixins.json:MixinServerPlayer from mod xaeroworldmap: Class version 65 required is higher than the class version supported by the current version of Mixin (JAVA_17 supports class version 61)
[18:37:06] [pool-15-thread-1/DEBUG] [io.ne.ut.in.PlatformDependent0/]: -Dio.netty.noUnsafe: false
[18:37:06] [pool-15-thread-1/DEBUG] [io.ne.ut.in.PlatformDependent0/]: Java version: 21
[18:37:06] [pool-15-thread-1/DEBUG] [io.ne.ut.in.PlatformDependent0/]: sun.misc.Unsafe.theUnsafe: available
[18:37:06] [pool-15-thread-1/DEBUG] [io.ne.ut.in.PlatformDependent0/]: sun.misc.Unsafe.copyMemory: available
[18:37:06] [pool-15-thread-1/DEBUG] [io.ne.ut.in.PlatformDependent0/]: sun.misc.Unsafe.storeFence: available
[18:37:06] [pool-15-thread-1/DEBUG] [io.ne.ut.in.PlatformDependent0/]: java.nio.Buffer.address: available
[18:37:06] [pool-15-thread-1/DEBUG] [io.ne.ut.in.PlatformDependent0/]: java.nio.Bits.unaligned: available, true
[18:37:06] [pool-15-thread-1/DEBUG] [io.ne.ut.in.PlatformDependent0/]: java.nio.DirectByteBuffer.<init>(long, {int,long}): unavailable
[18:37:06] [pool-15-thread-1/DEBUG] [io.ne.ut.in.PlatformDependent/]: sun.misc.Unsafe: available
[18:37:06] [pool-15-thread-1/DEBUG] [io.ne.ut.in.PlatformDependent/]: maxDirectMemory: 4255121408 bytes (maybe)
[18:37:06] [pool-15-thread-1/DEBUG] [io.ne.ut.in.PlatformDependent/]: -Dio.netty.tmpdir: C:\Users\ADMINI~1\AppData\Local\Temp (java.io.tmpdir)
[18:37:06] [pool-15-thread-1/DEBUG] [io.ne.ut.in.PlatformDependent/]: -Dio.netty.bitMode: 64 (sun.arch.data.model)
[18:37:06] [pool-15-thread-1/DEBUG] [io.ne.ut.in.PlatformDependent/]: Platform: Windows
[18:37:06] [pool-15-thread-1/DEBUG] [io.ne.ut.in.PlatformDependent/]: -Dio.netty.maxDirectMemory: -1 bytes
[18:37:06] [pool-15-thread-1/DEBUG] [io.ne.ut.in.PlatformDependent/]: -Dio.netty.uninitializedArrayAllocationThreshold: -1
[18:37:06] [pool-15-thread-1/DEBUG] [io.ne.ut.in.CleanerJava9/]: java.nio.ByteBuffer.cleaner(): available
[18:37:06] [pool-15-thread-1/DEBUG] [io.ne.ut.in.PlatformDependent/]: -Dio.netty.noPreferDirect: false
[18:37:06] [pool-15-thread-1/DEBUG] [mixin/]: Mixing accessor.StateHolderAccessor from create.mixins.json into net.minecraft.world.level.block.state.StateHolder
[18:37:06] [pool-15-thread-1/DEBUG] [mixin/]: Mixing BlockViewMixin from fabric-block-view-api-v2.mixins.json into net.minecraft.world.level.BlockGetter
[18:37:06] [pool-15-thread-1/DEBUG] [mixin/]: fabric-block-view-api-v2.mixins.json:BlockViewMixin from mod fabric_block_view_api_v2: Class version 65 required is higher than the class version supported by the current version of Mixin (JAVA_17 supports class version 61)
[18:37:06] [pool-15-thread-1/DEBUG] [mixin/]: Mixing WorldViewMixin from fabric-rendering-data-attachment-v1.mixins.json into net.minecraft.world.level.LevelReader
[18:37:06] [pool-15-thread-1/DEBUG] [mixin/]: fabric-rendering-data-attachment-v1.mixins.json:WorldViewMixin from mod fabric_rendering_data_attachment_v1: Class version 65 required is higher than the class version supported by the current version of Mixin (JAVA_17 supports class version 61)
[18:37:06] [pool-15-thread-1/DEBUG] [mixin/]: Mixing LevelMixin from flywheel.impl.mixins.json into net.minecraft.world.level.Level
[18:37:06] [pool-15-thread-1/DEBUG] [mixin/]: Mixing accessor.ServerLevelAccessor from create.mixins.json into net.minecraft.server.level.ServerLevel
[18:37:06] [pool-15-thread-1/DEBUG] [mixin/]: Mixing MixinServerWorld from xaeroworldmap.mixins.json into net.minecraft.server.level.ServerLevel
[18:37:06] [pool-15-thread-1/DEBUG] [mixin/]: xaeroworldmap.mixins.json:MixinServerWorld from mod xaeroworldmap: Class version 65 required is higher than the class version supported by the current version of Mixin (JAVA_17 supports class version 61)
[18:37:06] [pool-15-thread-1/DEBUG] [mixin/]: Mixing features.render.immediate.DirectionMixin from sodium-common.mixins.json into net.minecraft.core.Direction
[18:37:06] [pool-15-thread-1/DEBUG] [mixin/]: Mixing features.options.render_layers.LeavesBlockMixin from sodium-common.mixins.json into net.minecraft.world.level.block.LeavesBlock
[18:37:06] [pool-15-thread-1/DEBUG] [mixin/]: Mixing accessor.DispenserBlockAccessor from create.mixins.json into net.minecraft.world.level.block.DispenserBlock
[18:37:06] [pool-15-thread-1/DEBUG] [mixin/]: Mixing accessor.CropBlockAccessor from create.mixins.json into net.minecraft.world.level.block.CropBlock
[18:37:07] [pool-15-thread-1/DEBUG] [mixin/]: Mixing accessor.ConcretePowderBlockAccessor from create.mixins.json into net.minecraft.world.level.block.ConcretePowderBlock
[18:37:07] [pool-15-thread-1/DEBUG] [mixin/]: Mixing BeehiveBlockMixin from create.mixins.json into net.minecraft.world.level.block.BeehiveBlock
[18:37:07] [pool-15-thread-1/DEBUG] [mixin/]: Mixing WaterWheelFluidSpreadMixin from create.mixins.json into net.minecraft.world.level.material.FlowingFluid
[18:37:07] [pool-15-thread-1/DEBUG] [mixin/]: Mixing accessor.FlowingFluidAccessor from create.mixins.json into net.minecraft.world.level.material.FlowingFluid
[18:37:07] [pool-15-thread-1/DEBUG] [mixin/]: create.mixins.json:WaterWheelFluidSpreadMixin from mod create->@Inject::create$canPassThroughOnWaterWheel(Lnet/minecraft/world/level/BlockGetter;Lnet/minecraft/world/level/material/Fluid;Lnet/minecraft/core/BlockPos;Lnet/minecraft/world/level/block/state/BlockState;Lnet/minecraft/core/Direction;Lnet/minecraft/core/BlockPos;Lnet/minecraft/world/level/block/state/BlockState;Lnet/minecraft/world/level/material/FluidState;Lorg/spongepowered/asm/mixin/injection/callback/CallbackInfoReturnable;)V does use it's CallbackInfoReturnable
[18:37:07] [pool-15-thread-1/DEBUG] [mixin/]: Mixing BlockEntityMixin from fabric-rendering-data-attachment-v1.mixins.json into net.minecraft.world.level.block.entity.BlockEntity
[18:37:07] [pool-15-thread-1/DEBUG] [mixin/]: fabric-rendering-data-attachment-v1.mixins.json:BlockEntityMixin from mod fabric_rendering_data_attachment_v1: Class version 65 required is higher than the class version supported by the current version of Mixin (JAVA_17 supports class version 61)
[18:37:07] [pool-15-thread-1/DEBUG] [mixin/]: Mixing visualmanage.BlockEntityMixin from flywheel.impl.mixins.json into net.minecraft.world.level.block.entity.BlockEntity
[18:37:07] [pool-15-thread-1/DEBUG] [mixin/]: Mixing BlockEntityMixin from fabric-block-view-api-v2.mixins.json into net.minecraft.world.level.block.entity.BlockEntity
[18:37:07] [pool-15-thread-1/DEBUG] [mixin/]: fabric-block-view-api-v2.mixins.json:BlockEntityMixin from mod fabric_block_view_api_v2: Class version 65 required is higher than the class version supported by the current version of Mixin (JAVA_17 supports class version 61)
[18:37:07] [pool-15-thread-1/DEBUG] [mixin/]: flywheel.impl.mixins.json:visualmanage.BlockEntityMixin from mod flywheel->@Inject::flywheel$removeVisual(Lorg/spongepowered/asm/mixin/injection/callback/CallbackInfo;)V doesn't use it's CallbackInfo
[18:37:07] [pool-15-thread-1/DEBUG] [mixin/]: flywheel.impl.mixins.json:visualmanage.BlockEntityMixin from mod flywheel->@Inject::flywheel$removeVisual(Lorg/spongepowered/asm/mixin/injection/callback/CallbackInfo;)V has 0 override(s) in child classes
[18:37:07] [pool-15-thread-1/DEBUG] [mixin/]: flywheel.impl.mixins.json:visualmanage.BlockEntityMixin from mod flywheel->@Inject::flywheel$removeVisual(Lorg/spongepowered/asm/mixin/injection/callback/CallbackInfo;)V won't be passed a CallbackInfo as a result
[18:37:07] [pool-15-thread-1/DEBUG] [mixin/]: Mixing accessor.FallingBlockEntityAccessor from create.mixins.json into net.minecraft.world.entity.item.FallingBlockEntity
[18:37:07] [pool-15-thread-1/DEBUG] [mixin/]: Renaming @Invoker method create$callInit(Lnet/minecraft/world/level/Level;DDDLnet/minecraft/world/level/block/state/BlockState;)Lnet/minecraft/world/entity/item/FallingBlockEntity; to callInit$create_$md$45b5b5$0 in create.mixins.json:accessor.FallingBlockEntityAccessor from mod create
[18:37:07] [pool-15-thread-1/DEBUG] [mixin/]: Mixing accessor.MobEffectInstanceAccessor from create.mixins.json into net.minecraft.world.effect.MobEffectInstance
[18:37:07] [pool-15-thread-1/DEBUG] [mixin/]: Mixing MobMixin from create.mixins.json into net.minecraft.world.entity.Mob
[18:37:07] [pool-15-thread-1/DEBUG] [mixin/]: Mixing core.render.BlockEntityTypeMixin from sodium-common.mixins.json into net.minecraft.world.level.block.entity.BlockEntityType
[18:37:07] [pool-15-thread-1/DEBUG] [mixin/]: Mixing BlockEntityTypeMixin from flywheel.impl.mixins.json into net.minecraft.world.level.block.entity.BlockEntityType
[18:37:07] [pool-15-thread-1/DEBUG] [mixin/]: Mixing BlockEntityTypeAccessor from neoforge.mixins.json into net.minecraft.world.level.block.entity.BlockEntityType
[18:37:07] [pool-15-thread-1/DEBUG] [mixin/]: Mixing AbstractFurnaceBlockEntityAccess from jade.mixins.json into net.minecraft.world.level.block.entity.AbstractFurnaceBlockEntity
[18:37:07] [pool-15-thread-1/DEBUG] [mixin/]: jade.mixins.json:AbstractFurnaceBlockEntityAccess from mod jade: Class version 65 required is higher than the class version supported by the current version of Mixin (JAVA_16 supports class version 60)
[18:37:07] [pool-15-thread-1/DEBUG] [mixin/]: Mixing ItemStackMixin from create.mixins.json into net.minecraft.world.item.ItemStack
[18:37:07] [pool-15-thread-1/DEBUG] [mixin/]: Renaming synthetic method lambda$create$migrateOldClipboardComponents$0(Lcom/simibubi/create/content/equipment/clipboard/ClipboardContent;Lnet/minecraft/util/Unit;)Lcom/simibubi/create/content/equipment/clipboard/ClipboardContent; to md45b5b5$create$lambda$create$migrateOldClipboardComponents$0$0 in create.mixins.json:ItemStackMixin from mod create
[18:37:07] [pool-15-thread-1/DEBUG] [mixin/]: create.mixins.json:ItemStackMixin from mod create->@Inject::create$migrateOldClipboardComponents(Lnet/minecraft/world/level/ItemLike;ILnet/minecraft/core/component/PatchedDataComponentMap;Lorg/spongepowered/asm/mixin/injection/callback/CallbackInfo;)V doesn't use it's CallbackInfo
[18:37:07] [pool-15-thread-1/DEBUG] [mixin/]: Mixing features.world.biome.BiomeMixin from sodium-neoforge.mixins.json into net.minecraft.world.level.biome.Biome
[18:37:07] [pool-15-thread-1/DEBUG] [mixin/]: sodium-neoforge.mixins.json:features.world.biome.BiomeMixin from mod sodium->@Inject::onInit(Lorg/spongepowered/asm/mixin/injection/callback/CallbackInfo;)V doesn't use it's CallbackInfo
[18:37:07] [pool-15-thread-1/DEBUG] [mixin/]: Mixing SmithingMenuMixin from create.mixins.json into net.minecraft.world.inventory.SmithingMenu
[18:37:07] [pool-15-thread-1/DEBUG] [mixin/]: Renaming synthetic method lambda$create$preventUnbreakingOnBacktanks$0(Lnet/minecraft/world/item/ItemStack;Lnet/minecraft/core/Holder;)Z to md45b5b5$create$lambda$create$preventUnbreakingOnBacktanks$0$0 in create.mixins.json:SmithingMenuMixin from mod create
[18:37:07] [pool-15-thread-1/DEBUG] [mixin/]: create.mixins.json:SmithingMenuMixin from mod create->@Inject::create$awardAdvancementWhenTrimmingCardboardArmor(Lnet/minecraft/world/entity/player/Player;Lnet/minecraft/world/item/ItemStack;Lorg/spongepowered/asm/mixin/injection/callback/CallbackInfo;)V doesn't use it's CallbackInfo
[18:37:07] [pool-15-thread-1/DEBUG] [mixin/]: create.mixins.json:SmithingMenuMixin from mod create->@Inject::create$awardAdvancementWhenTrimmingCardboardArmor(Lnet/minecraft/world/entity/player/Player;Lnet/minecraft/world/item/ItemStack;Lorg/spongepowered/asm/mixin/injection/callback/CallbackInfo;)V has 0 override(s) in child classes
[18:37:07] [pool-15-thread-1/DEBUG] [mixin/]: create.mixins.json:SmithingMenuMixin from mod create->@Inject::create$awardAdvancementWhenTrimmingCardboardArmor(Lnet/minecraft/world/entity/player/Player;Lnet/minecraft/world/item/ItemStack;Lorg/spongepowered/asm/mixin/injection/callback/CallbackInfo;)V won't be passed a CallbackInfo as a result
[18:37:08] [pool-15-thread-1/DEBUG] [mixin/]: Mixing platform.neoforge.AuxiliaryLightManagerMixin from sodium-neoforge.mixins.json into net.neoforged.neoforge.common.world.AuxiliaryLightManager
[18:37:08] [pool-15-thread-1/DEBUG] [mixin/]: Mixing BlockItemMixin from create.mixins.json into net.minecraft.world.item.BlockItem
[18:37:08] [pool-15-thread-1/DEBUG] [mixin/]: create.mixins.json:BlockItemMixin from mod create->@Inject::create$fixDeployerPlacement(Lnet/minecraft/world/item/context/BlockPlaceContext;Lorg/spongepowered/asm/mixin/injection/callback/CallbackInfoReturnable;)V does use it's CallbackInfoReturnable
[18:37:08] [pool-15-thread-1/DEBUG] [mixin/]: Mixing ArmorTrimMixin from create.mixins.json into net.minecraft.world.item.armortrim.ArmorTrim
[18:37:08] [pool-15-thread-1/DEBUG] [mixin/]: Renaming synthetic method lambda$new$0(Ljava/lang/Boolean;Lnet/minecraft/core/Holder;)Lnet/minecraft/resources/ResourceLocation; to md45b5b5$create$lambda$new$0$0 in create.mixins.json:ArmorTrimMixin from mod create
[18:37:08] [pool-15-thread-1/DEBUG] [mixin/]: create.mixins.json:ArmorTrimMixin from mod create->@Inject::create$swapTexturesForCardboardTrimsInner(Lnet/minecraft/core/Holder;Lorg/spongepowered/asm/mixin/injection/callback/CallbackInfoReturnable;)V does use it's CallbackInfoReturnable
[18:37:08] [pool-15-thread-1/DEBUG] [mixin/]: create.mixins.json:ArmorTrimMixin from mod create->@Inject::create$swapTexturesForCardboardTrimsOuter(Lnet/minecraft/core/Holder;Lorg/spongepowered/asm/mixin/injection/callback/CallbackInfoReturnable;)V does use it's CallbackInfoReturnable
[18:37:08] [pool-15-thread-1/DEBUG] [mixin/]: Mixing visualmanage.LevelChunkMixin from flywheel.impl.mixins.json into net.minecraft.world.level.chunk.LevelChunk
[18:37:08] [pool-15-thread-1/DEBUG] [mixin/]: Mixing MixinWorldChunk from xaeroworldmap.mixins.json into net.minecraft.world.level.chunk.LevelChunk
[18:37:08] [pool-15-thread-1/DEBUG] [mixin/]: xaeroworldmap.mixins.json:MixinWorldChunk from mod xaeroworldmap: Class version 65 required is higher than the class version supported by the current version of Mixin (JAVA_17 supports class version 61)
[18:37:08] [pool-15-thread-1/DEBUG] [mixin/]: flywheel.impl.mixins.json:visualmanage.LevelChunkMixin from mod flywheel->@Inject::flywheel$onBlockEntityAdded(Lnet/minecraft/world/level/block/entity/BlockEntity;Lorg/spongepowered/asm/mixin/injection/callback/CallbackInfo;)V doesn't use it's CallbackInfo
[18:37:08] [pool-15-thread-1/DEBUG] [mixin/]: flywheel.impl.mixins.json:visualmanage.LevelChunkMixin from mod flywheel->@Inject::flywheel$onBlockEntityAdded(Lnet/minecraft/world/level/block/entity/BlockEntity;Lorg/spongepowered/asm/mixin/injection/callback/CallbackInfo;)V has 0 override(s) in child classes
[18:37:08] [pool-15-thread-1/DEBUG] [mixin/]: flywheel.impl.mixins.json:visualmanage.LevelChunkMixin from mod flywheel->@Inject::flywheel$onBlockEntityAdded(Lnet/minecraft/world/level/block/entity/BlockEntity;Lorg/spongepowered/asm/mixin/injection/callback/CallbackInfo;)V won't be passed a CallbackInfo as a result
[18:37:08] [pool-15-thread-1/DEBUG] [mixin/]: Mixing accessor.UseOnContextAccessor from create.mixins.json into net.minecraft.world.item.context.UseOnContext
[18:37:08] [pool-15-thread-1/DEBUG] [mixin/]: Mixing UseOnContextInvoker from createdieselgenerators.mixins.json into net.minecraft.world.item.context.UseOnContext
[18:37:08] [pool-15-thread-1/DEBUG] [mixin/]: createdieselgenerators.mixins.json:UseOnContextInvoker from mod createdieselgenerators: Class version 65 required is higher than the class version supported by the current version of Mixin (JAVA_17 supports class version 61)
[18:37:09] [pool-15-thread-1/DEBUG] [mixin/]: Mixing accessor.MinecartFurnaceAccessor from create.mixins.json into net.minecraft.world.entity.vehicle.MinecartFurnace
[18:37:09] [pool-15-thread-1/DEBUG] [mixin/]: Mixing CreeperMixin from createdieselgenerators.mixins.json into net.minecraft.world.entity.monster.Creeper
[18:37:09] [pool-15-thread-1/DEBUG] [mixin/]: createdieselgenerators.mixins.json:CreeperMixin from mod createdieselgenerators: Class version 65 required is higher than the class version supported by the current version of Mixin (JAVA_17 supports class version 61)
[18:37:09] [pool-15-thread-1/DEBUG] [mixin/]: createdieselgenerators.mixins.json:CreeperMixin from mod createdieselgenerators->@Inject::cdg$mobInteract(Lnet/minecraft/world/entity/player/Player;Lnet/minecraft/world/InteractionHand;Lorg/spongepowered/asm/mixin/injection/callback/CallbackInfoReturnable;)V doesn't use it's CallbackInfoReturnable
[18:37:09] [pool-15-thread-1/DEBUG] [mixin/]: createdieselgenerators.mixins.json:CreeperMixin from mod createdieselgenerators->@Inject::cdg$mobInteract(Lnet/minecraft/world/entity/player/Player;Lnet/minecraft/world/InteractionHand;Lorg/spongepowered/asm/mixin/injection/callback/CallbackInfoReturnable;)V has 0 override(s) in child classes
[18:37:09] [pool-15-thread-1/DEBUG] [mixin/]: createdieselgenerators.mixins.json:CreeperMixin from mod createdieselgenerators->@Inject::cdg$mobInteract(Lnet/minecraft/world/entity/player/Player;Lnet/minecraft/world/InteractionHand;Lorg/spongepowered/asm/mixin/injection/callback/CallbackInfoReturnable;)V won't be passed a CallbackInfoReturnable as a result
[18:37:09] [pool-15-thread-1/DEBUG] [mixin/]: Mixing accessor.ItemFrameAccessor from create.mixins.json into net.minecraft.world.entity.decoration.ItemFrame
[18:37:09] [pool-15-thread-1/DEBUG] [mixin/]: Mixing accessor.ProjectileDispenseBehaviorAccessor from create.mixins.json into net.minecraft.core.dispenser.ProjectileDispenseBehavior
[18:37:09] [pool-15-thread-1/DEBUG] [mixin/]: Mixing accessor.ShapedRecipeAccessor from create.mixins.json into net.minecraft.world.item.crafting.ShapedRecipe
[18:37:10] [pool-15-thread-1/DEBUG] [mixin/]: Mixing EnchantedCountIncreaseFunctionMixin from create.mixins.json into net.minecraft.world.level.storage.loot.functions.EnchantedCountIncreaseFunction
[18:37:10] [pool-15-thread-1/DEBUG] [mixin/]: create.mixins.json:EnchantedCountIncreaseFunctionMixin from mod create->@Inject::create$crushingWheelLooting(Lnet/minecraft/world/item/ItemStack;Lnet/minecraft/world/level/storage/loot/LootContext;Lorg/spongepowered/asm/mixin/injection/callback/CallbackInfoReturnable;)V doesn't use it's CallbackInfoReturnable
[18:37:10] [pool-15-thread-1/DEBUG] [mixin/]: create.mixins.json:EnchantedCountIncreaseFunctionMixin from mod create->@Inject::create$crushingWheelLooting(Lnet/minecraft/world/item/ItemStack;Lnet/minecraft/world/level/storage/loot/LootContext;Lorg/spongepowered/asm/mixin/injection/callback/CallbackInfoReturnable;)V has 0 override(s) in child classes
[18:37:10] [pool-15-thread-1/DEBUG] [mixin/]: create.mixins.json:EnchantedCountIncreaseFunctionMixin from mod create->@Inject::create$crushingWheelLooting(Lnet/minecraft/world/item/ItemStack;Lnet/minecraft/world/level/storage/loot/LootContext;Lorg/spongepowered/asm/mixin/injection/callback/CallbackInfoReturnable;)V won't be passed a CallbackInfoReturnable as a result
[18:37:10] [pool-15-thread-1/DEBUG] [mixin/]: Mixing LootItemAccessor from createdieselgenerators.mixins.json into net.minecraft.world.level.storage.loot.entries.LootItem
[18:37:10] [pool-15-thread-1/DEBUG] [mixin/]: createdieselgenerators.mixins.json:LootItemAccessor from mod createdieselgenerators: Class version 65 required is higher than the class version supported by the current version of Mixin (JAVA_17 supports class version 61)
[18:37:10] [pool-15-thread-1/DEBUG] [mixin/]: Mixing LootTableAccessor from createdieselgenerators.mixins.json into net.minecraft.world.level.storage.loot.LootTable
[18:37:10] [pool-15-thread-1/DEBUG] [mixin/]: createdieselgenerators.mixins.json:LootTableAccessor from mod createdieselgenerators: Class version 65 required is higher than the class version supported by the current version of Mixin (JAVA_17 supports class version 61)
[18:37:10] [pool-15-thread-1/DEBUG] [mixin/]: Mixing LootPoolAccessor from createdieselgenerators.mixins.json into net.minecraft.world.level.storage.loot.LootPool
[18:37:10] [pool-15-thread-1/DEBUG] [mixin/]: createdieselgenerators.mixins.json:LootPoolAccessor from mod createdieselgenerators: Class version 65 required is higher than the class version supported by the current version of Mixin (JAVA_17 supports class version 61)
[18:37:10] [pool-15-thread-1/DEBUG] [ne.ne.ne.re.GameData/REGISTRIES]: Creating vanilla freeze snapshot
[18:37:10] [pool-15-thread-1/DEBUG] [ne.ne.ne.re.GameData/REGISTRIES]: Vanilla freeze snapshot created
[18:37:10] [main/DEBUG] [mixin/]: Mixing accessor.MinecraftServerAccessor from ponder-common.mixins.json into net.minecraft.server.MinecraftServer
[18:37:10] [main/DEBUG] [mixin/]: ponder-common.mixins.json:accessor.MinecraftServerAccessor from mod ponder: Class version 65 required is higher than the class version supported by the current version of Mixin (JAVA_17 supports class version 61)
[18:37:10] [main/DEBUG] [mixin/]: Mixing MixinMinecraftServer from xaeroworldmap.mixins.json into net.minecraft.server.MinecraftServer
[18:37:10] [main/DEBUG] [mixin/]: xaeroworldmap.mixins.json:MixinMinecraftServer from mod xaeroworldmap: Class version 65 required is higher than the class version supported by the current version of Mixin (JAVA_17 supports class version 61)
[18:37:10] [main/DEBUG] [mixin/]: Mixing MapItemSavedDataMixin from create.mixins.json into net.minecraft.world.level.saveddata.maps.MapItemSavedData
[18:37:10] [main/DEBUG] [mixin/]: create.mixins.json:MapItemSavedDataMixin from mod create->@Inject::create$onLoad(Lnet/minecraft/nbt/CompoundTag;Lnet/minecraft/core/HolderLookup$Provider;Lorg/spongepowered/asm/mixin/injection/callback/CallbackInfoReturnable;)V does use it's CallbackInfoReturnable
[18:37:10] [main/DEBUG] [mixin/]: create.mixins.json:MapItemSavedDataMixin from mod create->@Inject::create$onSave(Lnet/minecraft/nbt/CompoundTag;Lnet/minecraft/core/HolderLookup$Provider;Lorg/spongepowered/asm/mixin/injection/callback/CallbackInfoReturnable;)V doesn't use it's CallbackInfoReturnable
[18:37:10] [main/DEBUG] [mixin/]: create.mixins.json:MapItemSavedDataMixin from mod create->@Inject::create$onSave(Lnet/minecraft/nbt/CompoundTag;Lnet/minecraft/core/HolderLookup$Provider;Lorg/spongepowered/asm/mixin/injection/callback/CallbackInfoReturnable;)V has 0 override(s) in child classes
[18:37:10] [main/DEBUG] [mixin/]: create.mixins.json:MapItemSavedDataMixin from mod create->@Inject::create$onSave(Lnet/minecraft/nbt/CompoundTag;Lnet/minecraft/core/HolderLookup$Provider;Lorg/spongepowered/asm/mixin/injection/callback/CallbackInfoReturnable;)V won't be passed a CallbackInfoReturnable as a result
[18:37:10] [main/DEBUG] [mixin/]: create.mixins.json:MapItemSavedDataMixin from mod create->@Inject::create$onCheckBanners(Lnet/minecraft/world/level/BlockGetter;IILorg/spongepowered/asm/mixin/injection/callback/CallbackInfo;)V doesn't use it's CallbackInfo
[18:37:10] [main/DEBUG] [mixin/]: create.mixins.json:MapItemSavedDataMixin from mod create->@Inject::create$onCheckBanners(Lnet/minecraft/world/level/BlockGetter;IILorg/spongepowered/asm/mixin/injection/callback/CallbackInfo;)V has 0 override(s) in child classes
[18:37:10] [main/DEBUG] [mixin/]: create.mixins.json:MapItemSavedDataMixin from mod create->@Inject::create$onCheckBanners(Lnet/minecraft/world/level/BlockGetter;IILorg/spongepowered/asm/mixin/injection/callback/CallbackInfo;)V won't be passed a CallbackInfo as a result
[18:37:11] [main/WARN] [minecraft/Commands]: Ambiguity between arguments [teleport, location] and [teleport, destination] with inputs: [0.1 -0.5 .9, 0 0 0]
[18:37:11] [main/WARN] [minecraft/Commands]: Ambiguity between arguments [teleport, location] and [teleport, targets] with inputs: [0.1 -0.5 .9, 0 0 0]
[18:37:11] [main/WARN] [minecraft/Commands]: Ambiguity between arguments [teleport, destination] and [teleport, targets] with inputs: [Player, 0123, @e, dd12be42-52a9-4a91-a8a1-11c01849e498]
[18:37:11] [main/WARN] [minecraft/Commands]: Ambiguity between arguments [teleport, targets] and [teleport, destination] with inputs: [Player, 0123, dd12be42-52a9-4a91-a8a1-11c01849e498]
[18:37:11] [main/WARN] [minecraft/Commands]: Ambiguity between arguments [teleport, targets, location] and [teleport, targets, destination] with inputs: [0.1 -0.5 .9, 0 0 0]
[18:37:11] [Render thread/DEBUG] [mixin/]: Mixing workarounds.event_loop.RenderSystemMixin from sodium-common.mixins.json into com.mojang.blaze3d.systems.RenderSystem
[18:37:11] [Render thread/DEBUG] [mixin/]: Mixing RenderSystemMixin from flywheel.backend.mixins.json into com.mojang.blaze3d.systems.RenderSystem
[18:37:11] [Render thread/DEBUG] [mixin/]: Mixing client.accessor.RenderSystemAccessor from ponder-common.mixins.json into com.mojang.blaze3d.systems.RenderSystem
[18:37:11] [Render thread/DEBUG] [mixin/]: ponder-common.mixins.json:client.accessor.RenderSystemAccessor from mod ponder: Class version 65 required is higher than the class version supported by the current version of Mixin (JAVA_17 supports class version 61)
[18:37:11] [Render thread/DEBUG] [mixin/]: Renaming @Accessor method catnip$getShaderLightDirections()[Lorg/joml/Vector3f; to catnip$getShaderLightDirections$ponder_$md$45b5b5$0 in ponder-common.mixins.json:client.accessor.RenderSystemAccessor from mod ponder
[18:37:11] [Render thread/DEBUG] [mixin/]: flywheel.backend.mixins.json:RenderSystemMixin from mod flywheel->@Inject::flywheel$onInitRenderer(Lorg/spongepowered/asm/mixin/injection/callback/CallbackInfo;)V doesn't use it's CallbackInfo
[18:37:11] [Render thread/DEBUG] [mixin/]: flywheel.backend.mixins.json:RenderSystemMixin from mod flywheel->@Inject::flywheel$onSetFogStart(Lorg/spongepowered/asm/mixin/injection/callback/CallbackInfo;)V doesn't use it's CallbackInfo
[18:37:11] [Render thread/DEBUG] [mixin/]: flywheel.backend.mixins.json:RenderSystemMixin from mod flywheel->@Inject::flywheel$onSetFogEnd(Lorg/spongepowered/asm/mixin/injection/callback/CallbackInfo;)V doesn't use it's CallbackInfo
[18:37:11] [Render thread/DEBUG] [mixin/]: flywheel.backend.mixins.json:RenderSystemMixin from mod flywheel->@Inject::flywheel$onSetFogShape(Lorg/spongepowered/asm/mixin/injection/callback/CallbackInfo;)V doesn't use it's CallbackInfo
[18:37:11] [Render thread/DEBUG] [mixin/]: flywheel.backend.mixins.json:RenderSystemMixin from mod flywheel->@Inject::flywheel$onSetFogColor(Lorg/spongepowered/asm/mixin/injection/callback/CallbackInfo;)V doesn't use it's CallbackInfo
[18:37:11] [Render thread/DEBUG] [mixin/]: Mixing features.render.immediate.buffer_builder.sorting.VertexSortingMixin from sodium-common.mixins.json into com.mojang.blaze3d.vertex.VertexSorting
[18:37:11] [Render thread/DEBUG] [mixin/]: Mixing features.render.compositing.RenderTargetMixin from sodium-common.mixins.json into com.mojang.blaze3d.pipeline.RenderTarget
[18:37:11] [Render thread/DEBUG] [mixin/]: sodium-common.mixins.json:features.render.compositing.RenderTargetMixin from mod sodium->@Inject::blitToScreen(IIZLorg/spongepowered/asm/mixin/injection/callback/CallbackInfo;)V does use it's CallbackInfo
[18:37:11] [Render thread/DEBUG] [mixin/]: Mixing client.accessor.ScreenAccessor from ponder-common.mixins.json into net.minecraft.client.gui.screens.Screen
[18:37:11] [Render thread/DEBUG] [mixin/]: ponder-common.mixins.json:client.accessor.ScreenAccessor from mod ponder: Class version 65 required is higher than the class version supported by the current version of Mixin (JAVA_17 supports class version 61)
[18:37:11] [Render thread/DEBUG] [mixin/]: Mixing compat.xaeros.XaeroPauseScreenOverrideMixin from create.mixins.json into net.minecraft.client.gui.screens.Screen
[18:37:11] [Render thread/DEBUG] [mixin/]: create.mixins.json:compat.xaeros.XaeroPauseScreenOverrideMixin from mod create->@Inject::create$xaeroPauseScreenOverride(Lorg/spongepowered/asm/mixin/injection/callback/CallbackInfoReturnable;)V does use it's CallbackInfoReturnable
[18:37:11] [Render thread/DEBUG] [mixin/]: Mixing AbstractContainerEventHandlerMixin from imblocker-neoforge.mixins.json into net.minecraft.client.gui.components.events.AbstractContainerEventHandler
[18:37:11] [Render thread/DEBUG] [mixin/]: Mixing ChatScreenMixin from imblocker-neoforge.mixins.json into net.minecraft.client.gui.screens.ChatScreen
[18:37:11] [Render thread/DEBUG] [mixin/]: imblocker-neoforge.mixins.json:ChatScreenMixin from mod imblocker->@Inject::initChatState(Lorg/spongepowered/asm/mixin/injection/callback/CallbackInfo;)V does use it's CallbackInfo
[18:37:11] [Render thread/DEBUG] [mixin/]: imblocker-neoforge.mixins.json:ChatScreenMixin from mod imblocker->@Inject::updateChatState(Ljava/lang/String;Lorg/spongepowered/asm/mixin/injection/callback/CallbackInfo;)V doesn't use it's CallbackInfo
[18:37:11] [Render thread/DEBUG] [mixin/]: imblocker-neoforge.mixins.json:ChatScreenMixin from mod imblocker->@Inject::updateChatState(Ljava/lang/String;Lorg/spongepowered/asm/mixin/injection/callback/CallbackInfo;)V has 0 override(s) in child classes
[18:37:11] [Render thread/DEBUG] [mixin/]: imblocker-neoforge.mixins.json:ChatScreenMixin from mod imblocker->@Inject::updateChatState(Ljava/lang/String;Lorg/spongepowered/asm/mixin/injection/callback/CallbackInfo;)V won't be passed a CallbackInfo as a result
[18:37:11] [Render thread/DEBUG] [mixin/]: imblocker-neoforge.mixins.json:ChatScreenMixin from mod imblocker->@Inject::removeChatState(Lorg/spongepowered/asm/mixin/injection/callback/CallbackInfo;)V doesn't use it's CallbackInfo
[18:37:11] [Render thread/DEBUG] [mixin/]: imblocker-neoforge.mixins.json:ChatScreenMixin from mod imblocker->@Inject::removeChatState(Lorg/spongepowered/asm/mixin/injection/callback/CallbackInfo;)V has 0 override(s) in child classes
[18:37:11] [Render thread/DEBUG] [mixin/]: imblocker-neoforge.mixins.json:ChatScreenMixin from mod imblocker->@Inject::removeChatState(Lorg/spongepowered/asm/mixin/injection/callback/CallbackInfo;)V won't be passed a CallbackInfo as a result
[18:37:11] [Render thread/DEBUG] [mixin/]: Mixing core.world.biome.ClientLevelMixin from sodium-common.mixins.json into net.minecraft.client.multiplayer.ClientLevel
[18:37:11] [Render thread/DEBUG] [mixin/]: Mixing core.world.map.ClientLevelMixin from sodium-common.mixins.json into net.minecraft.client.multiplayer.ClientLevel
[18:37:11] [Render thread/DEBUG] [mixin/]: Mixing features.render.world.sky.ClientLevelMixin from sodium-common.mixins.json into net.minecraft.client.multiplayer.ClientLevel
[18:37:11] [Render thread/DEBUG] [mixin/]: Renaming synthetic method lambda$redirectSampleColor$0(Lnet/minecraft/world/level/Level;III)I to md45b5b5$sodium$lambda$redirectSampleColor$0$0 in sodium-common.mixins.json:features.render.world.sky.ClientLevelMixin from mod sodium
[18:37:11] [Render thread/DEBUG] [mixin/]: Mixing MixinClientLevel from xaerolib.mixins.json into net.minecraft.client.multiplayer.ClientLevel
[18:37:11] [Render thread/DEBUG] [mixin/]: xaerolib.mixins.json:MixinClientLevel from mod xaerolib: Class version 65 required is higher than the class version supported by the current version of Mixin (JAVA_17 supports class version 61)
[18:37:11] [Render thread/DEBUG] [mixin/]: Mixing MixinClientWorld from xaeroworldmap.mixins.json into net.minecraft.client.multiplayer.ClientLevel
[18:37:11] [Render thread/DEBUG] [mixin/]: xaeroworldmap.mixins.json:MixinClientWorld from mod xaeroworldmap: Class version 65 required is higher than the class version supported by the current version of Mixin (JAVA_17 supports class version 61)
[18:37:11] [Render thread/DEBUG] [mixin/]: sodium-common.mixins.json:core.world.biome.ClientLevelMixin from mod sodium->@Inject::captureSeed(Lnet/minecraft/client/multiplayer/ClientPacketListener;Lnet/minecraft/client/multiplayer/ClientLevel$ClientLevelData;Lnet/minecraft/resources/ResourceKey;Lnet/minecraft/core/Holder;IILjava/util/function/Supplier;Lnet/minecraft/client/renderer/LevelRenderer;ZJLorg/spongepowered/asm/mixin/injection/callback/CallbackInfo;)V doesn't use it's CallbackInfo
[18:37:11] [Render thread/DEBUG] [mixin/]: sodium-common.mixins.json:core.world.biome.ClientLevelMixin from mod sodium->@Inject::captureSeed(Lnet/minecraft/client/multiplayer/ClientPacketListener;Lnet/minecraft/client/multiplayer/ClientLevel$ClientLevelData;Lnet/minecraft/resources/ResourceKey;Lnet/minecraft/core/Holder;IILjava/util/function/Supplier;Lnet/minecraft/client/renderer/LevelRenderer;ZJLorg/spongepowered/asm/mixin/injection/callback/CallbackInfo;)V has 0 override(s) in child classes
[18:37:11] [Render thread/DEBUG] [mixin/]: sodium-common.mixins.json:core.world.biome.ClientLevelMixin from mod sodium->@Inject::captureSeed(Lnet/minecraft/client/multiplayer/ClientPacketListener;Lnet/minecraft/client/multiplayer/ClientLevel$ClientLevelData;Lnet/minecraft/resources/ResourceKey;Lnet/minecraft/core/Holder;IILjava/util/function/Supplier;Lnet/minecraft/client/renderer/LevelRenderer;ZJLorg/spongepowered/asm/mixin/injection/callback/CallbackInfo;)V won't be passed a CallbackInfo as a result
[18:37:11] [Render thread/DEBUG] [mixin/]: sodium-common.mixins.json:core.world.map.ClientLevelMixin from mod sodium->@Inject::sodium$trackChunkUnload(Lnet/minecraft/world/level/chunk/LevelChunk;Lorg/spongepowered/asm/mixin/injection/callback/CallbackInfo;)V doesn't use it's CallbackInfo
[18:37:11] [Render thread/DEBUG] [mixin/]: sodium-common.mixins.json:core.world.map.ClientLevelMixin from mod sodium->@Inject::sodium$trackChunkUnload(Lnet/minecraft/world/level/chunk/LevelChunk;Lorg/spongepowered/asm/mixin/injection/callback/CallbackInfo;)V has 0 override(s) in child classes
[18:37:11] [Render thread/DEBUG] [mixin/]: sodium-common.mixins.json:core.world.map.ClientLevelMixin from mod sodium->@Inject::sodium$trackChunkUnload(Lnet/minecraft/world/level/chunk/LevelChunk;Lorg/spongepowered/asm/mixin/injection/callback/CallbackInfo;)V won't be passed a CallbackInfo as a result
[18:37:11] [Render thread/DEBUG] [mixin/]: Mixing client.HeavyBootsOnPlayerMixin from create.mixins.json into net.minecraft.client.player.LocalPlayer
[18:37:11] [Render thread/DEBUG] [mixin/]: create.mixins.json:client.HeavyBootsOnPlayerMixin from mod create->@Inject::create$noSwimmingWithHeavyBootsOn(Lorg/spongepowered/asm/mixin/injection/callback/CallbackInfoReturnable;)V does use it's CallbackInfoReturnable
[18:37:11] [Render thread/DEBUG] [mixin/]: Mixing AbstractClientPlayerAccessor from flywheel.backend.mixins.json into net.minecraft.client.player.AbstractClientPlayer
[18:37:11] [Render thread/DEBUG] [mixin/]: Mixing features.gui.screen.LevelLoadingScreenMixin from sodium-common.mixins.json into net.minecraft.client.gui.screens.LevelLoadingScreen
[18:37:11] [Render thread/DEBUG] [mixin/]: Renaming synthetic method lambda$sodium$drawChunkMap$0(Lit/unimi/dsi/fastutil/objects/Object2IntMap$Entry;)V to md45b5b5$sodium$lambda$sodium$drawChunkMap$0$0 in sodium-common.mixins.json:features.gui.screen.LevelLoadingScreenMixin from mod sodium
[18:37:11] [Render thread/DEBUG] [mixin/]: Mixing accessor.TimerAccessor from ponder-common.mixins.json into net.minecraft.client.DeltaTracker$Timer
[18:37:11] [Render thread/DEBUG] [mixin/]: ponder-common.mixins.json:accessor.TimerAccessor from mod ponder: Class version 65 required is higher than the class version supported by the current version of Mixin (JAVA_17 supports class version 61)
[18:37:11] [Render thread/DEBUG] [mixin/]: Mixing accessor.TimerAccessor from create.mixins.json into net.minecraft.client.DeltaTracker$Timer
[18:37:11] [Render thread/WARN] [minecraft/VanillaPackResourcesBuilder]: Assets URL 'union:/E:/PotatoST/.gradle/repositories/ng_dummy_ng/net/neoforged/neoforge/21.1.235/neoforge-21.1.235.jar%23205!/assets/.mcassetsroot' uses unexpected schema
[18:37:11] [Render thread/WARN] [minecraft/VanillaPackResourcesBuilder]: Assets URL 'union:/E:/PotatoST/.gradle/repositories/ng_dummy_ng/net/neoforged/neoforge/21.1.235/neoforge-21.1.235.jar%23205!/data/.mcassetsroot' uses unexpected schema
[18:37:11] [Render thread/INFO] [mojang/YggdrasilAuthenticationService]: Environment: Environment[sessionHost=https://sessionserver.mojang.com, servicesHost=https://api.minecraftservices.com, name=PROD]
[18:37:11] [Render thread/INFO] [minecraft/Minecraft]: Setting user: Dev
[18:37:11] [Render thread/DEBUG] [mixin/]: Mixing OptionsMixin from flywheel.backend.mixins.json into net.minecraft.client.Options
[18:37:11] [Render thread/DEBUG] [mixin/]: flywheel.backend.mixins.json:OptionsMixin from mod flywheel->@Inject::flywheel$onLoad(Lorg/spongepowered/asm/mixin/injection/callback/CallbackInfo;)V doesn't use it's CallbackInfo
[18:37:11] [Render thread/DEBUG] [mixin/]: flywheel.backend.mixins.json:OptionsMixin from mod flywheel->@Inject::flywheel$onLoad(Lorg/spongepowered/asm/mixin/injection/callback/CallbackInfo;)V has 0 override(s) in child classes
[18:37:11] [Render thread/DEBUG] [mixin/]: flywheel.backend.mixins.json:OptionsMixin from mod flywheel->@Inject::flywheel$onLoad(Lorg/spongepowered/asm/mixin/injection/callback/CallbackInfo;)V won't be passed a CallbackInfo as a result
[18:37:11] [Render thread/DEBUG] [mixin/]: flywheel.backend.mixins.json:OptionsMixin from mod flywheel->@Inject::flywheel$onSave(Lorg/spongepowered/asm/mixin/injection/callback/CallbackInfo;)V doesn't use it's CallbackInfo
[18:37:11] [Render thread/DEBUG] [mixin/]: flywheel.backend.mixins.json:OptionsMixin from mod flywheel->@Inject::flywheel$onSave(Lorg/spongepowered/asm/mixin/injection/callback/CallbackInfo;)V has 0 override(s) in child classes
[18:37:11] [Render thread/DEBUG] [mixin/]: flywheel.backend.mixins.json:OptionsMixin from mod flywheel->@Inject::flywheel$onSave(Lorg/spongepowered/asm/mixin/injection/callback/CallbackInfo;)V won't be passed a CallbackInfo as a result
[18:37:11] [Render thread/DEBUG] [mixin/]: Mixing AbstractWidgetMixin from imblocker-neoforge.mixins.json into net.minecraft.client.gui.components.AbstractWidget
[18:37:11] [Render thread/DEBUG] [mixin/]: imblocker-neoforge.mixins.json:AbstractWidgetMixin from mod imblocker->@Inject::focusChanged(ZLorg/spongepowered/asm/mixin/injection/callback/CallbackInfo;)V doesn't use it's CallbackInfo
[18:37:11] [Render thread/DEBUG] [mixin/]: imblocker-neoforge.mixins.json:AbstractWidgetMixin from mod imblocker->@Inject::focusChanged(ZLorg/spongepowered/asm/mixin/injection/callback/CallbackInfo;)V has 2 override(s) in child classes
[18:37:11] [Render thread/DEBUG] [mixin/]: imblocker-neoforge.mixins.json:AbstractWidgetMixin from mod imblocker->@Inject::focusChanged(ZLorg/spongepowered/asm/mixin/injection/callback/CallbackInfo;)V won't be passed a CallbackInfo as a result
[18:37:11] [Render thread/DEBUG] [mixin/]: imblocker-neoforge.mixins.json:AbstractWidgetMixin from mod imblocker->@Inject::updateLastRenderTime(Lorg/spongepowered/asm/mixin/injection/callback/CallbackInfoReturnable;)V doesn't use it's CallbackInfoReturnable
[18:37:11] [Render thread/DEBUG] [mixin/]: imblocker-neoforge.mixins.json:AbstractWidgetMixin from mod imblocker->@Inject::updateLastRenderTime(Lorg/spongepowered/asm/mixin/injection/callback/CallbackInfoReturnable;)V has 1 override(s) in child classes
[18:37:11] [Render thread/DEBUG] [mixin/]: imblocker-neoforge.mixins.json:AbstractWidgetMixin from mod imblocker->@Inject::updateLastRenderTime(Lorg/spongepowered/asm/mixin/injection/callback/CallbackInfoReturnable;)V won't be passed a CallbackInfoReturnable as a result
[18:37:11] [Render thread/DEBUG] [mixin/]: Mixing MixinAbstractButton from xaerolib.mixins.json into net.minecraft.client.gui.components.AbstractButton
[18:37:11] [Render thread/DEBUG] [mixin/]: xaerolib.mixins.json:MixinAbstractButton from mod xaerolib: Class version 65 required is higher than the class version supported by the current version of Mixin (JAVA_17 supports class version 61)
[18:37:11] [Render thread/INFO] [minecraft/Minecraft]: Backend library: LWJGL version 3.3.3+5
[18:37:11] [Render thread/DEBUG] [mixin/]: Mixing core.WindowMixin from sodium-common.mixins.json into com.mojang.blaze3d.platform.Window
[18:37:11] [Render thread/DEBUG] [mixin/]: Mixing workarounds.context_creation.WindowMixin from sodium-common.mixins.json into com.mojang.blaze3d.platform.Window
[18:37:11] [Render thread/DEBUG] [mixin/]: Mixing WindowMixin from imblocker-neoforge.mixins.json into com.mojang.blaze3d.platform.Window
[18:37:11] [Render thread/DEBUG] [mixin/]: Mixing WindowsIngameIMEInitializer from imblocker-neoforge.mixins.json into com.mojang.blaze3d.platform.Window
[18:37:11] [Render thread/DEBUG] [mixin/]: Mixing WindowsFullScreenPatch from imblocker-neoforge.mixins.json into com.mojang.blaze3d.platform.Window
[18:37:11] [Render thread/DEBUG] [mixin/]: sodium-common.mixins.json:workarounds.context_creation.WindowMixin from mod sodium->@Inject::postContextReady(Lcom/mojang/blaze3d/platform/WindowEventHandler;Lcom/mojang/blaze3d/platform/ScreenManager;Lcom/mojang/blaze3d/platform/DisplayData;Ljava/lang/String;Ljava/lang/String;Lorg/spongepowered/asm/mixin/injection/callback/CallbackInfo;)V doesn't use it's CallbackInfo
[18:37:11] [Render thread/DEBUG] [mixin/]: sodium-common.mixins.json:workarounds.context_creation.WindowMixin from mod sodium->@Inject::preSwapBuffers(Lorg/spongepowered/asm/mixin/injection/callback/CallbackInfo;)V doesn't use it's CallbackInfo
[18:37:11] [Render thread/DEBUG] [mixin/]: imblocker-neoforge.mixins.json:WindowMixin from mod imblocker->@Inject::onScaleFactorChanged(DLorg/spongepowered/asm/mixin/injection/callback/CallbackInfo;)V doesn't use it's CallbackInfo
[18:37:11] [Render thread/DEBUG] [mixin/]: imblocker-neoforge.mixins.json:WindowsIngameIMEInitializer from mod imblocker->@Inject::initializeIngameIME(Lcom/mojang/blaze3d/platform/WindowEventHandler;Lcom/mojang/blaze3d/platform/ScreenManager;Lcom/mojang/blaze3d/platform/DisplayData;Ljava/lang/String;Ljava/lang/String;Lorg/spongepowered/asm/mixin/injection/callback/CallbackInfo;)V doesn't use it's CallbackInfo
[18:37:11] [Render thread/DEBUG] [mixin/]: imblocker-neoforge.mixins.json:WindowsFullScreenPatch from mod imblocker->@Inject::tweakFullScreenWindowStyle(Lorg/spongepowered/asm/mixin/injection/callback/CallbackInfo;)V doesn't use it's CallbackInfo
[18:37:11] [Render thread/DEBUG] [mixin/]: imblocker-neoforge.mixins.json:WindowsFullScreenPatch from mod imblocker->@Inject::tweakFullScreenWindowStyle(Lorg/spongepowered/asm/mixin/injection/callback/CallbackInfo;)V doesn't use it's CallbackInfo
[18:37:11] [Render thread/INFO] [mojang/Window]: OpenGL Vendor: ATI Technologies Inc.
[18:37:11] [Render thread/INFO] [mojang/Window]: OpenGL Renderer: AMD BC-160
[18:37:11] [Render thread/INFO] [mojang/Window]: OpenGL Version: 4.6.0 Core Profile Context 25.3.1.260520
[18:37:11] [Render thread/DEBUG] [mixin/]: Mixing features.render.viewport.GlStateManagerMixin from sodium-common.mixins.json into com.mojang.blaze3d.platform.GlStateManager
[18:37:11] [Render thread/DEBUG] [mixin/]: Mixing GlStateManagerMixin from flywheel.backend.mixins.json into com.mojang.blaze3d.platform.GlStateManager
[18:37:11] [Render thread/DEBUG] [mixin/]: flywheel.backend.mixins.json:GlStateManagerMixin from mod flywheel->@Inject::flywheel$onBindBuffer(IILorg/spongepowered/asm/mixin/injection/callback/CallbackInfo;)V doesn't use it's CallbackInfo
[18:37:11] [Render thread/DEBUG] [mixin/]: flywheel.backend.mixins.json:GlStateManagerMixin from mod flywheel->@Inject::flywheel$onBindVertexArray(ILorg/spongepowered/asm/mixin/injection/callback/CallbackInfo;)V doesn't use it's CallbackInfo
[18:37:11] [Render thread/DEBUG] [mixin/]: flywheel.backend.mixins.json:GlStateManagerMixin from mod flywheel->@Inject::flywheel$onUseProgram(ILorg/spongepowered/asm/mixin/injection/callback/CallbackInfo;)V doesn't use it's CallbackInfo
[18:37:11] [Render thread/DEBUG] [mixin/]: flywheel.backend.mixins.json:GlStateManagerMixin from mod flywheel->@Inject::flywheel$onSetupLevelDiffuseLighting(Lorg/joml/Vector3f;Lorg/joml/Vector3f;Lorg/joml/Matrix4f;Lorg/spongepowered/asm/mixin/injection/callback/CallbackInfo;)V doesn't use it's CallbackInfo
[18:37:11] [Render thread/DEBUG] [mixin/]: Mixing features.textures.NativeImageAccessor from sodium-common.mixins.json into com.mojang.blaze3d.platform.NativeImage
[18:37:11] [Render thread/DEBUG] [mixin/]: Mixing accessor.MouseHandlerAccessor from create.mixins.json into net.minecraft.client.MouseHandler
[18:37:11] [Render thread/DEBUG] [mixin/]: Mixing UnlockIMEKeyListener from imblocker-neoforge.mixins.json into net.minecraft.client.KeyboardHandler
[18:37:11] [Render thread/DEBUG] [mixin/]: Mixing KeyboardHandlerAccessor from imblocker-neoforge.mixins.json into net.minecraft.client.KeyboardHandler
[18:37:11] [Render thread/DEBUG] [mixin/]: imblocker-neoforge.mixins.json:UnlockIMEKeyListener from mod imblocker->@Inject::onKeyInvoked(JIIIILorg/spongepowered/asm/mixin/injection/callback/CallbackInfo;)V doesn't use it's CallbackInfo
[18:37:11] [Render thread/DEBUG] [mixin/]: imblocker-neoforge.mixins.json:UnlockIMEKeyListener from mod imblocker->@Inject::onKeyInvoked(JIIIILorg/spongepowered/asm/mixin/injection/callback/CallbackInfo;)V has 0 override(s) in child classes
[18:37:11] [Render thread/DEBUG] [mixin/]: imblocker-neoforge.mixins.json:UnlockIMEKeyListener from mod imblocker->@Inject::onKeyInvoked(JIIIILorg/spongepowered/asm/mixin/injection/callback/CallbackInfo;)V won't be passed a CallbackInfo as a result
[18:37:12] [Render thread/DEBUG] [ne.ne.fm.ModWorkManager/LOADING]: Using 12 threads for parallel mod-loading
[18:37:12] [Render thread/DEBUG] [ne.ne.fm.ja.FMLModContainer/LOADING]: Creating FMLModContainer instance for [org.sinytra.fabric.api_base.generated.GeneratedEntryPoint]
[18:37:12] [Render thread/DEBUG] [ne.ne.fm.ja.FMLModContainer/LOADING]: Creating FMLModContainer instance for [org.sinytra.fabric.renderer_api.generated.GeneratedEntryPoint]
[18:37:12] [Render thread/DEBUG] [ne.ne.fm.ja.FMLModContainer/LOADING]: Creating FMLModContainer instance for [snownee.jade.util.CommonProxy]
[18:37:12] [Render thread/DEBUG] [ne.ne.fm.ja.FMLModContainer/LOADING]: Creating FMLModContainer instance for [com.jesz.createdieselgenerators.CreateDieselGenerators]
[18:37:12] [Render thread/DEBUG] [ne.ne.fm.ja.FMLModContainer/LOADING]: Creating FMLModContainer instance for [org.antarcticgardens.cna.CreateNewAgeNeoForge, org.antarcticgardens.cna.CreateNewAgeClientNeoForge]
[18:37:12] [Render thread/DEBUG] [ne.ne.fm.ja.FMLModContainer/LOADING]: Creating FMLModContainer instance for [mezz.jei.neoforge.JustEnoughItems]
[18:37:12] [Render thread/DEBUG] [ne.ne.fm.ja.FMLModContainer/LOADING]: Creating FMLModContainer instance for [org.sinytra.fabric.rendering_data_attachment_v1.generated.GeneratedEntryPoint]
[18:37:12] [Render thread/DEBUG] [ne.ne.fm.ja.FMLModContainer/LOADING]: Creating FMLModContainer instance for [net.caffeinemc.mods.sodium.neoforge.SodiumForgeMod]
[18:37:12] [Render thread/DEBUG] [ne.ne.fm.ja.FMLModContainer/LOADING]: Creating FMLModContainer instance for [xaero.lib.XaeroLibNeoForge]
[18:37:12] [Render thread/DEBUG] [ne.ne.fm.ja.FMLModContainer/LOADING]: Creating FMLModContainer instance for []
[18:37:12] [Render thread/DEBUG] [ne.ne.fm.ja.FMLModContainer/LOADING]: Creating FMLModContainer instance for [dev.engine_room.flywheel.impl.FlywheelNeoForge]
[18:37:12] [Render thread/DEBUG] [ne.ne.fm.ja.FMLModContainer/LOADING]: Creating FMLModContainer instance for [net.createmod.ponder.NeoForgePonder, net.createmod.ponder.NeoForgePonderClient]
[18:37:12] [Render thread/DEBUG] [ne.ne.fm.ja.FMLModContainer/LOADING]: Creating FMLModContainer instance for [com.simibubi.create.Create, com.simibubi.create.CreateClient]
[18:37:12] [Render thread/DEBUG] [ne.ne.fm.ja.FMLModContainer/LOADING]: Creating FMLModContainer instance for [io.github.reserveword.imblocker.IMBlocker]
[18:37:12] [Render thread/DEBUG] [ne.ne.fm.ja.FMLModContainer/LOADING]: Creating FMLModContainer instance for [com.potatost.mod.PotatoST]
[18:37:12] [Render thread/DEBUG] [ne.ne.fm.ja.FMLModContainer/LOADING]: Creating FMLModContainer instance for [xaero.map.WorldMapNeoForge]
[18:37:12] [Render thread/DEBUG] [ne.ne.fm.ja.FMLModContainer/LOADING]: Creating FMLModContainer instance for [net.neoforged.neoforge.common.NeoForgeMod, net.neoforged.neoforge.client.ClientNeoForgeMod]
[18:37:12] [Render thread/DEBUG] [ne.ne.fm.ja.FMLModContainer/LOADING]: Creating FMLModContainer instance for [torcherino.Torcherino]
[18:37:12] [Render thread/DEBUG] [ne.ne.fm.ja.FMLModContainer/LOADING]: Creating FMLModContainer instance for [org.sinytra.fabric.block_view_api.generated.GeneratedEntryPoint]
[18:37:12] [Render thread/DEBUG] [ne.ne.fm.ja.FMLModContainer/LOADING]: Creating FMLModContainer instance for [org.antarcticgardens.esl.ESLNeoForge]
[18:37:12] [modloading-worker-0/DEBUG] [ne.ne.fm.ja.AutomaticEventSubscriber/LOADING]: Attempting to inject @EventBusSubscriber classes into the eventbus for fabric_api_base
[18:37:12] [modloading-worker-0/DEBUG] [ne.ne.fm.ja.AutomaticEventSubscriber/LOADING]: Attempting to inject @EventBusSubscriber classes into the eventbus for fabric_renderer_api_v1
[18:37:12] [modloading-worker-0/DEBUG] [ne.ne.fm.ja.AutomaticEventSubscriber/LOADING]: Attempting to inject @EventBusSubscriber classes into the eventbus for fabric_rendering_data_attachment_v1
[18:37:12] [modloading-worker-0/DEBUG] [ne.ne.fm.ja.AutomaticEventSubscriber/LOADING]: Attempting to inject @EventBusSubscriber classes into the eventbus for sablecompanion
[18:37:12] [modloading-worker-0/INFO] [or.an.cn.CreateNewAge/]: Hello 1.21.1 Create!
[18:37:12] [modloading-worker-0/DEBUG] [mixin/]: Mixing MixinRenderTypeAccessor from xaerolib.mixins.json into net.minecraft.client.renderer.RenderType
[18:37:12] [modloading-worker-0/DEBUG] [xa.li.XaeroLib/]: Loaded xaero.lib.platform.services.PlatformHelperNeoForge@5d67e02b for service interface xaero.lib.platform.services.IPlatformHelper
[18:37:12] [modloading-worker-0/DEBUG] [mixin/]: xaerolib.mixins.json:MixinRenderTypeAccessor from mod xaerolib: Class version 65 required is higher than the class version supported by the current version of Mixin (JAVA_17 supports class version 61)
[18:37:12] [modloading-worker-0/DEBUG] [mixin/]: Mixing client.accessor.RenderTypeAccessor from ponder-common.mixins.json into net.minecraft.client.renderer.RenderType
[18:37:12] [modloading-worker-0/DEBUG] [mixin/]: ponder-common.mixins.json:client.accessor.RenderTypeAccessor from mod ponder: Class version 65 required is higher than the class version supported by the current version of Mixin (JAVA_17 supports class version 61)
[18:37:12] [modloading-worker-0/DEBUG] [mixin/]: Renaming @Invoker method catnip$create(Ljava/lang/String;Lcom/mojang/blaze3d/vertex/VertexFormat;Lcom/mojang/blaze3d/vertex/VertexFormat$Mode;IZZLnet/minecraft/client/renderer/RenderType$CompositeState;)Lnet/minecraft/client/renderer/RenderType$CompositeRenderType; to catnip$create$ponder_$md$45b5b5$0 in ponder-common.mixins.json:client.accessor.RenderTypeAccessor from mod ponder
[18:37:12] [modloading-worker-0/DEBUG] [xa.ma.WorldMap/]: Loaded xaero.map.platform.services.NeoForgePlatformHelper@5fd4db37 for service interface xaero.map.platform.services.IPlatformHelper
[18:37:12] [modloading-worker-0/WARN] [io.gi.re.im.co.IMBlockerCore/]: [IMBlocker] Class com.enxv.aeronauticsstructuretool.ToolModeScreen not found, ignored.
[18:37:12] [modloading-worker-0/WARN] [io.gi.re.im.co.IMBlockerCore/]: [IMBlocker] Class net.mehvahdjukaar.supplementaries.client.screens.TextHolderEditScreen not found, ignored.
[18:37:12] [modloading-worker-0/WARN] [io.gi.re.im.co.IMBlockerCore/]: [IMBlocker] Class dev.simulated_team.simulated.content.blocks.nameplate.NameplateScreen not found, ignored.
[18:37:12] [modloading-worker-0/WARN] [io.gi.re.im.co.IMBlockerCore/]: [IMBlocker] Class me.desht.pneumaticcraft.client.gui.AphorismTileScreen not found, ignored.
[18:37:12] [modloading-worker-0/INFO] [io.gi.re.im.co.IMBlockerCore/]: [IMBlocker] bakelist screenWhitelist result [class com.simibubi.create.content.equipment.clipboard.ClipboardScreen, class net.minecraft.client.gui.screens.inventory.AbstractSignEditScreen, class net.minecraft.client.gui.screens.inventory.BookEditScreen]
[18:37:12] [modloading-worker-0/WARN] [io.gi.re.im.co.IMBlockerCore/]: [IMBlocker] Class journeymap.client.ui.fullscreen.Fullscreen not found, ignored.
[18:37:12] [modloading-worker-0/WARN] [io.gi.re.im.co.IMBlockerCore/]: [IMBlocker] Class net.pedroksl.advanced_ae.client.gui.QuantumCrafterConfigPatternScreen not found, ignored.
[18:37:12] [modloading-worker-0/INFO] [io.gi.re.im.co.IMBlockerCore/]: [IMBlocker] bakelist charSimulationScreens result []
[18:37:12] [modloading-worker-0/DEBUG] [ne.ne.fm.ja.AutomaticEventSubscriber/LOADING]: Attempting to inject @EventBusSubscriber classes into the eventbus for imblocker
[18:37:12] [modloading-worker-0/DEBUG] [ne.ne.fm.ja.AutomaticEventSubscriber/LOADING]: Attempting to inject @EventBusSubscriber classes into the eventbus for fabric_block_view_api_v2
[18:37:12] [modloading-worker-0/DEBUG] [ne.ne.fm.ja.AutomaticEventSubscriber/LOADING]: Attempting to inject @EventBusSubscriber classes into the eventbus for esl
[18:37:12] [modloading-worker-0/DEBUG] [mixin/]: Mixing features.gui.hooks.console.GameRendererMixin from sodium-common.mixins.json into net.minecraft.client.renderer.GameRenderer
[18:37:12] [modloading-worker-0/DEBUG] [mixin/]: Mixing client.accessor.GameRendererAccessor from ponder-common.mixins.json into net.minecraft.client.renderer.GameRenderer
[18:37:12] [modloading-worker-0/DEBUG] [mixin/]: ponder-common.mixins.json:client.accessor.GameRendererAccessor from mod ponder: Class version 65 required is higher than the class version supported by the current version of Mixin (JAVA_17 supports class version 61)
[18:37:12] [modloading-worker-0/DEBUG] [ne.ne.fm.co.ConfigTracker/CONFIG]: Config file jei-server.toml for jei tracking
[18:37:12] [modloading-worker-0/DEBUG] [mixin/]: Mixing client.GameRendererMixin from create.mixins.json into net.minecraft.client.renderer.GameRenderer
[18:37:12] [modloading-worker-0/DEBUG] [mixin/]: Mixing IMEOverlayRendererV2 from imblocker-neoforge.mixins.json into net.minecraft.client.renderer.GameRenderer
[18:37:12] [modloading-worker-0/DEBUG] [mixin/]: sodium-common.mixins.json:features.gui.hooks.console.GameRendererMixin from mod sodium->@Inject::onRender(Lnet/minecraft/client/DeltaTracker;ZLorg/spongepowered/asm/mixin/injection/callback/CallbackInfo;)V doesn't use it's CallbackInfo
[18:37:12] [modloading-worker-0/DEBUG] [mixin/]: sodium-common.mixins.json:features.gui.hooks.console.GameRendererMixin from mod sodium->@Inject::onRender(Lnet/minecraft/client/DeltaTracker;ZLorg/spongepowered/asm/mixin/injection/callback/CallbackInfo;)V has 0 override(s) in child classes
[18:37:12] [modloading-worker-0/DEBUG] [mixin/]: sodium-common.mixins.json:features.gui.hooks.console.GameRendererMixin from mod sodium->@Inject::onRender(Lnet/minecraft/client/DeltaTracker;ZLorg/spongepowered/asm/mixin/injection/callback/CallbackInfo;)V won't be passed a CallbackInfo as a result
[18:37:12] [modloading-worker-0/DEBUG] [mixin/]: create.mixins.json:client.GameRendererMixin from mod create->@Inject::create$bigShapePick(Lorg/spongepowered/asm/mixin/injection/callback/CallbackInfo;)V doesn't use it's CallbackInfo
[18:37:12] [modloading-worker-0/DEBUG] [mixin/]: create.mixins.json:client.GameRendererMixin from mod create->@Inject::create$bigShapePick(Lorg/spongepowered/asm/mixin/injection/callback/CallbackInfo;)V has 0 override(s) in child classes
[18:37:12] [modloading-worker-0/DEBUG] [mixin/]: create.mixins.json:client.GameRendererMixin from mod create->@Inject::create$bigShapePick(Lorg/spongepowered/asm/mixin/injection/callback/CallbackInfo;)V won't be passed a CallbackInfo as a result
[18:37:12] [modloading-worker-0/DEBUG] [ne.ne.fm.co.ConfigTracker/CONFIG]: Config file flywheel-client.toml for flywheel tracking
[18:37:12] [modloading-worker-0/DEBUG] [ne.ne.ne.in.ve.ne.NeoForgeVersion/CORE]: Found NeoForge version 21.1.235
[18:37:12] [modloading-worker-0/DEBUG] [ne.ne.ne.in.ve.ne.NeoForgeVersion/CORE]: Found FML version 4.0.42
[18:37:12] [modloading-worker-0/INFO] [ne.ne.ne.co.NeoForgeMod/NEOFORGE-MOD]: NeoForge mod loading, version 21.1.235, for MC 1.21.1
[18:37:12] [modloading-worker-0/DEBUG] [mixin/]: Mixing features.shader.uniform.ShaderInstanceMixin from sodium-common.mixins.json into net.minecraft.client.renderer.ShaderInstance
[18:37:12] [modloading-worker-0/DEBUG] [ne.ne.fm.ja.AutomaticEventSubscriber/LOADING]: Attempting to inject @EventBusSubscriber classes into the eventbus for torcherino
[18:37:12] [modloading-worker-0/DEBUG] [ne.ne.fm.ja.AutomaticEventSubscriber/LOADING]: Scanning class torcherino.network.Networking for @SubscribeEvent-annotated methods
[18:37:12] [modloading-worker-0/DEBUG] [mixin/]: sodium-common.mixins.json:features.shader.uniform.ShaderInstanceMixin from mod sodium->@Inject::initCache(Lorg/spongepowered/asm/mixin/injection/callback/CallbackInfo;)V doesn't use it's CallbackInfo
[18:37:12] [modloading-worker-0/DEBUG] [mixin/]: sodium-common.mixins.json:features.shader.uniform.ShaderInstanceMixin from mod sodium->@Inject::initCache(Lorg/spongepowered/asm/mixin/injection/callback/CallbackInfo;)V has 0 override(s) in child classes
[18:37:12] [modloading-worker-0/DEBUG] [mixin/]: sodium-common.mixins.json:features.shader.uniform.ShaderInstanceMixin from mod sodium->@Inject::initCache(Lorg/spongepowered/asm/mixin/injection/callback/CallbackInfo;)V won't be passed a CallbackInfo as a result
[18:37:12] [modloading-worker-0/DEBUG] [ne.ne.fm.ja.AutomaticEventSubscriber/]: Subscribing @EventBusSubscriber class Ltorcherino/network/Networking; to the mod event bus of mod torcherino
[18:37:12] [modloading-worker-0/DEBUG] [ne.ne.fm.ja.AutomaticEventSubscriber/LOADING]: Scanning class torcherino.ModContent for @SubscribeEvent-annotated methods
[18:37:12] [modloading-worker-0/DEBUG] [ne.ne.fm.ja.AutomaticEventSubscriber/]: Subscribing @EventBusSubscriber class Ltorcherino/ModContent; to the mod event bus of mod torcherino
[18:37:12] [modloading-worker-0/DEBUG] [ne.ne.fm.ja.AutomaticEventSubscriber/LOADING]: Scanning class torcherino.ClientHelper for @SubscribeEvent-annotated methods
[18:37:12] [modloading-worker-0/DEBUG] [ne.ne.fm.ja.AutomaticEventSubscriber/]: Subscribing @EventBusSubscriber class Ltorcherino/ClientHelper; to the mod event bus of mod torcherino
[18:37:12] [modloading-worker-0/DEBUG] [ne.ne.fm.ja.AutomaticEventSubscriber/LOADING]: Attempting to inject @EventBusSubscriber classes into the eventbus for jade
[18:37:12] [modloading-worker-0/DEBUG] [mixin/]: Mixing accessor.BlockLootSubProviderAccessor from create.mixins.json into net.minecraft.data.loot.BlockLootSubProvider
[18:37:12] [modloading-worker-0/DEBUG] [ne.ne.fm.co.ConfigTracker/CONFIG]: Config file neoforge-client.toml for neoforge tracking
[18:37:12] [modloading-worker-0/DEBUG] [ne.ne.fm.co.ConfigTracker/CONFIG]: Config file neoforge-server.toml for neoforge tracking
[18:37:12] [modloading-worker-0/DEBUG] [ne.ne.fm.co.ConfigTracker/CONFIG]: Config file neoforge-common.toml for neoforge tracking
[18:37:12] [modloading-worker-0/DEBUG] [mixin/]: Mixing client.SpriteAtlasTextureMixin from fabric-renderer-api-v1.mixins.json into net.minecraft.client.renderer.texture.TextureAtlas
[18:37:12] [modloading-worker-0/DEBUG] [mixin/]: Mixing core.render.TextureAtlasMixin from sodium-common.mixins.json into net.minecraft.client.renderer.texture.TextureAtlas
[18:37:12] [modloading-worker-0/DEBUG] [mixin/]: Mixing core.render.texture.TextureAtlasAccessor from sodium-common.mixins.json into net.minecraft.client.renderer.texture.TextureAtlas
[18:37:12] [modloading-worker-0/DEBUG] [mixin/]: Mixing features.textures.animations.tracking.TextureAtlasMixin from sodium-common.mixins.json into net.minecraft.client.renderer.texture.TextureAtlas
[18:37:12] [modloading-worker-0/DEBUG] [mixin/]: fabric-renderer-api-v1.mixins.json:client.SpriteAtlasTextureMixin from mod fabric_renderer_api_v1->@Inject::uploadHook(Lnet/minecraft/client/renderer/texture/SpriteLoader$Preparations;Lorg/spongepowered/asm/mixin/injection/callback/CallbackInfo;)V doesn't use it's CallbackInfo
[18:37:12] [modloading-worker-0/DEBUG] [mixin/]: fabric-renderer-api-v1.mixins.json:client.SpriteAtlasTextureMixin from mod fabric_renderer_api_v1->@Inject::uploadHook(Lnet/minecraft/client/renderer/texture/SpriteLoader$Preparations;Lorg/spongepowered/asm/mixin/injection/callback/CallbackInfo;)V has 0 override(s) in child classes
[18:37:12] [modloading-worker-0/DEBUG] [mixin/]: fabric-renderer-api-v1.mixins.json:client.SpriteAtlasTextureMixin from mod fabric_renderer_api_v1->@Inject::uploadHook(Lnet/minecraft/client/renderer/texture/SpriteLoader$Preparations;Lorg/spongepowered/asm/mixin/injection/callback/CallbackInfo;)V won't be passed a CallbackInfo as a result
[18:37:12] [modloading-worker-0/DEBUG] [mixin/]: sodium-common.mixins.json:core.render.TextureAtlasMixin from mod sodium->@Inject::sodium$deleteSpriteFinder(Lnet/minecraft/client/renderer/texture/SpriteLoader$Preparations;Lorg/spongepowered/asm/mixin/injection/callback/CallbackInfo;)V doesn't use it's CallbackInfo
[18:37:12] [modloading-worker-0/DEBUG] [mixin/]: sodium-common.mixins.json:core.render.TextureAtlasMixin from mod sodium->@Inject::sodium$deleteSpriteFinder(Lnet/minecraft/client/renderer/texture/SpriteLoader$Preparations;Lorg/spongepowered/asm/mixin/injection/callback/CallbackInfo;)V has 0 override(s) in child classes
[18:37:12] [modloading-worker-0/DEBUG] [mixin/]: sodium-common.mixins.json:core.render.TextureAtlasMixin from mod sodium->@Inject::sodium$deleteSpriteFinder(Lnet/minecraft/client/renderer/texture/SpriteLoader$Preparations;Lorg/spongepowered/asm/mixin/injection/callback/CallbackInfo;)V won't be passed a CallbackInfo as a result
[18:37:12] [modloading-worker-0/DEBUG] [mixin/]: sodium-common.mixins.json:features.textures.animations.tracking.TextureAtlasMixin from mod sodium->@Inject::preReturnSprite(Lorg/spongepowered/asm/mixin/injection/callback/CallbackInfoReturnable;)V does use it's CallbackInfoReturnable
[18:37:12] [modloading-worker-0/DEBUG] [ne.ne.fm.ja.AutomaticEventSubscriber/LOADING]: Attempting to inject @EventBusSubscriber classes into the eventbus for flywheel
[18:37:12] [modloading-worker-0/DEBUG] [mixin/]: Mixing core.render.VertexFormatMixin from sodium-common.mixins.json into com.mojang.blaze3d.vertex.VertexFormat
[18:37:12] [modloading-worker-0/DEBUG] [mixin/]: sodium-common.mixins.json:core.render.VertexFormatMixin from mod sodium->@Inject::afterInit(Ljava/util/List;Ljava/util/List;Lit/unimi/dsi/fastutil/ints/IntList;ILorg/spongepowered/asm/mixin/injection/callback/CallbackInfo;)V doesn't use it's CallbackInfo
[18:37:12] [modloading-worker-0/DEBUG] [mixin/]: sodium-common.mixins.json:core.render.VertexFormatMixin from mod sodium->@Inject::afterInit(Ljava/util/List;Ljava/util/List;Lit/unimi/dsi/fastutil/ints/IntList;ILorg/spongepowered/asm/mixin/injection/callback/CallbackInfo;)V has 0 override(s) in child classes
[18:37:12] [modloading-worker-0/DEBUG] [mixin/]: sodium-common.mixins.json:core.render.VertexFormatMixin from mod sodium->@Inject::afterInit(Ljava/util/List;Ljava/util/List;Lit/unimi/dsi/fastutil/ints/IntList;ILorg/spongepowered/asm/mixin/injection/callback/CallbackInfo;)V won't be passed a CallbackInfo as a result
[18:37:12] [modloading-worker-0/INFO] [xa.ma.WorldMap/]: Registering common data for channel xaeroworldmap:main!
[18:37:12] [modloading-worker-0/DEBUG] [me.je.co.pl.Services/]: Loaded mezz.jei.neoforge.platform.PlatformHelper@78398dac for service interface mezz.jei.common.platform.IPlatformHelper
[18:37:12] [modloading-worker-0/DEBUG] [ne.ne.fm.co.ConfigTracker/CONFIG]: Config file ponder-client.toml for ponder tracking
[18:37:12] [modloading-worker-0/DEBUG] [ne.ne.fm.ja.AutomaticEventSubscriber/LOADING]: Attempting to inject @EventBusSubscriber classes into the eventbus for ponder
[18:37:12] [modloading-worker-0/DEBUG] [ne.ne.fm.ja.AutomaticEventSubscriber/LOADING]: Scanning class net.createmod.ponder.NeoForgePonderClient$ClientEvents for @SubscribeEvent-annotated methods
[18:37:12] [modloading-worker-0/DEBUG] [ne.ne.fm.ja.AutomaticEventSubscriber/]: Subscribing @EventBusSubscriber class Lnet/createmod/ponder/NeoForgePonderClient$ClientEvents; to the game event bus
[18:37:12] [modloading-worker-0/DEBUG] [me.je.co.co.fi.ConfigSerializer/]: Loading config file: E:\PotatoST\run\client\config\jei\jei-debug.ini
[18:37:12] [modloading-worker-0/DEBUG] [ne.ne.fm.ja.AutomaticEventSubscriber/LOADING]: Scanning class net.createmod.ponder.NeoForgePonder$ModBusEvents for @SubscribeEvent-annotated methods
[18:37:12] [modloading-worker-0/DEBUG] [ne.ne.fm.ja.AutomaticEventSubscriber/]: Subscribing @EventBusSubscriber class Lnet/createmod/ponder/NeoForgePonder$ModBusEvents; to the mod event bus of mod ponder
[18:37:12] [modloading-worker-0/DEBUG] [me.je.co.co.fi.ConfigSchema/]: Localization has not loaded yet, waiting to save the config file until JEI starts.
[18:37:12] [modloading-worker-0/DEBUG] [ne.ne.fm.ja.AutomaticEventSubscriber/LOADING]: Scanning class net.createmod.ponder.NeoForgePonder$Events for @SubscribeEvent-annotated methods
[18:37:12] [modloading-worker-0/DEBUG] [ne.ne.fm.ja.AutomaticEventSubscriber/]: Subscribing @EventBusSubscriber class Lnet/createmod/ponder/NeoForgePonder$Events; to the game event bus
[18:37:12] [modloading-worker-0/DEBUG] [ne.ne.fm.ja.AutomaticEventSubscriber/LOADING]: Scanning class net.createmod.ponder.NeoForgePonderClient$ModBusClientEvents for @SubscribeEvent-annotated methods
[18:37:12] [modloading-worker-0/DEBUG] [ne.ne.fm.ja.AutomaticEventSubscriber/]: Subscribing @EventBusSubscriber class Lnet/createmod/ponder/NeoForgePonderClient$ModBusClientEvents; to the mod event bus of mod ponder
[18:37:12] [modloading-worker-0/DEBUG] [me.je.co.co.fi.ConfigSerializer/]: Loading config file: E:\PotatoST\run\client\config\jei\jei-mod-id-format.ini
[18:37:12] [modloading-worker-0/DEBUG] [mixin/]: Mixing features.render.frapi.ItemRendererAccessor from sodium-common.mixins.json into net.minecraft.client.renderer.entity.ItemRenderer
[18:37:12] [modloading-worker-0/DEBUG] [mixin/]: Renaming @Invoker method sodium$hasAnimatedTexture(Lnet/minecraft/world/item/ItemStack;)Z to hasAnimatedTexture$sodium_$md$45b5b5$0 in sodium-common.mixins.json:features.render.frapi.ItemRendererAccessor from mod sodium
[18:37:12] [modloading-worker-0/DEBUG] [mixin/]: Mixing features.render.frapi.ItemRendererMixin from sodium-common.mixins.json into net.minecraft.client.renderer.entity.ItemRenderer
[18:37:12] [modloading-worker-0/DEBUG] [mixin/]: Renaming synthetic method lambda$new$0()Lnet/caffeinemc/mods/sodium/client/render/frapi/render/ItemRenderContext; to md45b5b5$sodium$lambda$new$0$1 in sodium-common.mixins.json:features.render.frapi.ItemRendererMixin from mod sodium
[18:37:12] [modloading-worker-0/DEBUG] [mixin/]: Mixing features.render.model.item.ItemRendererMixin from sodium-common.mixins.json into net.minecraft.client.renderer.entity.ItemRenderer
[18:37:12] [modloading-worker-0/DEBUG] [mixin/]: Mixing client.accessor.ItemRendererAccessor from ponder-common.mixins.json into net.minecraft.client.renderer.entity.ItemRenderer
[18:37:12] [modloading-worker-0/DEBUG] [mixin/]: ponder-common.mixins.json:client.accessor.ItemRendererAccessor from mod ponder: Class version 65 required is higher than the class version supported by the current version of Mixin (JAVA_17 supports class version 61)
[18:37:12] [modloading-worker-0/DEBUG] [mixin/]: sodium-common.mixins.json:features.render.frapi.ItemRendererMixin from mod sodium->@Inject::beforeRenderItem(Lnet/minecraft/world/item/ItemStack;Lnet/minecraft/world/item/ItemDisplayContext;ZLcom/mojang/blaze3d/vertex/PoseStack;Lnet/minecraft/client/renderer/MultiBufferSource;IILnet/minecraft/client/resources/model/BakedModel;Lorg/spongepowered/asm/mixin/injection/callback/CallbackInfo;)V does use it's CallbackInfo
[18:37:12] [modloading-worker-0/INFO] [co.si.cr.Create/]: Create 6.0.10 initializing! Commit hash: ac0c444d9828da3453ae8cc65338e8de063286fb
[18:37:12] [modloading-worker-0/DEBUG] [me.je.co.co.fi.ConfigSchema/]: Localization has not loaded yet, waiting to save the config file until JEI starts.
[18:37:12] [modloading-worker-0/DEBUG] [me.je.co.co.fi.ConfigSerializer/]: Loading config file: E:\PotatoST\run\client\config\jei\jei-colors.ini
[18:37:12] [modloading-worker-0/DEBUG] [me.je.co.co.fi.ConfigSchema/]: Localization has not loaded yet, waiting to save the config file until JEI starts.
[18:37:12] [modloading-worker-0/DEBUG] [ne.ne.fm.ja.AutomaticEventSubscriber/LOADING]: Attempting to inject @EventBusSubscriber classes into the eventbus for neoforge
[18:37:12] [modloading-worker-0/DEBUG] [ne.ne.fm.ja.AutomaticEventSubscriber/LOADING]: Scanning class net.neoforged.neoforge.server.command.ConfigCommand for @SubscribeEvent-annotated methods
[18:37:12] [modloading-worker-0/DEBUG] [ne.ne.fm.ja.AutomaticEventSubscriber/]: Subscribing @EventBusSubscriber class Lnet/neoforged/neoforge/server/command/ConfigCommand; to the game event bus
[18:37:12] [modloading-worker-0/INFO] [xa.ma.WorldMap/]: Registering client data for channel xaeroworldmap:main!
[18:37:12] [modloading-worker-0/DEBUG] [ne.ne.fm.ja.AutomaticEventSubscriber/LOADING]: Scanning class net.neoforged.neoforge.network.NetworkInitialization for @SubscribeEvent-annotated methods
[18:37:12] [modloading-worker-0/DEBUG] [ne.ne.fm.ja.AutomaticEventSubscriber/]: Subscribing @EventBusSubscriber class Lnet/neoforged/neoforge/network/NetworkInitialization; to the mod event bus of mod neoforge
[18:37:12] [modloading-worker-0/DEBUG] [ne.ne.fm.ja.AutomaticEventSubscriber/LOADING]: Attempting to inject @EventBusSubscriber classes into the eventbus for potato_s_t
[18:37:12] [modloading-worker-0/DEBUG] [ne.ne.fm.ja.AutomaticEventSubscriber/LOADING]: Scanning class com.potatost.mod.GasTankExplosionHandler for @SubscribeEvent-annotated methods
[18:37:12] [modloading-worker-0/DEBUG] [ne.ne.fm.ja.AutomaticEventSubscriber/LOADING]: Scanning class net.neoforged.neoforge.network.filters.GenericPacketSplitter for @SubscribeEvent-annotated methods
[18:37:12] [modloading-worker-0/DEBUG] [ne.ne.fm.ja.AutomaticEventSubscriber/]: Subscribing @EventBusSubscriber class Lcom/potatost/mod/GasTankExplosionHandler; to the game event bus
[18:37:12] [modloading-worker-0/DEBUG] [ne.ne.fm.ja.AutomaticEventSubscriber/LOADING]: Scanning class com.potatost.mod.ModArmorSet for @SubscribeEvent-annotated methods
[18:37:12] [modloading-worker-0/DEBUG] [ne.ne.fm.ja.AutomaticEventSubscriber/]: Subscribing @EventBusSubscriber class Lcom/potatost/mod/ModArmorSet; to the game event bus
[18:37:12] [modloading-worker-0/DEBUG] [ne.ne.fm.ja.AutomaticEventSubscriber/LOADING]: Scanning class com.potatost.mod.ModEvents for @SubscribeEvent-annotated methods
[18:37:12] [modloading-worker-0/DEBUG] [mixin/]: Mixing core.render.world.LevelRendererMixin from sodium-common.mixins.json into net.minecraft.client.renderer.LevelRenderer
[18:37:12] [modloading-worker-0/DEBUG] [mixin/]: Mixing features.options.weather.LevelRendererMixin from sodium-common.mixins.json into net.minecraft.client.renderer.LevelRenderer
[18:37:12] [modloading-worker-0/DEBUG] [mixin/]: Mixing features.render.gui.outlines.LevelRendererMixin from sodium-common.mixins.json into net.minecraft.client.renderer.LevelRenderer
[18:37:12] [modloading-worker-0/DEBUG] [mixin/]: Mixing features.render.world.clouds.LevelRendererMixin from sodium-common.mixins.json into net.minecraft.client.renderer.LevelRenderer
[18:37:12] [modloading-worker-0/DEBUG] [mixin/]: Mixing features.render.world.sky.LevelRendererMixin from sodium-common.mixins.json into net.minecraft.client.renderer.LevelRenderer
[18:37:12] [modloading-worker-0/DEBUG] [mixin/]: Mixing LevelRendererAccessor from flywheel.backend.mixins.json into net.minecraft.client.renderer.LevelRenderer
[18:37:12] [modloading-worker-0/DEBUG] [mixin/]: Mixing fix.FixFabulousDepthMixin from flywheel.impl.mixins.json into net.minecraft.client.renderer.LevelRenderer
[18:37:12] [modloading-worker-0/DEBUG] [mixin/]: Mixing visualmanage.LevelRendererMixin from flywheel.impl.mixins.json into net.minecraft.client.renderer.LevelRenderer
[18:37:12] [modloading-worker-0/DEBUG] [mixin/]: Mixing accessor.LevelRendererAccessor from create.mixins.json into net.minecraft.client.renderer.LevelRenderer
[18:37:12] [modloading-worker-0/DEBUG] [mixin/]: Mixing client.LevelRendererMixin from create.mixins.json into net.minecraft.client.renderer.LevelRenderer
[18:37:12] [modloading-worker-0/DEBUG] [mixin/]: Renaming synthetic method lambda$create$onDestroyBlockProgress$0(J)Ljava/util/SortedSet; to md45b5b5$create$lambda$create$onDestroyBlockProgress$0$0 in create.mixins.json:client.LevelRendererMixin from mod create
[18:37:12] [modloading-worker-0/DEBUG] [mixin/]: Mixing LevelRendererMixin from flywheel.impl.mixins.json into net.minecraft.client.renderer.LevelRenderer
[18:37:12] [modloading-worker-0/DEBUG] [mixin/]: sodium-common.mixins.json:core.render.world.LevelRendererMixin from mod sodium->@Inject::init(Lnet/minecraft/client/Minecraft;Lnet/minecraft/client/renderer/entity/EntityRenderDispatcher;Lnet/minecraft/client/renderer/blockentity/BlockEntityRenderDispatcher;Lnet/minecraft/client/renderer/RenderBuffers;Lorg/spongepowered/asm/mixin/injection/callback/CallbackInfo;)V doesn't use it's CallbackInfo
[18:37:12] [modloading-worker-0/DEBUG] [mixin/]: sodium-common.mixins.json:core.render.world.LevelRendererMixin from mod sodium->@Inject::init(Lnet/minecraft/client/Minecraft;Lnet/minecraft/client/renderer/entity/EntityRenderDispatcher;Lnet/minecraft/client/renderer/blockentity/BlockEntityRenderDispatcher;Lnet/minecraft/client/renderer/RenderBuffers;Lorg/spongepowered/asm/mixin/injection/callback/CallbackInfo;)V has 0 override(s) in child classes
[18:37:12] [modloading-worker-0/DEBUG] [mixin/]: sodium-common.mixins.json:core.render.world.LevelRendererMixin from mod sodium->@Inject::init(Lnet/minecraft/client/Minecraft;Lnet/minecraft/client/renderer/entity/EntityRenderDispatcher;Lnet/minecraft/client/renderer/blockentity/BlockEntityRenderDispatcher;Lnet/minecraft/client/renderer/RenderBuffers;Lorg/spongepowered/asm/mixin/injection/callback/CallbackInfo;)V won't be passed a CallbackInfo as a result
[18:37:12] [modloading-worker-0/DEBUG] [mixin/]: sodium-common.mixins.json:core.render.world.LevelRendererMixin from mod sodium->@Inject::onWorldChanged(Lnet/minecraft/client/multiplayer/ClientLevel;Lorg/spongepowered/asm/mixin/injection/callback/CallbackInfo;)V doesn't use it's CallbackInfo
[18:37:12] [modloading-worker-0/DEBUG] [mixin/]: sodium-common.mixins.json:core.render.world.LevelRendererMixin from mod sodium->@Inject::onWorldChanged(Lnet/minecraft/client/multiplayer/ClientLevel;Lorg/spongepowered/asm/mixin/injection/callback/CallbackInfo;)V has 0 override(s) in child classes
[18:37:12] [modloading-worker-0/DEBUG] [mixin/]: sodium-common.mixins.json:core.render.world.LevelRendererMixin from mod sodium->@Inject::onWorldChanged(Lnet/minecraft/client/multiplayer/ClientLevel;Lorg/spongepowered/asm/mixin/injection/callback/CallbackInfo;)V won't be passed a CallbackInfo as a result
[18:37:12] [modloading-worker-0/DEBUG] [mixin/]: sodium-common.mixins.json:core.render.world.LevelRendererMixin from mod sodium->@Inject::onTerrainUpdateScheduled(Lorg/spongepowered/asm/mixin/injection/callback/CallbackInfo;)V doesn't use it's CallbackInfo
[18:37:12] [modloading-worker-0/DEBUG] [mixin/]: sodium-common.mixins.json:core.render.world.LevelRendererMixin from mod sodium->@Inject::onTerrainUpdateScheduled(Lorg/spongepowered/asm/mixin/injection/callback/CallbackInfo;)V has 0 override(s) in child classes
[18:37:12] [modloading-worker-0/DEBUG] [mixin/]: sodium-common.mixins.json:core.render.world.LevelRendererMixin from mod sodium->@Inject::onTerrainUpdateScheduled(Lorg/spongepowered/asm/mixin/injection/callback/CallbackInfo;)V won't be passed a CallbackInfo as a result
[18:37:12] [modloading-worker-0/DEBUG] [mixin/]: sodium-common.mixins.json:core.render.world.LevelRendererMixin from mod sodium->@Inject::onReload(Lorg/spongepowered/asm/mixin/injection/callback/CallbackInfo;)V doesn't use it's CallbackInfo
[18:37:12] [modloading-worker-0/DEBUG] [mixin/]: sodium-common.mixins.json:core.render.world.LevelRendererMixin from mod sodium->@Inject::onReload(Lorg/spongepowered/asm/mixin/injection/callback/CallbackInfo;)V has 0 override(s) in child classes
[18:37:12] [modloading-worker-0/DEBUG] [mixin/]: sodium-common.mixins.json:core.render.world.LevelRendererMixin from mod sodium->@Inject::onReload(Lorg/spongepowered/asm/mixin/injection/callback/CallbackInfo;)V won't be passed a CallbackInfo as a result
[18:37:12] [modloading-worker-0/DEBUG] [mixin/]: sodium-common.mixins.json:core.render.world.LevelRendererMixin from mod sodium->@Inject::onRenderBlockEntities(Lnet/minecraft/client/DeltaTracker;ZLnet/minecraft/client/Camera;Lnet/minecraft/client/renderer/GameRenderer;Lnet/minecraft/client/renderer/LightTexture;Lorg/joml/Matrix4f;Lorg/joml/Matrix4f;Lorg/spongepowered/asm/mixin/injection/callback/CallbackInfo;)V doesn't use it's CallbackInfo
[18:37:12] [modloading-worker-0/DEBUG] [mixin/]: sodium-common.mixins.json:core.render.world.LevelRendererMixin from mod sodium->@Inject::onRenderBlockEntities(Lnet/minecraft/client/DeltaTracker;ZLnet/minecraft/client/Camera;Lnet/minecraft/client/renderer/GameRenderer;Lnet/minecraft/client/renderer/LightTexture;Lorg/joml/Matrix4f;Lorg/joml/Matrix4f;Lorg/spongepowered/asm/mixin/injection/callback/CallbackInfo;)V has 0 override(s) in child classes
[18:37:12] [modloading-worker-0/DEBUG] [mixin/]: sodium-common.mixins.json:core.render.world.LevelRendererMixin from mod sodium->@Inject::onRenderBlockEntities(Lnet/minecraft/client/DeltaTracker;ZLnet/minecraft/client/Camera;Lnet/minecraft/client/renderer/GameRenderer;Lnet/minecraft/client/renderer/LightTexture;Lorg/joml/Matrix4f;Lorg/joml/Matrix4f;Lorg/spongepowered/asm/mixin/injection/callback/CallbackInfo;)V won't be passed a CallbackInfo as a result
[18:37:12] [modloading-worker-0/DEBUG] [mixin/]: sodium-common.mixins.json:core.render.world.LevelRendererMixin from mod sodium->@Inject::replaceBlockEntityIteration(Ljava/util/function/Consumer;Lorg/spongepowered/asm/mixin/injection/callback/CallbackInfo;)V does use it's CallbackInfo
[18:37:12] [modloading-worker-0/DEBUG] [mixin/]: sodium-common.mixins.json:features.render.gui.outlines.LevelRendererMixin from mod sodium->@Inject::drawBoxFast(Lcom/mojang/blaze3d/vertex/PoseStack;Lcom/mojang/blaze3d/vertex/VertexConsumer;DDDDDDFFFFFFFLorg/spongepowered/asm/mixin/injection/callback/CallbackInfo;)V does use it's CallbackInfo
[18:37:12] [modloading-worker-0/DEBUG] [mixin/]: sodium-common.mixins.json:features.render.world.clouds.LevelRendererMixin from mod sodium->@Inject::renderClouds(Lcom/mojang/blaze3d/vertex/PoseStack;Lorg/joml/Matrix4f;Lorg/joml/Matrix4f;FDDDLorg/spongepowered/asm/mixin/injection/callback/CallbackInfo;)V does use it's CallbackInfo
[18:37:12] [modloading-worker-0/DEBUG] [mixin/]: sodium-common.mixins.json:features.render.world.clouds.LevelRendererMixin from mod sodium->@Inject::onReload(Lnet/minecraft/server/packs/resources/ResourceManager;Lorg/spongepowered/asm/mixin/injection/callback/CallbackInfo;)V doesn't use it's CallbackInfo
[18:37:12] [modloading-worker-0/DEBUG] [mixin/]: sodium-common.mixins.json:features.render.world.clouds.LevelRendererMixin from mod sodium->@Inject::onReload(Lnet/minecraft/server/packs/resources/ResourceManager;Lorg/spongepowered/asm/mixin/injection/callback/CallbackInfo;)V has 0 override(s) in child classes
[18:37:12] [modloading-worker-0/DEBUG] [mixin/]: sodium-common.mixins.json:features.render.world.clouds.LevelRendererMixin from mod sodium->@Inject::onReload(Lnet/minecraft/server/packs/resources/ResourceManager;Lorg/spongepowered/asm/mixin/injection/callback/CallbackInfo;)V won't be passed a CallbackInfo as a result
[18:37:12] [modloading-worker-0/DEBUG] [mixin/]: sodium-common.mixins.json:features.render.world.clouds.LevelRendererMixin from mod sodium->@Inject::onReload(Lorg/spongepowered/asm/mixin/injection/callback/CallbackInfo;)V doesn't use it's CallbackInfo
[18:37:12] [modloading-worker-0/DEBUG] [mixin/]: sodium-common.mixins.json:features.render.world.clouds.LevelRendererMixin from mod sodium->@Inject::onReload(Lorg/spongepowered/asm/mixin/injection/callback/CallbackInfo;)V has 0 override(s) in child classes
[18:37:12] [modloading-worker-0/DEBUG] [mixin/]: sodium-common.mixins.json:features.render.world.clouds.LevelRendererMixin from mod sodium->@Inject::onReload(Lorg/spongepowered/asm/mixin/injection/callback/CallbackInfo;)V won't be passed a CallbackInfo as a result
[18:37:12] [modloading-worker-0/DEBUG] [mixin/]: sodium-common.mixins.json:features.render.world.clouds.LevelRendererMixin from mod sodium->@Inject::onClose(Lorg/spongepowered/asm/mixin/injection/callback/CallbackInfo;)V doesn't use it's CallbackInfo
[18:37:12] [modloading-worker-0/DEBUG] [mixin/]: sodium-common.mixins.json:features.render.world.clouds.LevelRendererMixin from mod sodium->@Inject::onClose(Lorg/spongepowered/asm/mixin/injection/callback/CallbackInfo;)V has 0 override(s) in child classes
[18:37:12] [modloading-worker-0/DEBUG] [mixin/]: sodium-common.mixins.json:features.render.world.clouds.LevelRendererMixin from mod sodium->@Inject::onClose(Lorg/spongepowered/asm/mixin/injection/callback/CallbackInfo;)V won't be passed a CallbackInfo as a result
[18:37:12] [modloading-worker-0/DEBUG] [mixin/]: sodium-common.mixins.json:features.render.world.sky.LevelRendererMixin from mod sodium->@Inject::preRenderSky(Lorg/joml/Matrix4f;Lorg/joml/Matrix4f;FLnet/minecraft/client/Camera;ZLjava/lang/Runnable;Lorg/spongepowered/asm/mixin/injection/callback/CallbackInfo;)V does use it's CallbackInfo
[18:37:12] [modloading-worker-0/DEBUG] [mixin/]: flywheel.impl.mixins.json:fix.FixFabulousDepthMixin from mod flywheel->@Inject::flywheel$disableTransparencyShaderDepth(Lorg/spongepowered/asm/mixin/injection/callback/CallbackInfo;)V doesn't use it's CallbackInfo
[18:37:12] [modloading-worker-0/DEBUG] [mixin/]: flywheel.impl.mixins.json:fix.FixFabulousDepthMixin from mod flywheel->@Inject::flywheel$disableTransparencyShaderDepth(Lorg/spongepowered/asm/mixin/injection/callback/CallbackInfo;)V has 0 override(s) in child classes
[18:37:12] [modloading-worker-0/DEBUG] [mixin/]: flywheel.impl.mixins.json:fix.FixFabulousDepthMixin from mod flywheel->@Inject::flywheel$disableTransparencyShaderDepth(Lorg/spongepowered/asm/mixin/injection/callback/CallbackInfo;)V won't be passed a CallbackInfo as a result
[18:37:12] [modloading-worker-0/DEBUG] [mixin/]: flywheel.impl.mixins.json:visualmanage.LevelRendererMixin from mod flywheel->@Inject::flywheel$checkUpdate(Lnet/minecraft/core/BlockPos;Lnet/minecraft/world/level/block/state/BlockState;Lnet/minecraft/world/level/block/state/BlockState;Lorg/spongepowered/asm/mixin/injection/callback/CallbackInfo;)V doesn't use it's CallbackInfo
[18:37:12] [modloading-worker-0/DEBUG] [mixin/]: flywheel.impl.mixins.json:visualmanage.LevelRendererMixin from mod flywheel->@Inject::flywheel$checkUpdate(Lnet/minecraft/core/BlockPos;Lnet/minecraft/world/level/block/state/BlockState;Lnet/minecraft/world/level/block/state/BlockState;Lorg/spongepowered/asm/mixin/injection/callback/CallbackInfo;)V has 0 override(s) in child classes
[18:37:12] [modloading-worker-0/DEBUG] [mixin/]: flywheel.impl.mixins.json:visualmanage.LevelRendererMixin from mod flywheel->@Inject::flywheel$checkUpdate(Lnet/minecraft/core/BlockPos;Lnet/minecraft/world/level/block/state/BlockState;Lnet/minecraft/world/level/block/state/BlockState;Lorg/spongepowered/asm/mixin/injection/callback/CallbackInfo;)V won't be passed a CallbackInfo as a result
[18:37:12] [modloading-worker-0/DEBUG] [mixin/]: create.mixins.json:client.LevelRendererMixin from mod create->@Inject::create$onDestroyBlockProgress(ILnet/minecraft/core/BlockPos;ILorg/spongepowered/asm/mixin/injection/callback/CallbackInfo;Lnet/minecraft/server/level/BlockDestructionProgress;)V doesn't use it's CallbackInfo
[18:37:12] [modloading-worker-0/DEBUG] [mixin/]: create.mixins.json:client.LevelRendererMixin from mod create->@Inject::create$onDestroyBlockProgress(ILnet/minecraft/core/BlockPos;ILorg/spongepowered/asm/mixin/injection/callback/CallbackInfo;Lnet/minecraft/server/level/BlockDestructionProgress;)V has 0 override(s) in child classes
[18:37:12] [modloading-worker-0/DEBUG] [mixin/]: create.mixins.json:client.LevelRendererMixin from mod create->@Inject::create$onDestroyBlockProgress(ILnet/minecraft/core/BlockPos;ILorg/spongepowered/asm/mixin/injection/callback/CallbackInfo;Lnet/minecraft/server/level/BlockDestructionProgress;)V won't be passed a CallbackInfo as a result
[18:37:12] [modloading-worker-0/DEBUG] [mixin/]: create.mixins.json:client.LevelRendererMixin from mod create->@Inject::create$onRemoveProgress(Lnet/minecraft/server/level/BlockDestructionProgress;Lorg/spongepowered/asm/mixin/injection/callback/CallbackInfo;)V doesn't use it's CallbackInfo
[18:37:12] [modloading-worker-0/DEBUG] [mixin/]: create.mixins.json:client.LevelRendererMixin from mod create->@Inject::create$onRemoveProgress(Lnet/minecraft/server/level/BlockDestructionProgress;Lorg/spongepowered/asm/mixin/injection/callback/CallbackInfo;)V has 0 override(s) in child classes
[18:37:12] [modloading-worker-0/DEBUG] [mixin/]: create.mixins.json:client.LevelRendererMixin from mod create->@Inject::create$onRemoveProgress(Lnet/minecraft/server/level/BlockDestructionProgress;Lorg/spongepowered/asm/mixin/injection/callback/CallbackInfo;)V won't be passed a CallbackInfo as a result
[18:37:12] [modloading-worker-0/DEBUG] [mixin/]: flywheel.impl.mixins.json:LevelRendererMixin from mod flywheel->@Inject::flywheel$beginRender(Lnet/minecraft/client/DeltaTracker;ZLnet/minecraft/client/Camera;Lnet/minecraft/client/renderer/GameRenderer;Lnet/minecraft/client/renderer/LightTexture;Lorg/joml/Matrix4f;Lorg/joml/Matrix4f;Lorg/spongepowered/asm/mixin/injection/callback/CallbackInfo;)V doesn't use it's CallbackInfo
[18:37:12] [modloading-worker-0/DEBUG] [mixin/]: flywheel.impl.mixins.json:LevelRendererMixin from mod flywheel->@Inject::flywheel$beginRender(Lnet/minecraft/client/DeltaTracker;ZLnet/minecraft/client/Camera;Lnet/minecraft/client/renderer/GameRenderer;Lnet/minecraft/client/renderer/LightTexture;Lorg/joml/Matrix4f;Lorg/joml/Matrix4f;Lorg/spongepowered/asm/mixin/injection/callback/CallbackInfo;)V has 0 override(s) in child classes
[18:37:12] [modloading-worker-0/DEBUG] [mixin/]: flywheel.impl.mixins.json:LevelRendererMixin from mod flywheel->@Inject::flywheel$beginRender(Lnet/minecraft/client/DeltaTracker;ZLnet/minecraft/client/Camera;Lnet/minecraft/client/renderer/GameRenderer;Lnet/minecraft/client/renderer/LightTexture;Lorg/joml/Matrix4f;Lorg/joml/Matrix4f;Lorg/spongepowered/asm/mixin/injection/callback/CallbackInfo;)V won't be passed a CallbackInfo as a result
[18:37:12] [modloading-worker-0/DEBUG] [mixin/]: flywheel.impl.mixins.json:LevelRendererMixin from mod flywheel->@Inject::flywheel$endRender(Lorg/spongepowered/asm/mixin/injection/callback/CallbackInfo;)V doesn't use it's CallbackInfo
[18:37:12] [modloading-worker-0/DEBUG] [mixin/]: flywheel.impl.mixins.json:LevelRendererMixin from mod flywheel->@Inject::flywheel$endRender(Lorg/spongepowered/asm/mixin/injection/callback/CallbackInfo;)V has 0 override(s) in child classes
[18:37:12] [modloading-worker-0/DEBUG] [mixin/]: flywheel.impl.mixins.json:LevelRendererMixin from mod flywheel->@Inject::flywheel$endRender(Lorg/spongepowered/asm/mixin/injection/callback/CallbackInfo;)V won't be passed a CallbackInfo as a result
[18:37:12] [modloading-worker-0/DEBUG] [mixin/]: flywheel.impl.mixins.json:LevelRendererMixin from mod flywheel->@Inject::flywheel$reload(Lorg/spongepowered/asm/mixin/injection/callback/CallbackInfo;)V doesn't use it's CallbackInfo
[18:37:12] [modloading-worker-0/DEBUG] [mixin/]: flywheel.impl.mixins.json:LevelRendererMixin from mod flywheel->@Inject::flywheel$reload(Lorg/spongepowered/asm/mixin/injection/callback/CallbackInfo;)V has 0 override(s) in child classes
[18:37:12] [modloading-worker-0/DEBUG] [mixin/]: flywheel.impl.mixins.json:LevelRendererMixin from mod flywheel->@Inject::flywheel$reload(Lorg/spongepowered/asm/mixin/injection/callback/CallbackInfo;)V won't be passed a CallbackInfo as a result
[18:37:12] [modloading-worker-0/DEBUG] [mixin/]: flywheel.impl.mixins.json:LevelRendererMixin from mod flywheel->@Inject::flywheel$beforeBlockEntities(Lorg/spongepowered/asm/mixin/injection/callback/CallbackInfo;)V doesn't use it's CallbackInfo
[18:37:12] [modloading-worker-0/DEBUG] [mixin/]: flywheel.impl.mixins.json:LevelRendererMixin from mod flywheel->@Inject::flywheel$beforeBlockEntities(Lorg/spongepowered/asm/mixin/injection/callback/CallbackInfo;)V has 0 override(s) in child classes
[18:37:12] [modloading-worker-0/DEBUG] [mixin/]: flywheel.impl.mixins.json:LevelRendererMixin from mod flywheel->@Inject::flywheel$beforeBlockEntities(Lorg/spongepowered/asm/mixin/injection/callback/CallbackInfo;)V won't be passed a CallbackInfo as a result
[18:37:12] [modloading-worker-0/DEBUG] [mixin/]: flywheel.impl.mixins.json:LevelRendererMixin from mod flywheel->@Inject::flywheel$beforeRenderCrumbling(Lorg/spongepowered/asm/mixin/injection/callback/CallbackInfo;)V doesn't use it's CallbackInfo
[18:37:12] [modloading-worker-0/DEBUG] [mixin/]: flywheel.impl.mixins.json:LevelRendererMixin from mod flywheel->@Inject::flywheel$beforeRenderCrumbling(Lorg/spongepowered/asm/mixin/injection/callback/CallbackInfo;)V has 0 override(s) in child classes
[18:37:12] [modloading-worker-0/DEBUG] [mixin/]: flywheel.impl.mixins.json:LevelRendererMixin from mod flywheel->@Inject::flywheel$beforeRenderCrumbling(Lorg/spongepowered/asm/mixin/injection/callback/CallbackInfo;)V won't be passed a CallbackInfo as a result
[18:37:12] [modloading-worker-0/DEBUG] [mixin/]: flywheel.impl.mixins.json:LevelRendererMixin from mod flywheel->@Inject::flywheel$decideNotToRenderEntity(Lnet/minecraft/world/entity/Entity;DDDFLcom/mojang/blaze3d/vertex/PoseStack;Lnet/minecraft/client/renderer/MultiBufferSource;Lorg/spongepowered/asm/mixin/injection/callback/CallbackInfo;)V does use it's CallbackInfo
[18:37:12] [modloading-worker-0/DEBUG] [ne.ne.fm.ja.AutomaticEventSubscriber/]: Subscribing @EventBusSubscriber class Lcom/potatost/mod/ModEvents; to the game event bus
[18:37:12] [modloading-worker-0/DEBUG] [ne.ne.fm.ja.AutomaticEventSubscriber/LOADING]: Scanning class com.potatost.mod.PotatoSTClient for @SubscribeEvent-annotated methods
[18:37:12] [modloading-worker-0/DEBUG] [ne.ne.fm.ja.AutomaticEventSubscriber/]: Subscribing @EventBusSubscriber class Lcom/potatost/mod/PotatoSTClient; to the mod event bus of mod potato_s_t
[18:37:12] [modloading-worker-0/DEBUG] [me.je.co.co.fi.ConfigSerializer/]: Loading config file: E:\PotatoST\run\client\config\jei\jei-client.ini
[18:37:12] [modloading-worker-0/DEBUG] [me.je.co.co.fi.ConfigSchema/]: Localization has not loaded yet, waiting to save the config file until JEI starts.
[18:37:12] [modloading-worker-0/INFO] [me.je.li.lo.PluginCaller/]: Sending ConfigManager...
[18:37:12] [modloading-worker-0/DEBUG] [me.je.li.lo.PluginCallerTimerRunnable/]: Sending ConfigManager: jei:minecraft...
[18:37:12] [modloading-worker-0/DEBUG] [me.je.li.lo.PluginCallerTimerRunnable/]: Sending ConfigManager: jade:main...
[18:37:12] [modloading-worker-0/DEBUG] [me.je.li.lo.PluginCallerTimerRunnable/]: Sending ConfigManager: createdieselgenerators:jei_plugin...
[18:37:12] [modloading-worker-0/DEBUG] [me.je.li.lo.PluginCallerTimerRunnable/]: Sending ConfigManager: create_new_age:jei_plugin...
[18:37:12] [modloading-worker-0/DEBUG] [me.je.li.lo.PluginCallerTimerRunnable/]: Sending ConfigManager: jei:neoforge_gui...
[18:37:12] [modloading-worker-0/DEBUG] [me.je.li.lo.PluginCallerTimerRunnable/]: Sending ConfigManager: jei:debug...
[18:37:12] [modloading-worker-0/DEBUG] [me.je.li.lo.PluginCallerTimerRunnable/]: Sending ConfigManager: jei:gui...
[18:37:12] [modloading-worker-0/DEBUG] [me.je.li.lo.PluginCallerTimerRunnable/]: Sending ConfigManager: create:jei_plugin...
[18:37:12] [modloading-worker-0/DEBUG] [me.je.li.lo.PluginCallerTimerRunnable/]: Sending ConfigManager: potato_s_t:jei_plugin...
[18:37:12] [modloading-worker-0/DEBUG] [me.je.li.lo.PluginCallerTimerRunnable/]: Sending ConfigManager: jei:internal...
[18:37:12] [modloading-worker-0/INFO] [me.je.li.lo.PluginCaller/]: Sending ConfigManager took 4.064 milliseconds
[18:37:12] [modloading-worker-0/DEBUG] [ne.ne.fm.ja.AutomaticEventSubscriber/LOADING]: Attempting to inject @EventBusSubscriber classes into the eventbus for sodium
[18:37:12] [modloading-worker-0/DEBUG] [ne.ne.fm.ja.AutomaticEventSubscriber/LOADING]: Attempting to inject @EventBusSubscriber classes into the eventbus for jei
[18:37:12] [modloading-worker-0/INFO] [xa.ma.WorldMap/]: Loading primary common config for channel xaeroworldmap:main!
[18:37:12] [modloading-worker-0/DEBUG] [io.ne.bu.AbstractByteBuf/]: -Dio.netty.buffer.checkAccessible: true
[18:37:12] [modloading-worker-0/DEBUG] [io.ne.bu.AbstractByteBuf/]: -Dio.netty.buffer.checkBounds: true
[18:37:12] [modloading-worker-0/DEBUG] [io.ne.ut.ResourceLeakDetectorFactory/]: Loaded default ResourceLeakDetector: io.netty.util.ResourceLeakDetector@618cc82e
[18:37:12] [modloading-worker-0/DEBUG] [io.ne.ut.in.InternalThreadLocalMap/]: -Dio.netty.threadLocalMap.stringBuilder.initialSize: 1024
[18:37:12] [modloading-worker-0/DEBUG] [io.ne.ut.in.InternalThreadLocalMap/]: -Dio.netty.threadLocalMap.stringBuilder.maxSize: 4096
[18:37:12] [modloading-worker-0/DEBUG] [io.ne.bu.PooledByteBufAllocator/]: -Dio.netty.allocator.numHeapArenas: 24
[18:37:12] [modloading-worker-0/DEBUG] [io.ne.bu.PooledByteBufAllocator/]: -Dio.netty.allocator.numDirectArenas: 24
[18:37:12] [modloading-worker-0/DEBUG] [io.ne.bu.PooledByteBufAllocator/]: -Dio.netty.allocator.pageSize: 8192
[18:37:12] [modloading-worker-0/DEBUG] [io.ne.bu.PooledByteBufAllocator/]: -Dio.netty.allocator.maxOrder: 9
[18:37:12] [modloading-worker-0/DEBUG] [io.ne.bu.PooledByteBufAllocator/]: -Dio.netty.allocator.chunkSize: 4194304
[18:37:12] [modloading-worker-0/DEBUG] [io.ne.bu.PooledByteBufAllocator/]: -Dio.netty.allocator.smallCacheSize: 256
[18:37:12] [modloading-worker-0/DEBUG] [io.ne.bu.PooledByteBufAllocator/]: -Dio.netty.allocator.normalCacheSize: 64
[18:37:12] [modloading-worker-0/DEBUG] [io.ne.bu.PooledByteBufAllocator/]: -Dio.netty.allocator.maxCachedBufferCapacity: 32768
[18:37:12] [modloading-worker-0/DEBUG] [io.ne.bu.PooledByteBufAllocator/]: -Dio.netty.allocator.cacheTrimInterval: 8192
[18:37:12] [modloading-worker-0/DEBUG] [io.ne.bu.PooledByteBufAllocator/]: -Dio.netty.allocator.cacheTrimIntervalMillis: 0
[18:37:12] [modloading-worker-0/DEBUG] [io.ne.bu.PooledByteBufAllocator/]: -Dio.netty.allocator.useCacheForAllThreads: false
[18:37:12] [modloading-worker-0/DEBUG] [io.ne.bu.PooledByteBufAllocator/]: -Dio.netty.allocator.maxCachedByteBuffersPerChunk: 1023
[18:37:12] [modloading-worker-0/DEBUG] [io.ne.bu.ByteBufUtil/]: -Dio.netty.allocator.type: pooled
[18:37:12] [modloading-worker-0/INFO] [xa.ma.WorldMap/]: Loading server config profiles for channel xaeroworldmap:main!
[18:37:12] [modloading-worker-0/DEBUG] [io.ne.bu.ByteBufUtil/]: -Dio.netty.threadLocalDirectBufferSize: 0
[18:37:12] [modloading-worker-0/DEBUG] [io.ne.bu.ByteBufUtil/]: -Dio.netty.maxThreadLocalCharBufferSize: 16384
[18:37:12] [modloading-worker-0/DEBUG] [Ponder/]: Loaded net.createmod.catnip.platform.NeoForgePlatformHelper@37990cf3 for service interface net.createmod.catnip.platform.services.PlatformHelper
[18:37:12] [modloading-worker-0/DEBUG] [Ponder/]: Loaded net.createmod.catnip.platform.NeoForgeFluidHelper@27816b27 for service interface net.createmod.catnip.platform.services.ModFluidHelper
[18:37:12] [modloading-worker-0/DEBUG] [Ponder/]: Loaded net.createmod.catnip.platform.NeoForgeHooksHelper@7e663e93 for service interface net.createmod.catnip.platform.services.ModHooksHelper
[18:37:12] [modloading-worker-0/DEBUG] [Ponder/]: Loaded net.createmod.catnip.platform.NeoForgeNetworkHelper@8deb94f for service interface net.createmod.catnip.platform.services.NetworkHelper
[18:37:12] [modloading-worker-0/DEBUG] [ne.ne.fm.ja.AutomaticEventSubscriber/]: Subscribing @EventBusSubscriber class Lnet/neoforged/neoforge/network/filters/GenericPacketSplitter; to the mod event bus of mod neoforge
[18:37:12] [modloading-worker-0/DEBUG] [ne.ne.fm.ja.AutomaticEventSubscriber/LOADING]: Scanning class net.neoforged.neoforge.network.ConfigurationInitialization for @SubscribeEvent-annotated methods
[18:37:12] [modloading-worker-0/DEBUG] [ne.ne.fm.ja.AutomaticEventSubscriber/]: Subscribing @EventBusSubscriber class Lnet/neoforged/neoforge/network/ConfigurationInitialization; to the mod event bus of mod neoforge
[18:37:12] [modloading-worker-0/DEBUG] [ne.ne.fm.ja.AutomaticEventSubscriber/LOADING]: Scanning class net.neoforged.neoforge.common.MonsterRoomHooks for @SubscribeEvent-annotated methods
[18:37:12] [modloading-worker-0/DEBUG] [ne.ne.fm.ja.AutomaticEventSubscriber/]: Subscribing @EventBusSubscriber class Lnet/neoforged/neoforge/common/MonsterRoomHooks; to the game event bus
[18:37:12] [modloading-worker-0/DEBUG] [ne.ne.fm.ja.AutomaticEventSubscriber/LOADING]: Scanning class net.neoforged.neoforge.common.DeferredSpawnEggItem$CommonHandler for @SubscribeEvent-annotated methods
[18:37:12] [modloading-worker-0/DEBUG] [ne.ne.fm.ja.AutomaticEventSubscriber/]: Subscribing @EventBusSubscriber class Lnet/neoforged/neoforge/common/DeferredSpawnEggItem$CommonHandler; to the mod event bus of mod neoforge
[18:37:12] [modloading-worker-0/DEBUG] [ne.ne.fm.ja.AutomaticEventSubscriber/LOADING]: Scanning class net.neoforged.neoforge.common.DeferredSpawnEggItem$ColorRegisterHandler for @SubscribeEvent-annotated methods
[18:37:12] [modloading-worker-0/DEBUG] [ne.ne.fm.ja.AutomaticEventSubscriber/]: Subscribing @EventBusSubscriber class Lnet/neoforged/neoforge/common/DeferredSpawnEggItem$ColorRegisterHandler; to the mod event bus of mod neoforge
[18:37:12] [modloading-worker-0/DEBUG] [mixin/]: Mixing ShaftBlockMixin from createdieselgenerators.mixins.json into com.simibubi.create.content.kinetics.simpleRelays.ShaftBlock
[18:37:12] [modloading-worker-0/DEBUG] [ne.ne.fm.ja.AutomaticEventSubscriber/LOADING]: Scanning class net.neoforged.neoforge.client.ParticleBoundsDebugRenderer for @SubscribeEvent-annotated methods
[18:37:12] [modloading-worker-0/INFO] [xa.ma.WorldMap/]: Loading primary client config for channel xaeroworldmap:main!
[18:37:12] [modloading-worker-0/DEBUG] [mixin/]: createdieselgenerators.mixins.json:ShaftBlockMixin from mod createdieselgenerators: Class version 65 required is higher than the class version supported by the current version of Mixin (JAVA_17 supports class version 61)
[18:37:12] [modloading-worker-0/DEBUG] [mixin/]: createdieselgenerators.mixins.json:ShaftBlockMixin from mod createdieselgenerators->@Inject::pickCorrectShaftType(Lnet/minecraft/world/level/block/state/BlockState;Lnet/minecraft/world/level/Level;Lnet/minecraft/core/BlockPos;Lorg/spongepowered/asm/mixin/injection/callback/CallbackInfoReturnable;)V does use it's CallbackInfoReturnable
[18:37:12] [modloading-worker-0/DEBUG] [mixin/]: Mixing features.render.immediate.matrix_stack.PoseStackMixin from sodium-common.mixins.json into com.mojang.blaze3d.vertex.PoseStack
[18:37:12] [modloading-worker-0/DEBUG] [mixin/]: Mixing PoseStackAccessor from flywheel.impl.mixins.json into com.mojang.blaze3d.vertex.PoseStack
[18:37:12] [modloading-worker-0/DEBUG] [mixin/]: Mixing PoseStackMixin from flywheel.impl.mixins.json into com.mojang.blaze3d.vertex.PoseStack
[18:37:12] [modloading-worker-0/INFO] [xa.ma.WorldMap/]: Loading client config profiles for channel xaeroworldmap:main!
[18:37:12] [modloading-worker-0/DEBUG] [ne.ne.fm.ja.AutomaticEventSubscriber/]: Subscribing @EventBusSubscriber class Lnet/neoforged/neoforge/client/ParticleBoundsDebugRenderer; to the game event bus
[18:37:12] [modloading-worker-0/DEBUG] [ne.ne.fm.ja.AutomaticEventSubscriber/LOADING]: Scanning class net.neoforged.neoforge.client.model.data.ModelDataManager for @SubscribeEvent-annotated methods
[18:37:12] [modloading-worker-0/DEBUG] [mixin/]: Mixing platform.neoforge.ModelDataMixin from sodium-neoforge.mixins.json into net.neoforged.neoforge.client.model.data.ModelData
[18:37:12] [modloading-worker-0/DEBUG] [ne.ne.fm.ja.AutomaticEventSubscriber/]: Subscribing @EventBusSubscriber class Lnet/neoforged/neoforge/client/model/data/ModelDataManager; to the game event bus
[18:37:12] [modloading-worker-0/DEBUG] [ne.ne.fm.ja.AutomaticEventSubscriber/LOADING]: Scanning class net.neoforged.neoforge.client.ClientHooks$ClientEvents for @SubscribeEvent-annotated methods
[18:37:12] [modloading-worker-0/DEBUG] [ne.ne.fm.ja.AutomaticEventSubscriber/]: Subscribing @EventBusSubscriber class Lnet/neoforged/neoforge/client/ClientHooks$ClientEvents; to the mod event bus of mod neoforge
[18:37:12] [modloading-worker-0/DEBUG] [ne.ne.fm.ja.AutomaticEventSubscriber/LOADING]: Scanning class net.neoforged.neoforge.client.BlockEntityRenderBoundsDebugRenderer for @SubscribeEvent-annotated methods
[18:37:12] [modloading-worker-0/DEBUG] [ne.ne.fm.ja.AutomaticEventSubscriber/]: Subscribing @EventBusSubscriber class Lnet/neoforged/neoforge/client/BlockEntityRenderBoundsDebugRenderer; to the game event bus
[18:37:12] [modloading-worker-0/DEBUG] [ne.ne.fm.ja.AutomaticEventSubscriber/LOADING]: Scanning class net.neoforged.neoforge.attachment.AttachmentSync for @SubscribeEvent-annotated methods
[18:37:12] [modloading-worker-0/DEBUG] [ne.ne.fm.ja.AutomaticEventSubscriber/]: Subscribing @EventBusSubscriber class Lnet/neoforged/neoforge/attachment/AttachmentSync; to the game event bus
[18:37:12] [modloading-worker-0/DEBUG] [ne.ne.fm.ja.AutomaticEventSubscriber/LOADING]: Scanning class net.neoforged.neoforge.attachment.AttachmentInternals for @SubscribeEvent-annotated methods
[18:37:12] [modloading-worker-0/INFO] [xa.li.XaeroLib/]: Registering common data for channel xaerolib:main!
[18:37:12] [modloading-worker-0/DEBUG] [ne.ne.fm.ja.AutomaticEventSubscriber/]: Subscribing @EventBusSubscriber class Lnet/neoforged/neoforge/attachment/AttachmentInternals; to the game event bus
[18:37:12] [modloading-worker-0/INFO] [xa.li.XaeroLib/]: Registering client data for channel xaerolib:main!
[18:37:12] [modloading-worker-0/INFO] [xa.li.XaeroLib/]: Loading primary common config for channel xaerolib:main!
[18:37:12] [modloading-worker-0/DEBUG] [mixin/]: Mixing ContraptionMixin from createdieselgenerators.mixins.json into com.simibubi.create.content.contraptions.Contraption
[18:37:12] [modloading-worker-0/DEBUG] [mixin/]: createdieselgenerators.mixins.json:ContraptionMixin from mod createdieselgenerators: Class version 65 required is higher than the class version supported by the current version of Mixin (JAVA_17 supports class version 61)
[18:37:12] [modloading-worker-0/DEBUG] [mixin/]: createdieselgenerators.mixins.json:ContraptionMixin from mod createdieselgenerators->@Inject::getBlockEntityNBT(Lnet/minecraft/world/level/Level;Lnet/minecraft/core/BlockPos;Lorg/spongepowered/asm/mixin/injection/callback/CallbackInfoReturnable;)V does use it's CallbackInfoReturnable
[18:37:12] [modloading-worker-0/DEBUG] [mixin/]: createdieselgenerators.mixins.json:ContraptionMixin from mod createdieselgenerators->@Inject::getBlockEntityNBT(Lnet/minecraft/world/level/Level;Lnet/minecraft/core/BlockPos;Lorg/spongepowered/asm/mixin/injection/callback/CallbackInfoReturnable;)V does use it's CallbackInfoReturnable
[18:37:12] [modloading-worker-0/DEBUG] [ne.ne.fm.ja.AutomaticEventSubscriber/LOADING]: Attempting to inject @EventBusSubscriber classes into the eventbus for xaeroworldmap
[18:37:12] [modloading-worker-0/DEBUG] [mixin/]: Mixing accessor.ItemStackHandlerAccessor from create.mixins.json into net.neoforged.neoforge.items.ItemStackHandler
[18:37:12] [modloading-worker-0/INFO] [xa.li.XaeroLib/]: Loading server config profiles for channel xaerolib:main!
[18:37:12] [modloading-worker-0/DEBUG] [mixin/]: Mixing BasinRecipeMixin from createdieselgenerators.mixins.json into com.simibubi.create.content.processing.basin.BasinRecipe
[18:37:12] [modloading-worker-0/DEBUG] [mixin/]: createdieselgenerators.mixins.json:BasinRecipeMixin from mod createdieselgenerators: Class version 65 required is higher than the class version supported by the current version of Mixin (JAVA_17 supports class version 61)
[18:37:12] [modloading-worker-0/INFO] [xa.li.XaeroLib/]: Loading primary client config for channel xaerolib:main!
[18:37:12] [modloading-worker-0/DEBUG] [mixin/]: createdieselgenerators.mixins.json:BasinRecipeMixin from mod createdieselgenerators->@Inject::apply(Lcom/simibubi/create/content/processing/basin/BasinBlockEntity;Lnet/minecraft/world/item/crafting/Recipe;ZLorg/spongepowered/asm/mixin/injection/callback/CallbackInfoReturnable;)V does use it's CallbackInfoReturnable
[18:37:12] [modloading-worker-0/DEBUG] [ne.ne.fm.co.ConfigTracker/CONFIG]: Config file create_new_age-client.toml for create_new_age tracking
[18:37:12] [modloading-worker-0/DEBUG] [ne.ne.fm.co.ConfigTracker/CONFIG]: Config file create_new_age-server.toml for create_new_age tracking
[18:37:12] [modloading-worker-0/INFO] [xa.li.XaeroLib/]: Loading client config profiles for channel xaerolib:main!
[18:37:12] [modloading-worker-0/DEBUG] [ne.ne.fm.ja.AutomaticEventSubscriber/LOADING]: Attempting to inject @EventBusSubscriber classes into the eventbus for create_new_age
[18:37:12] [modloading-worker-0/DEBUG] [ne.ne.fm.co.ConfigTracker/CONFIG]: Config file createdieselgenerators-client.toml for createdieselgenerators tracking
[18:37:12] [modloading-worker-0/DEBUG] [ne.ne.fm.co.ConfigTracker/CONFIG]: Config file createdieselgenerators-server.toml for createdieselgenerators tracking
[18:37:12] [modloading-worker-0/DEBUG] [ne.ne.fm.co.ConfigTracker/CONFIG]: Config file createdieselgenerators-common.toml for createdieselgenerators tracking
[18:37:12] [modloading-worker-0/DEBUG] [ne.ne.fm.ja.AutomaticEventSubscriber/LOADING]: Attempting to inject @EventBusSubscriber classes into the eventbus for createdieselgenerators
[18:37:12] [modloading-worker-0/DEBUG] [ne.ne.fm.ja.AutomaticEventSubscriber/LOADING]: Scanning class com.jesz.createdieselgenerators.events.ModEvents for @SubscribeEvent-annotated methods
[18:37:12] [modloading-worker-0/DEBUG] [ne.ne.fm.ja.AutomaticEventSubscriber/]: Subscribing @EventBusSubscriber class Lcom/jesz/createdieselgenerators/events/ModEvents; to the mod event bus of mod createdieselgenerators
[18:37:12] [modloading-worker-0/DEBUG] [ne.ne.fm.ja.AutomaticEventSubscriber/LOADING]: Scanning class com.jesz.createdieselgenerators.events.GameEvents for @SubscribeEvent-annotated methods
[18:37:12] [modloading-worker-0/DEBUG] [ne.ne.fm.ja.AutomaticEventSubscriber/]: Subscribing @EventBusSubscriber class Lcom/jesz/createdieselgenerators/events/GameEvents; to the game event bus
[18:37:12] [modloading-worker-0/DEBUG] [ne.ne.fm.ja.AutomaticEventSubscriber/LOADING]: Attempting to inject @EventBusSubscriber classes into the eventbus for xaerolib
[18:37:13] [modloading-worker-0/DEBUG] [mixin/]: Mixing CopycatBlockMixin from createdieselgenerators.mixins.json into com.simibubi.create.content.decoration.copycat.CopycatBlock
[18:37:13] [modloading-worker-0/DEBUG] [mixin/]: createdieselgenerators.mixins.json:CopycatBlockMixin from mod createdieselgenerators: Class version 65 required is higher than the class version supported by the current version of Mixin (JAVA_17 supports class version 61)
[18:37:13] [modloading-worker-0/DEBUG] [mixin/]: createdieselgenerators.mixins.json:CopycatBlockMixin from mod createdieselgenerators->@Inject::use(Lnet/minecraft/world/item/ItemStack;Lnet/minecraft/world/level/block/state/BlockState;Lnet/minecraft/world/level/Level;Lnet/minecraft/core/BlockPos;Lnet/minecraft/world/entity/player/Player;Lnet/minecraft/world/InteractionHand;Lnet/minecraft/world/phys/BlockHitResult;Lorg/spongepowered/asm/mixin/injection/callback/CallbackInfoReturnable;)V does use it's CallbackInfoReturnable
[18:37:13] [modloading-worker-0/DEBUG] [mixin/]: Mixing MechanicalPressBlockEntityMixin from createdieselgenerators.mixins.json into com.simibubi.create.content.kinetics.press.MechanicalPressBlockEntity
[18:37:13] [modloading-worker-0/DEBUG] [mixin/]: createdieselgenerators.mixins.json:MechanicalPressBlockEntityMixin from mod createdieselgenerators: Class version 65 required is higher than the class version supported by the current version of Mixin (JAVA_17 supports class version 61)
[18:37:13] [modloading-worker-0/DEBUG] [mixin/]: createdieselgenerators.mixins.json:MechanicalPressBlockEntityMixin from mod createdieselgenerators->@Inject::matchStaticFilters(Lnet/minecraft/world/item/crafting/RecipeHolder;Lorg/spongepowered/asm/mixin/injection/callback/CallbackInfoReturnable;)V does use it's CallbackInfoReturnable
[18:37:13] [modloading-worker-0/DEBUG] [mixin/]: Mixing features.textures.animations.tracking.TextureSheetParticleMixin from sodium-common.mixins.json into net.minecraft.client.particle.TextureSheetParticle
[18:37:13] [modloading-worker-0/DEBUG] [mixin/]: sodium-common.mixins.json:features.textures.animations.tracking.TextureSheetParticleMixin from mod sodium->@Inject::afterSetSprite(Lnet/minecraft/client/renderer/texture/TextureAtlasSprite;Lorg/spongepowered/asm/mixin/injection/callback/CallbackInfo;)V doesn't use it's CallbackInfo
[18:37:13] [modloading-worker-0/DEBUG] [mixin/]: sodium-common.mixins.json:features.textures.animations.tracking.TextureSheetParticleMixin from mod sodium->@Inject::afterSetSprite(Lnet/minecraft/client/renderer/texture/TextureAtlasSprite;Lorg/spongepowered/asm/mixin/injection/callback/CallbackInfo;)V has 0 override(s) in child classes
[18:37:13] [modloading-worker-0/DEBUG] [mixin/]: sodium-common.mixins.json:features.textures.animations.tracking.TextureSheetParticleMixin from mod sodium->@Inject::afterSetSprite(Lnet/minecraft/client/renderer/texture/TextureAtlasSprite;Lorg/spongepowered/asm/mixin/injection/callback/CallbackInfo;)V won't be passed a CallbackInfo as a result
[18:37:13] [modloading-worker-0/DEBUG] [mixin/]: Mixing features.render.particle.SingleQuadParticleMixin from sodium-common.mixins.json into net.minecraft.client.particle.SingleQuadParticle
[18:37:13] [modloading-worker-0/DEBUG] [mixin/]: sodium-common.mixins.json:features.render.particle.SingleQuadParticleMixin from mod sodium->@Inject::render(Lcom/mojang/blaze3d/vertex/VertexConsumer;Lnet/minecraft/client/Camera;FLorg/spongepowered/asm/mixin/injection/callback/CallbackInfo;)V does use it's CallbackInfo
[18:37:13] [modloading-worker-0/DEBUG] [mixin/]: sodium-common.mixins.json:features.render.particle.SingleQuadParticleMixin from mod sodium->@Inject::renderRotatedQuad(Lcom/mojang/blaze3d/vertex/VertexConsumer;Lnet/minecraft/client/Camera;Lorg/joml/Quaternionf;FLorg/spongepowered/asm/mixin/injection/callback/CallbackInfo;)V does use it's CallbackInfo
[18:37:13] [modloading-worker-0/DEBUG] [ne.ne.fm.co.ConfigTracker/CONFIG]: Config file create-common.toml for create tracking
[18:37:13] [modloading-worker-0/DEBUG] [ne.ne.fm.co.ConfigTracker/CONFIG]: Config file create-client.toml for create tracking
[18:37:13] [modloading-worker-0/DEBUG] [ne.ne.fm.co.ConfigTracker/CONFIG]: Config file create-server.toml for create tracking
[18:37:13] [modloading-worker-0/DEBUG] [ne.ne.fm.ja.AutomaticEventSubscriber/LOADING]: Attempting to inject @EventBusSubscriber classes into the eventbus for create
[18:37:13] [modloading-worker-0/DEBUG] [ne.ne.fm.ja.AutomaticEventSubscriber/LOADING]: Scanning class com.simibubi.create.compat.trainmap.TrainMapEvents for @SubscribeEvent-annotated methods
[18:37:13] [modloading-worker-0/DEBUG] [ne.ne.fm.ja.AutomaticEventSubscriber/]: Subscribing @EventBusSubscriber class Lcom/simibubi/create/compat/trainmap/TrainMapEvents; to the game event bus
[18:37:13] [modloading-worker-0/DEBUG] [ne.ne.fm.ja.AutomaticEventSubscriber/LOADING]: Scanning class com.simibubi.create.infrastructure.config.AllConfigs for @SubscribeEvent-annotated methods
[18:37:13] [modloading-worker-0/DEBUG] [ne.ne.fm.ja.AutomaticEventSubscriber/]: Subscribing @EventBusSubscriber class Lcom/simibubi/create/infrastructure/config/AllConfigs; to the mod event bus of mod create
[18:37:13] [modloading-worker-0/DEBUG] [ne.ne.fm.ja.AutomaticEventSubscriber/LOADING]: Scanning class com.simibubi.create.infrastructure.gui.OpenCreateMenuButton$OpenConfigButtonHandler for @SubscribeEvent-annotated methods
[18:37:13] [modloading-worker-0/DEBUG] [ne.ne.fm.ja.AutomaticEventSubscriber/]: Subscribing @EventBusSubscriber class Lcom/simibubi/create/infrastructure/gui/OpenCreateMenuButton$OpenConfigButtonHandler; to the game event bus
[18:37:13] [modloading-worker-0/DEBUG] [ne.ne.fm.ja.AutomaticEventSubscriber/LOADING]: Scanning class com.simibubi.create.infrastructure.RemapHelper for @SubscribeEvent-annotated methods
[18:37:13] [modloading-worker-0/DEBUG] [ne.ne.fm.ja.AutomaticEventSubscriber/]: Subscribing @EventBusSubscriber class Lcom/simibubi/create/infrastructure/RemapHelper; to the mod event bus of mod create
[18:37:13] [modloading-worker-0/DEBUG] [ne.ne.fm.ja.AutomaticEventSubscriber/LOADING]: Scanning class com.simibubi.create.infrastructure.gametest.CreateGameTests for @SubscribeEvent-annotated methods
[18:37:13] [modloading-worker-0/DEBUG] [ne.ne.fm.ja.AutomaticEventSubscriber/]: Subscribing @EventBusSubscriber class Lcom/simibubi/create/infrastructure/gametest/CreateGameTests; to the mod event bus of mod create
[18:37:13] [modloading-worker-0/DEBUG] [ne.ne.fm.ja.AutomaticEventSubscriber/LOADING]: Scanning class com.simibubi.create.foundation.block.ItemUseOverrides for @SubscribeEvent-annotated methods
[18:37:13] [modloading-worker-0/DEBUG] [ne.ne.fm.ja.AutomaticEventSubscriber/]: Subscribing @EventBusSubscriber class Lcom/simibubi/create/foundation/block/ItemUseOverrides; to the game event bus
[18:37:13] [modloading-worker-0/DEBUG] [ne.ne.fm.ja.AutomaticEventSubscriber/LOADING]: Scanning class com.simibubi.create.foundation.blockEntity.behaviour.ValueSettingsInputHandler for @SubscribeEvent-annotated methods
[18:37:13] [modloading-worker-0/DEBUG] [ne.ne.fm.ja.AutomaticEventSubscriber/]: Subscribing @EventBusSubscriber class Lcom/simibubi/create/foundation/blockEntity/behaviour/ValueSettingsInputHandler; to the game event bus
[18:37:13] [modloading-worker-0/DEBUG] [ne.ne.fm.ja.AutomaticEventSubscriber/LOADING]: Scanning class com.simibubi.create.foundation.blockEntity.behaviour.edgeInteraction.EdgeInteractionHandler for @SubscribeEvent-annotated methods
[18:37:13] [modloading-worker-0/DEBUG] [ne.ne.fm.ja.AutomaticEventSubscriber/]: Subscribing @EventBusSubscriber class Lcom/simibubi/create/foundation/blockEntity/behaviour/edgeInteraction/EdgeInteractionHandler; to the game event bus
[18:37:13] [modloading-worker-0/DEBUG] [ne.ne.fm.ja.AutomaticEventSubscriber/LOADING]: Scanning class com.simibubi.create.foundation.render.RenderTypes$Shaders for @SubscribeEvent-annotated methods
[18:37:13] [modloading-worker-0/DEBUG] [ne.ne.fm.ja.AutomaticEventSubscriber/]: Subscribing @EventBusSubscriber class Lcom/simibubi/create/foundation/render/RenderTypes$Shaders; to the mod event bus of mod create
[18:37:13] [modloading-worker-0/DEBUG] [ne.ne.fm.ja.AutomaticEventSubscriber/LOADING]: Scanning class com.simibubi.create.foundation.events.InputEvents for @SubscribeEvent-annotated methods
[18:37:13] [modloading-worker-0/DEBUG] [ne.ne.fm.ja.AutomaticEventSubscriber/]: Subscribing @EventBusSubscriber class Lcom/simibubi/create/foundation/events/InputEvents; to the game event bus
[18:37:13] [modloading-worker-0/DEBUG] [ne.ne.fm.ja.AutomaticEventSubscriber/LOADING]: Scanning class com.simibubi.create.foundation.events.ClientEvents for @SubscribeEvent-annotated methods
[18:37:13] [modloading-worker-0/DEBUG] [ne.ne.fm.ja.AutomaticEventSubscriber/LOADING]: Found mix of game bus and mod bus listeners in @EventBusSubscriber class Lcom/simibubi/create/foundation/events/ClientEvents;, registering them separately
[18:37:13] [modloading-worker-0/DEBUG] [ne.ne.fm.ja.AutomaticEventSubscriber/LOADING]: Subscribing method public static void com.simibubi.create.foundation.events.ClientEvents.addEntityRendererLayers(net.neoforged.neoforge.client.event.EntityRenderersEvent$AddLayers) to the event bus of mod create
[18:37:13] [modloading-worker-0/DEBUG] [ne.ne.fm.ja.AutomaticEventSubscriber/LOADING]: Subscribing method public static void com.simibubi.create.foundation.events.ClientEvents.onLoadComplete(net.neoforged.fml.event.lifecycle.FMLLoadCompleteEvent) to the event bus of mod create
[18:37:13] [modloading-worker-0/DEBUG] [ne.ne.fm.ja.AutomaticEventSubscriber/LOADING]: Subscribing method public static void com.simibubi.create.foundation.events.ClientEvents.registerClientReloadListeners(net.neoforged.neoforge.client.event.RegisterClientReloadListenersEvent) to the event bus of mod create
[18:37:13] [modloading-worker-0/DEBUG] [ne.ne.fm.ja.AutomaticEventSubscriber/LOADING]: Subscribing method public static void com.simibubi.create.foundation.events.ClientEvents.registerGuiOverlays(net.neoforged.neoforge.client.event.RegisterGuiLayersEvent) to the event bus of mod create
[18:37:13] [modloading-worker-0/DEBUG] [ne.ne.fm.ja.AutomaticEventSubscriber/LOADING]: Subscribing method public static void com.simibubi.create.foundation.events.ClientEvents.registerItemDecorations(net.neoforged.neoforge.client.event.RegisterItemDecorationsEvent) to the event bus of mod create
[18:37:13] [modloading-worker-0/DEBUG] [ne.ne.fm.ja.AutomaticEventSubscriber/LOADING]: Subscribing method public static void com.simibubi.create.foundation.events.ClientEvents.onTickPre(net.neoforged.neoforge.client.event.ClientTickEvent$Pre) to the game event bus
[18:37:13] [modloading-worker-0/DEBUG] [ne.ne.fm.ja.AutomaticEventSubscriber/LOADING]: Subscribing method public static void com.simibubi.create.foundation.events.ClientEvents.addToItemTooltip(net.neoforged.neoforge.event.entity.player.ItemTooltipEvent) to the game event bus
[18:37:13] [modloading-worker-0/DEBUG] [ne.ne.fm.ja.AutomaticEventSubscriber/LOADING]: Subscribing method public static void com.simibubi.create.foundation.events.ClientEvents.onLoadWorld(net.neoforged.neoforge.event.level.LevelEvent$Load) to the game event bus
[18:37:13] [modloading-worker-0/DEBUG] [ne.ne.fm.ja.AutomaticEventSubscriber/LOADING]: Subscribing method public static void com.simibubi.create.foundation.events.ClientEvents.onUnloadWorld(net.neoforged.neoforge.event.level.LevelEvent$Unload) to the game event bus
[18:37:13] [modloading-worker-0/DEBUG] [ne.ne.fm.ja.AutomaticEventSubscriber/LOADING]: Subscribing method public static void com.simibubi.create.foundation.events.ClientEvents.onMount(net.neoforged.neoforge.event.entity.EntityMountEvent) to the game event bus
[18:37:13] [modloading-worker-0/DEBUG] [ne.ne.fm.ja.AutomaticEventSubscriber/LOADING]: Subscribing method public static void com.simibubi.create.foundation.events.ClientEvents.onTickPost(net.neoforged.neoforge.client.event.ClientTickEvent$Post) to the game event bus
[18:37:13] [modloading-worker-0/DEBUG] [ne.ne.fm.ja.AutomaticEventSubscriber/LOADING]: Subscribing method public static void com.simibubi.create.foundation.events.ClientEvents.onLeave(net.neoforged.neoforge.client.event.ClientPlayerNetworkEvent$LoggingOut) to the game event bus
[18:37:13] [modloading-worker-0/DEBUG] [ne.ne.fm.ja.AutomaticEventSubscriber/LOADING]: Subscribing method public static void com.simibubi.create.foundation.events.ClientEvents.onJoin(net.neoforged.neoforge.client.event.ClientPlayerNetworkEvent$LoggingIn) to the game event bus
[18:37:13] [modloading-worker-0/DEBUG] [ne.ne.fm.ja.AutomaticEventSubscriber/LOADING]: Subscribing method public static void com.simibubi.create.foundation.events.ClientEvents.onRenderWorld(net.neoforged.neoforge.client.event.RenderLevelStageEvent) to the game event bus
[18:37:13] [modloading-worker-0/DEBUG] [ne.ne.fm.ja.AutomaticEventSubscriber/LOADING]: Subscribing method public static void com.simibubi.create.foundation.events.ClientEvents.leftClickEmpty(net.neoforged.neoforge.event.entity.player.PlayerInteractEvent$LeftClickEmpty) to the game event bus
[18:37:13] [modloading-worker-0/DEBUG] [ne.ne.fm.ja.AutomaticEventSubscriber/LOADING]: Subscribing method public static void com.simibubi.create.foundation.events.ClientEvents.onCameraSetup(net.neoforged.neoforge.client.event.ViewportEvent$ComputeCameraAngles) to the game event bus
[18:37:13] [modloading-worker-0/DEBUG] [ne.ne.fm.ja.AutomaticEventSubscriber/LOADING]: Subscribing method public static void com.simibubi.create.foundation.events.ClientEvents.onRenderFrame(net.neoforged.neoforge.client.event.RenderFrameEvent$Pre) to the game event bus
[18:37:13] [modloading-worker-0/DEBUG] [ne.ne.fm.ja.AutomaticEventSubscriber/LOADING]: Subscribing method public static void com.simibubi.create.foundation.events.ClientEvents.getFogDensity(net.neoforged.neoforge.client.event.ViewportEvent$RenderFog) to the game event bus
[18:37:13] [modloading-worker-0/DEBUG] [ne.ne.fm.ja.AutomaticEventSubscriber/LOADING]: Subscribing method public static void com.simibubi.create.foundation.events.ClientEvents.registerClientCommands(net.neoforged.neoforge.client.event.RegisterClientCommandsEvent) to the game event bus
[18:37:13] [modloading-worker-0/DEBUG] [ne.ne.fm.ja.AutomaticEventSubscriber/LOADING]: Scanning class com.simibubi.create.foundation.events.CommonEvents$ModBusEvents for @SubscribeEvent-annotated methods
[18:37:13] [modloading-worker-0/DEBUG] [ne.ne.fm.ja.AutomaticEventSubscriber/]: Subscribing @EventBusSubscriber class Lcom/simibubi/create/foundation/events/CommonEvents$ModBusEvents; to the mod event bus of mod create
[18:37:13] [modloading-worker-0/DEBUG] [ne.ne.fm.ja.AutomaticEventSubscriber/LOADING]: Scanning class com.simibubi.create.foundation.events.CommonEvents for @SubscribeEvent-annotated methods
[18:37:13] [modloading-worker-0/DEBUG] [ne.ne.fm.ja.AutomaticEventSubscriber/]: Subscribing @EventBusSubscriber class Lcom/simibubi/create/foundation/events/CommonEvents; to the game event bus
[18:37:13] [modloading-worker-0/DEBUG] [ne.ne.fm.ja.AutomaticEventSubscriber/LOADING]: Scanning class com.simibubi.create.content.contraptions.glue.SuperGlueHandler for @SubscribeEvent-annotated methods
[18:37:13] [modloading-worker-0/DEBUG] [ne.ne.fm.ja.AutomaticEventSubscriber/]: Subscribing @EventBusSubscriber class Lcom/simibubi/create/content/contraptions/glue/SuperGlueHandler; to the game event bus
[18:37:13] [modloading-worker-0/DEBUG] [ne.ne.fm.ja.AutomaticEventSubscriber/LOADING]: Scanning class com.simibubi.create.content.contraptions.glue.SuperGlueItem for @SubscribeEvent-annotated methods
[18:37:13] [modloading-worker-0/DEBUG] [ne.ne.fm.ja.AutomaticEventSubscriber/]: Subscribing @EventBusSubscriber class Lcom/simibubi/create/content/contraptions/glue/SuperGlueItem; to the game event bus
[18:37:13] [modloading-worker-0/DEBUG] [ne.ne.fm.ja.AutomaticEventSubscriber/LOADING]: Scanning class com.simibubi.create.content.contraptions.ContraptionHandlerClient for @SubscribeEvent-annotated methods
[18:37:13] [modloading-worker-0/DEBUG] [ne.ne.fm.ja.AutomaticEventSubscriber/]: Subscribing @EventBusSubscriber class Lcom/simibubi/create/content/contraptions/ContraptionHandlerClient; to the game event bus
[18:37:13] [modloading-worker-0/DEBUG] [ne.ne.fm.ja.AutomaticEventSubscriber/LOADING]: Scanning class com.simibubi.create.content.contraptions.minecart.CouplingHandler for @SubscribeEvent-annotated methods
[18:37:13] [modloading-worker-0/DEBUG] [ne.ne.fm.ja.AutomaticEventSubscriber/]: Subscribing @EventBusSubscriber class Lcom/simibubi/create/content/contraptions/minecart/CouplingHandler; to the game event bus
[18:37:13] [modloading-worker-0/DEBUG] [ne.ne.fm.ja.AutomaticEventSubscriber/LOADING]: Scanning class com.simibubi.create.content.contraptions.minecart.MinecartCouplingItem for @SubscribeEvent-annotated methods
[18:37:13] [modloading-worker-0/DEBUG] [ne.ne.fm.ja.AutomaticEventSubscriber/]: Subscribing @EventBusSubscriber class Lcom/simibubi/create/content/contraptions/minecart/MinecartCouplingItem; to the game event bus
[18:37:13] [modloading-worker-0/DEBUG] [ne.ne.fm.ja.AutomaticEventSubscriber/LOADING]: Scanning class com.simibubi.create.content.contraptions.mounted.MinecartContraptionItem for @SubscribeEvent-annotated methods
[18:37:13] [modloading-worker-0/DEBUG] [ne.ne.fm.ja.AutomaticEventSubscriber/]: Subscribing @EventBusSubscriber class Lcom/simibubi/create/content/contraptions/mounted/MinecartContraptionItem; to the game event bus
[18:37:13] [modloading-worker-0/DEBUG] [ne.ne.fm.ja.AutomaticEventSubscriber/LOADING]: Scanning class com.simibubi.create.content.fluids.FluidReactions for @SubscribeEvent-annotated methods
[18:37:13] [modloading-worker-0/DEBUG] [ne.ne.fm.ja.AutomaticEventSubscriber/]: Subscribing @EventBusSubscriber class Lcom/simibubi/create/content/fluids/FluidReactions; to the game event bus
[18:37:13] [modloading-worker-0/DEBUG] [ne.ne.fm.ja.AutomaticEventSubscriber/LOADING]: Scanning class com.simibubi.create.content.fluids.FluidBottleItemHook for @SubscribeEvent-annotated methods
[18:37:13] [modloading-worker-0/DEBUG] [ne.ne.fm.ja.AutomaticEventSubscriber/]: Subscribing @EventBusSubscriber class Lcom/simibubi/create/content/fluids/FluidBottleItemHook; to the game event bus
[18:37:13] [modloading-worker-0/DEBUG] [ne.ne.fm.ja.AutomaticEventSubscriber/LOADING]: Scanning class com.simibubi.create.content.trains.track.TrackBlockOutline for @SubscribeEvent-annotated methods
[18:37:13] [modloading-worker-0/DEBUG] [ne.ne.fm.ja.AutomaticEventSubscriber/]: Subscribing @EventBusSubscriber class Lcom/simibubi/create/content/trains/track/TrackBlockOutline; to the game event bus
[18:37:13] [modloading-worker-0/DEBUG] [ne.ne.fm.ja.AutomaticEventSubscriber/LOADING]: Scanning class com.simibubi.create.content.trains.track.TrackBlockItem for @SubscribeEvent-annotated methods
[18:37:13] [modloading-worker-0/DEBUG] [ne.ne.fm.ja.AutomaticEventSubscriber/]: Subscribing @EventBusSubscriber class Lcom/simibubi/create/content/trains/track/TrackBlockItem; to the game event bus
[18:37:13] [modloading-worker-0/DEBUG] [ne.ne.fm.ja.AutomaticEventSubscriber/LOADING]: Scanning class com.simibubi.create.content.trains.schedule.ScheduleItemEntityInteraction for @SubscribeEvent-annotated methods
[18:37:13] [modloading-worker-0/DEBUG] [ne.ne.fm.ja.AutomaticEventSubscriber/]: Subscribing @EventBusSubscriber class Lcom/simibubi/create/content/trains/schedule/ScheduleItemEntityInteraction; to the game event bus
[18:37:13] [modloading-worker-0/DEBUG] [ne.ne.fm.ja.AutomaticEventSubscriber/LOADING]: Scanning class com.simibubi.create.content.logistics.box.PackageClientInteractionHandler for @SubscribeEvent-annotated methods
[18:37:13] [modloading-worker-0/DEBUG] [ne.ne.fm.ja.AutomaticEventSubscriber/]: Subscribing @EventBusSubscriber class Lcom/simibubi/create/content/logistics/box/PackageClientInteractionHandler; to the game event bus
[18:37:13] [modloading-worker-0/DEBUG] [ne.ne.fm.ja.AutomaticEventSubscriber/LOADING]: Scanning class com.simibubi.create.content.logistics.funnel.FunnelItem for @SubscribeEvent-annotated methods
[18:37:13] [modloading-worker-0/DEBUG] [ne.ne.fm.ja.AutomaticEventSubscriber/]: Subscribing @EventBusSubscriber class Lcom/simibubi/create/content/logistics/funnel/FunnelItem; to the game event bus
[18:37:13] [modloading-worker-0/DEBUG] [ne.ne.fm.ja.AutomaticEventSubscriber/LOADING]: Scanning class com.simibubi.create.content.logistics.itemHatch.ItemHatchHandler for @SubscribeEvent-annotated methods
[18:37:13] [modloading-worker-0/DEBUG] [ne.ne.fm.ja.AutomaticEventSubscriber/]: Subscribing @EventBusSubscriber class Lcom/simibubi/create/content/logistics/itemHatch/ItemHatchHandler; to the game event bus
[18:37:13] [modloading-worker-0/DEBUG] [ne.ne.fm.ja.AutomaticEventSubscriber/LOADING]: Scanning class com.simibubi.create.content.logistics.stockTicker.StockTickerInteractionHandler for @SubscribeEvent-annotated methods
[18:37:13] [modloading-worker-0/DEBUG] [ne.ne.fm.ja.AutomaticEventSubscriber/]: Subscribing @EventBusSubscriber class Lcom/simibubi/create/content/logistics/stockTicker/StockTickerInteractionHandler; to the game event bus
[18:37:13] [modloading-worker-0/DEBUG] [ne.ne.fm.ja.AutomaticEventSubscriber/LOADING]: Scanning class com.simibubi.create.content.logistics.depot.EjectorTargetHandler for @SubscribeEvent-annotated methods
[18:37:13] [modloading-worker-0/DEBUG] [ne.ne.fm.ja.AutomaticEventSubscriber/]: Subscribing @EventBusSubscriber class Lcom/simibubi/create/content/logistics/depot/EjectorTargetHandler; to the game event bus
[18:37:13] [modloading-worker-0/DEBUG] [ne.ne.fm.ja.AutomaticEventSubscriber/LOADING]: Scanning class com.simibubi.create.content.redstone.displayLink.ClickToLinkBlockItem for @SubscribeEvent-annotated methods
[18:37:13] [modloading-worker-0/DEBUG] [ne.ne.fm.ja.AutomaticEventSubscriber/]: Subscribing @EventBusSubscriber class Lcom/simibubi/create/content/redstone/displayLink/ClickToLinkBlockItem; to the game event bus
[18:37:13] [modloading-worker-0/DEBUG] [ne.ne.fm.ja.AutomaticEventSubscriber/LOADING]: Scanning class com.simibubi.create.content.redstone.link.LinkHandler for @SubscribeEvent-annotated methods
[18:37:13] [modloading-worker-0/DEBUG] [ne.ne.fm.ja.AutomaticEventSubscriber/]: Subscribing @EventBusSubscriber class Lcom/simibubi/create/content/redstone/link/LinkHandler; to the game event bus
[18:37:13] [modloading-worker-0/DEBUG] [ne.ne.fm.ja.AutomaticEventSubscriber/LOADING]: Scanning class com.simibubi.create.content.equipment.extendoGrip.ExtendoGripItem for @SubscribeEvent-annotated methods
[18:37:13] [modloading-worker-0/DEBUG] [ne.ne.fm.ja.AutomaticEventSubscriber/]: Subscribing @EventBusSubscriber class Lcom/simibubi/create/content/equipment/extendoGrip/ExtendoGripItem; to the game event bus
[18:37:13] [modloading-worker-0/DEBUG] [ne.ne.fm.ja.AutomaticEventSubscriber/LOADING]: Scanning class com.simibubi.create.content.equipment.extendoGrip.ExtendoGripRenderHandler for @SubscribeEvent-annotated methods
[18:37:13] [modloading-worker-0/DEBUG] [ne.ne.fm.ja.AutomaticEventSubscriber/]: Subscribing @EventBusSubscriber class Lcom/simibubi/create/content/equipment/extendoGrip/ExtendoGripRenderHandler; to the game event bus
[18:37:13] [modloading-worker-0/DEBUG] [ne.ne.fm.ja.AutomaticEventSubscriber/LOADING]: Scanning class com.simibubi.create.content.equipment.clipboard.ClipboardValueSettingsHandler for @SubscribeEvent-annotated methods
[18:37:13] [modloading-worker-0/DEBUG] [ne.ne.fm.ja.AutomaticEventSubscriber/]: Subscribing @EventBusSubscriber class Lcom/simibubi/create/content/equipment/clipboard/ClipboardValueSettingsHandler; to the game event bus
[18:37:13] [modloading-worker-0/DEBUG] [ne.ne.fm.ja.AutomaticEventSubscriber/LOADING]: Scanning class com.simibubi.create.content.equipment.armor.NetheriteDivingHandler for @SubscribeEvent-annotated methods
[18:37:13] [modloading-worker-0/DEBUG] [ne.ne.fm.ja.AutomaticEventSubscriber/]: Subscribing @EventBusSubscriber class Lcom/simibubi/create/content/equipment/armor/NetheriteDivingHandler; to the game event bus
[18:37:13] [modloading-worker-0/DEBUG] [ne.ne.fm.ja.AutomaticEventSubscriber/LOADING]: Scanning class com.simibubi.create.content.equipment.armor.DivingBootsItem for @SubscribeEvent-annotated methods
[18:37:13] [modloading-worker-0/DEBUG] [ne.ne.fm.ja.AutomaticEventSubscriber/]: Subscribing @EventBusSubscriber class Lcom/simibubi/create/content/equipment/armor/DivingBootsItem; to the game event bus
[18:37:13] [modloading-worker-0/DEBUG] [ne.ne.fm.ja.AutomaticEventSubscriber/LOADING]: Scanning class com.simibubi.create.content.equipment.armor.CardboardArmorHandlerClient for @SubscribeEvent-annotated methods
[18:37:13] [modloading-worker-0/DEBUG] [ne.ne.fm.ja.AutomaticEventSubscriber/]: Subscribing @EventBusSubscriber class Lcom/simibubi/create/content/equipment/armor/CardboardArmorHandlerClient; to the game event bus
[18:37:13] [modloading-worker-0/DEBUG] [ne.ne.fm.ja.AutomaticEventSubscriber/LOADING]: Scanning class com.simibubi.create.content.equipment.armor.CardboardArmorHandler for @SubscribeEvent-annotated methods
[18:37:13] [modloading-worker-0/DEBUG] [ne.ne.fm.ja.AutomaticEventSubscriber/]: Subscribing @EventBusSubscriber class Lcom/simibubi/create/content/equipment/armor/CardboardArmorHandler; to the game event bus
[18:37:13] [modloading-worker-0/DEBUG] [ne.ne.fm.ja.AutomaticEventSubscriber/LOADING]: Scanning class com.simibubi.create.content.equipment.armor.NetheriteBacktankFirstPersonRenderer for @SubscribeEvent-annotated methods
[18:37:13] [modloading-worker-0/DEBUG] [ne.ne.fm.ja.AutomaticEventSubscriber/]: Subscribing @EventBusSubscriber class Lcom/simibubi/create/content/equipment/armor/NetheriteBacktankFirstPersonRenderer; to the game event bus
[18:37:13] [modloading-worker-0/DEBUG] [ne.ne.fm.ja.AutomaticEventSubscriber/LOADING]: Scanning class com.simibubi.create.content.equipment.armor.DivingHelmetItem for @SubscribeEvent-annotated methods
[18:37:13] [modloading-worker-0/DEBUG] [ne.ne.fm.ja.AutomaticEventSubscriber/]: Subscribing @EventBusSubscriber class Lcom/simibubi/create/content/equipment/armor/DivingHelmetItem; to the game event bus
[18:37:13] [modloading-worker-0/DEBUG] [ne.ne.fm.ja.AutomaticEventSubscriber/LOADING]: Scanning class com.simibubi.create.content.equipment.wrench.WrenchEventHandler for @SubscribeEvent-annotated methods
[18:37:13] [modloading-worker-0/DEBUG] [ne.ne.fm.ja.AutomaticEventSubscriber/]: Subscribing @EventBusSubscriber class Lcom/simibubi/create/content/equipment/wrench/WrenchEventHandler; to the game event bus
[18:37:13] [modloading-worker-0/DEBUG] [ne.ne.fm.ja.AutomaticEventSubscriber/LOADING]: Scanning class com.simibubi.create.content.equipment.bell.HauntedBellPulser for @SubscribeEvent-annotated methods
[18:37:13] [modloading-worker-0/DEBUG] [ne.ne.fm.ja.AutomaticEventSubscriber/]: Subscribing @EventBusSubscriber class Lcom/simibubi/create/content/equipment/bell/HauntedBellPulser; to the game event bus
[18:37:13] [modloading-worker-0/DEBUG] [ne.ne.fm.ja.AutomaticEventSubscriber/LOADING]: Scanning class com.simibubi.create.content.equipment.symmetryWand.SymmetryHandler for @SubscribeEvent-annotated methods
[18:37:13] [modloading-worker-0/DEBUG] [ne.ne.fm.ja.AutomaticEventSubscriber/]: Subscribing @EventBusSubscriber class Lcom/simibubi/create/content/equipment/symmetryWand/SymmetryHandler; to the game event bus
[18:37:13] [modloading-worker-0/DEBUG] [ne.ne.fm.ja.AutomaticEventSubscriber/LOADING]: Scanning class com.simibubi.create.content.equipment.zapper.ZapperInteractionHandler for @SubscribeEvent-annotated methods
[18:37:13] [modloading-worker-0/DEBUG] [ne.ne.fm.ja.AutomaticEventSubscriber/]: Subscribing @EventBusSubscriber class Lcom/simibubi/create/content/equipment/zapper/ZapperInteractionHandler; to the game event bus
[18:37:13] [modloading-worker-0/DEBUG] [ne.ne.fm.ja.AutomaticEventSubscriber/LOADING]: Scanning class com.simibubi.create.content.equipment.tool.CardboardSwordItem for @SubscribeEvent-annotated methods
[18:37:13] [modloading-worker-0/DEBUG] [ne.ne.fm.ja.AutomaticEventSubscriber/]: Subscribing @EventBusSubscriber class Lcom/simibubi/create/content/equipment/tool/CardboardSwordItem; to the game event bus
[18:37:13] [modloading-worker-0/DEBUG] [ne.ne.fm.ja.AutomaticEventSubscriber/LOADING]: Scanning class com.simibubi.create.content.kinetics.chainConveyor.ChainConveyorInteractionHandler for @SubscribeEvent-annotated methods
[18:37:13] [modloading-worker-0/DEBUG] [ne.ne.fm.ja.AutomaticEventSubscriber/]: Subscribing @EventBusSubscriber class Lcom/simibubi/create/content/kinetics/chainConveyor/ChainConveyorInteractionHandler; to the game event bus
[18:37:13] [modloading-worker-0/DEBUG] [ne.ne.fm.ja.AutomaticEventSubscriber/LOADING]: Scanning class com.simibubi.create.content.kinetics.chainConveyor.ChainConveyorConnectionHandler for @SubscribeEvent-annotated methods
[18:37:13] [modloading-worker-0/DEBUG] [ne.ne.fm.ja.AutomaticEventSubscriber/]: Subscribing @EventBusSubscriber class Lcom/simibubi/create/content/kinetics/chainConveyor/ChainConveyorConnectionHandler; to the game event bus
[18:37:13] [modloading-worker-0/DEBUG] [ne.ne.fm.ja.AutomaticEventSubscriber/LOADING]: Scanning class com.simibubi.create.content.kinetics.crank.ValveHandleBlock for @SubscribeEvent-annotated methods
[18:37:13] [modloading-worker-0/DEBUG] [ne.ne.fm.ja.AutomaticEventSubscriber/]: Subscribing @EventBusSubscriber class Lcom/simibubi/create/content/kinetics/crank/ValveHandleBlock; to the game event bus
[18:37:13] [modloading-worker-0/DEBUG] [ne.ne.fm.ja.AutomaticEventSubscriber/LOADING]: Scanning class com.simibubi.create.content.kinetics.crusher.CrushingWheelBlockEntity for @SubscribeEvent-annotated methods
[18:37:13] [modloading-worker-0/DEBUG] [ne.ne.fm.ja.AutomaticEventSubscriber/]: Subscribing @EventBusSubscriber class Lcom/simibubi/create/content/kinetics/crusher/CrushingWheelBlockEntity; to the game event bus
[18:37:13] [modloading-worker-0/DEBUG] [ne.ne.fm.ja.AutomaticEventSubscriber/LOADING]: Scanning class com.simibubi.create.content.kinetics.deployer.ManualApplicationRecipe for @SubscribeEvent-annotated methods
[18:37:13] [modloading-worker-0/DEBUG] [ne.ne.fm.ja.AutomaticEventSubscriber/]: Subscribing @EventBusSubscriber class Lcom/simibubi/create/content/kinetics/deployer/ManualApplicationRecipe; to the game event bus
[18:37:13] [modloading-worker-0/DEBUG] [ne.ne.fm.ja.AutomaticEventSubscriber/LOADING]: Scanning class com.simibubi.create.content.kinetics.deployer.DeployerFakePlayer for @SubscribeEvent-annotated methods
[18:37:13] [modloading-worker-0/DEBUG] [ne.ne.fm.ja.AutomaticEventSubscriber/]: Subscribing @EventBusSubscriber class Lcom/simibubi/create/content/kinetics/deployer/DeployerFakePlayer; to the game event bus
[18:37:13] [modloading-worker-0/DEBUG] [ne.ne.fm.ja.AutomaticEventSubscriber/LOADING]: Scanning class com.simibubi.create.content.kinetics.mechanicalArm.ArmInteractionPointHandler for @SubscribeEvent-annotated methods
[18:37:13] [modloading-worker-0/DEBUG] [ne.ne.fm.ja.AutomaticEventSubscriber/]: Subscribing @EventBusSubscriber class Lcom/simibubi/create/content/kinetics/mechanicalArm/ArmInteractionPointHandler; to the game event bus
[18:37:13] [modloading-worker-0/DEBUG] [ne.ne.fm.ja.AutomaticEventSubscriber/LOADING]: Scanning class com.simibubi.create.content.processing.burner.BlazeBurnerHandler for @SubscribeEvent-annotated methods
[18:37:13] [modloading-worker-0/DEBUG] [ne.ne.fm.ja.AutomaticEventSubscriber/]: Subscribing @EventBusSubscriber class Lcom/simibubi/create/content/processing/burner/BlazeBurnerHandler; to the game event bus
[18:37:13] [modloading-worker-0/DEBUG] [ne.ne.fm.ja.AutomaticEventSubscriber/LOADING]: Scanning class com.simibubi.create.AllKeys for @SubscribeEvent-annotated methods
[18:37:13] [modloading-worker-0/DEBUG] [ne.ne.fm.ja.AutomaticEventSubscriber/]: Subscribing @EventBusSubscriber class Lcom/simibubi/create/AllKeys; to the mod event bus of mod create
[18:37:13] [modloading-worker-0/DEBUG] [ne.ne.fm.ja.AutomaticEventSubscriber/LOADING]: Scanning class com.simibubi.create.impl.registry.CreateDataMapsImpl for @SubscribeEvent-annotated methods
[18:37:13] [modloading-worker-0/DEBUG] [ne.ne.fm.ja.AutomaticEventSubscriber/]: Subscribing @EventBusSubscriber class Lcom/simibubi/create/impl/registry/CreateDataMapsImpl; to the mod event bus of mod create
[18:37:13] [modloading-worker-0/DEBUG] [ne.ne.fm.ja.AutomaticEventSubscriber/LOADING]: Scanning class com.simibubi.create.impl.registry.CreateRegistriesImpl for @SubscribeEvent-annotated methods
[18:37:13] [modloading-worker-0/DEBUG] [ne.ne.fm.ja.AutomaticEventSubscriber/]: Subscribing @EventBusSubscriber class Lcom/simibubi/create/impl/registry/CreateRegistriesImpl; to the mod event bus of mod create
[18:37:13] [modloading-sync-worker/DEBUG] [ne.ne.ne.re.GameData/REGISTRIES]: Unfreezing registries
[18:37:14] [modloading-sync-worker/DEBUG] [mixin/]: Mixing accessor.ItemModelGeneratorsAccessor from create.mixins.json into net.minecraft.data.models.ItemModelGenerators
[18:37:14] [modloading-sync-worker/DEBUG] [mixin/]: Renaming @Accessor method create$getGENERATED_TRIM_MODELS()Ljava/util/List; to getGENERATED_TRIM_MODELS$create_$md$45b5b5$0 in create.mixins.json:accessor.ItemModelGeneratorsAccessor from mod create
[18:37:14] [modloading-sync-worker/DEBUG] [mixin/]: Mixing client.HumanoidModelMixin from create.mixins.json into net.minecraft.client.model.HumanoidModel
[18:37:14] [modloading-sync-worker/DEBUG] [mixin/]: create.mixins.json:client.HumanoidModelMixin from mod create->@Inject::create$afterSetupAnim(Lnet/minecraft/world/entity/LivingEntity;FFFFFLorg/spongepowered/asm/mixin/injection/callback/CallbackInfo;)V doesn't use it's CallbackInfo
[18:37:14] [modloading-sync-worker/DEBUG] [mixin/]: create.mixins.json:client.HumanoidModelMixin from mod create->@Inject::create$afterSetupAnim(Lnet/minecraft/world/entity/LivingEntity;FFFFFLorg/spongepowered/asm/mixin/injection/callback/CallbackInfo;)V has 0 override(s) in child classes
[18:37:14] [modloading-sync-worker/DEBUG] [mixin/]: create.mixins.json:client.HumanoidModelMixin from mod create->@Inject::create$afterSetupAnim(Lnet/minecraft/world/entity/LivingEntity;FFFFFLorg/spongepowered/asm/mixin/injection/callback/CallbackInfo;)V won't be passed a CallbackInfo as a result
[18:37:14] [modloading-sync-worker/DEBUG] [mixin/]: create.mixins.json:client.HumanoidModelMixin from mod create->@Inject::create$afterSetupAnim(Lnet/minecraft/world/entity/LivingEntity;FFFFFLorg/spongepowered/asm/mixin/injection/callback/CallbackInfo;)V doesn't use it's CallbackInfo
[18:37:14] [modloading-sync-worker/DEBUG] [mixin/]: create.mixins.json:client.HumanoidModelMixin from mod create->@Inject::create$afterSetupAnim(Lnet/minecraft/world/entity/LivingEntity;FFFFFLorg/spongepowered/asm/mixin/injection/callback/CallbackInfo;)V has 0 override(s) in child classes
[18:37:14] [modloading-sync-worker/DEBUG] [mixin/]: create.mixins.json:client.HumanoidModelMixin from mod create->@Inject::create$afterSetupAnim(Lnet/minecraft/world/entity/LivingEntity;FFFFFLorg/spongepowered/asm/mixin/injection/callback/CallbackInfo;)V won't be passed a CallbackInfo as a result
[18:37:14] [modloading-sync-worker/DEBUG] [mixin/]: create.mixins.json:client.HumanoidModelMixin from mod create->@Inject::create$beforeSetupAnim(Lnet/minecraft/world/entity/LivingEntity;FFFFFLorg/spongepowered/asm/mixin/injection/callback/CallbackInfo;)V doesn't use it's CallbackInfo
[18:37:14] [modloading-sync-worker/DEBUG] [mixin/]: create.mixins.json:client.HumanoidModelMixin from mod create->@Inject::create$beforeSetupAnim(Lnet/minecraft/world/entity/LivingEntity;FFFFFLorg/spongepowered/asm/mixin/injection/callback/CallbackInfo;)V has 0 override(s) in child classes
[18:37:14] [modloading-sync-worker/DEBUG] [mixin/]: create.mixins.json:client.HumanoidModelMixin from mod create->@Inject::create$beforeSetupAnim(Lnet/minecraft/world/entity/LivingEntity;FFFFFLorg/spongepowered/asm/mixin/injection/callback/CallbackInfo;)V won't be passed a CallbackInfo as a result
[18:37:14] [modloading-sync-worker/DEBUG] [mixin/]: create.mixins.json:client.HumanoidModelMixin from mod create->@Inject::create$beforeSetupAnim(Lnet/minecraft/world/entity/LivingEntity;FFFFFLorg/spongepowered/asm/mixin/injection/callback/CallbackInfo;)V doesn't use it's CallbackInfo
[18:37:14] [modloading-sync-worker/DEBUG] [mixin/]: create.mixins.json:client.HumanoidModelMixin from mod create->@Inject::create$beforeSetupAnim(Lnet/minecraft/world/entity/LivingEntity;FFFFFLorg/spongepowered/asm/mixin/injection/callback/CallbackInfo;)V has 0 override(s) in child classes
[18:37:14] [modloading-sync-worker/DEBUG] [mixin/]: create.mixins.json:client.HumanoidModelMixin from mod create->@Inject::create$beforeSetupAnim(Lnet/minecraft/world/entity/LivingEntity;FFFFFLorg/spongepowered/asm/mixin/injection/callback/CallbackInfo;)V won't be passed a CallbackInfo as a result
[18:37:14] [modloading-sync-worker/DEBUG] [mixin/]: Mixing accessor.AgeableListModelAccessor from create.mixins.json into net.minecraft.client.model.AgeableListModel
[18:37:14] [modloading-sync-worker/DEBUG] [mixin/]: Mixing AgeableListModelAccessor from createdieselgenerators.mixins.json into net.minecraft.client.model.AgeableListModel
[18:37:14] [modloading-sync-worker/DEBUG] [mixin/]: createdieselgenerators.mixins.json:AgeableListModelAccessor from mod createdieselgenerators: Class version 65 required is higher than the class version supported by the current version of Mixin (JAVA_17 supports class version 61)
[18:37:14] [modloading-sync-worker/DEBUG] [mixin/]: Mixing FontMixin from jade.mixins.json into net.minecraft.client.gui.Font
[18:37:14] [modloading-sync-worker/DEBUG] [mixin/]: jade.mixins.json:FontMixin from mod jade: Class version 65 required is higher than the class version supported by the current version of Mixin (JAVA_16 supports class version 60)
[18:37:14] [modloading-sync-worker/DEBUG] [mixin/]: Mixing accessor.FontAccessor from create.mixins.json into net.minecraft.client.gui.Font
[18:37:14] [modloading-sync-worker/DEBUG] [mixin/]: jade.mixins.json:FontMixin from mod jade->@Inject::jade$renderChar(Lnet/minecraft/client/gui/font/glyphs/BakedGlyph;ZZFFFLorg/joml/Matrix4f;Lcom/mojang/blaze3d/vertex/VertexConsumer;FFFFILorg/spongepowered/asm/mixin/injection/callback/CallbackInfo;)V does use it's CallbackInfo
[18:37:14] [modloading-sync-worker/DEBUG] [mixin/]: Mixing CanItemPerformAbilityAccess from jade.mixins.json into net.neoforged.neoforge.common.loot.CanItemPerformAbility
[18:37:14] [modloading-sync-worker/DEBUG] [mixin/]: jade.mixins.json:CanItemPerformAbilityAccess from mod jade: Class version 65 required is higher than the class version supported by the current version of Mixin (JAVA_16 supports class version 60)
[18:37:14] [modloading-sync-worker/DEBUG] [ne.ne.ne.re.GameData/REGISTRIES]: Freezing registries
[18:37:16] [modloading-sync-worker/DEBUG] [ne.ne.ne.re.GameData/REGISTRIES]: All registries frozen
[18:37:16] [modloading-sync-worker/DEBUG] [ne.ne.fm.co.ConfigTracker/CONFIG]: Loading configs type CLIENT
[18:37:16] [modloading-sync-worker/DEBUG] [ne.ne.fm.co.ConfigTracker/CONFIG]: Loaded TOML config file E:\PotatoST\run\client\config\flywheel-client.toml
[18:37:16] [modloading-sync-worker/DEBUG] [ne.ne.fm.co.ConfigTracker/CONFIG]: Watching TOML config file E:\PotatoST\run\client\config\flywheel-client.toml for changes
[18:37:16] [modloading-sync-worker/DEBUG] [ne.ne.ne.co.NeoForgeConfig/FORGEMOD]: Loaded NeoForge config file neoforge-client.toml
[18:37:16] [modloading-sync-worker/DEBUG] [ne.ne.fm.co.ConfigTracker/CONFIG]: Loaded TOML config file E:\PotatoST\run\client\config\neoforge-client.toml
[18:37:16] [modloading-sync-worker/DEBUG] [ne.ne.fm.co.ConfigTracker/CONFIG]: Watching TOML config file E:\PotatoST\run\client\config\neoforge-client.toml for changes
[18:37:16] [modloading-sync-worker/DEBUG] [ne.ne.fm.co.ConfigTracker/CONFIG]: Loaded TOML config file E:\PotatoST\run\client\config\ponder-client.toml
[18:37:16] [modloading-sync-worker/DEBUG] [ne.ne.fm.co.ConfigTracker/CONFIG]: Watching TOML config file E:\PotatoST\run\client\config\ponder-client.toml for changes
[18:37:16] [modloading-sync-worker/DEBUG] [ne.ne.fm.co.ConfigTracker/CONFIG]: Loaded TOML config file E:\PotatoST\run\client\config\create_new_age-client.toml
[18:37:16] [modloading-sync-worker/DEBUG] [ne.ne.fm.co.ConfigTracker/CONFIG]: Watching TOML config file E:\PotatoST\run\client\config\create_new_age-client.toml for changes
[18:37:16] [modloading-sync-worker/DEBUG] [ne.ne.fm.co.ConfigTracker/CONFIG]: Loaded TOML config file E:\PotatoST\run\client\config\createdieselgenerators-client.toml
[18:37:16] [modloading-sync-worker/DEBUG] [ne.ne.fm.co.ConfigTracker/CONFIG]: Watching TOML config file E:\PotatoST\run\client\config\createdieselgenerators-client.toml for changes
[18:37:16] [modloading-sync-worker/DEBUG] [ne.ne.fm.co.ConfigTracker/CONFIG]: Loaded TOML config file E:\PotatoST\run\client\config\create-client.toml
[18:37:16] [modloading-sync-worker/DEBUG] [ne.ne.fm.co.ConfigTracker/CONFIG]: Watching TOML config file E:\PotatoST\run\client\config\create-client.toml for changes
[18:37:16] [modloading-sync-worker/DEBUG] [ne.ne.fm.co.ConfigTracker/CONFIG]: Loading configs type COMMON
[18:37:16] [modloading-sync-worker/DEBUG] [ne.ne.ne.co.NeoForgeConfig/FORGEMOD]: Loaded NeoForge config file neoforge-common.toml
[18:37:16] [modloading-sync-worker/DEBUG] [ne.ne.fm.co.ConfigTracker/CONFIG]: Loaded TOML config file E:\PotatoST\run\client\config\neoforge-common.toml
[18:37:16] [modloading-sync-worker/DEBUG] [ne.ne.fm.co.ConfigTracker/CONFIG]: Watching TOML config file E:\PotatoST\run\client\config\neoforge-common.toml for changes
[18:37:16] [modloading-sync-worker/DEBUG] [ne.ne.fm.co.ConfigTracker/CONFIG]: Loaded TOML config file E:\PotatoST\run\client\config\createdieselgenerators-common.toml
[18:37:16] [modloading-sync-worker/DEBUG] [ne.ne.fm.co.ConfigTracker/CONFIG]: Watching TOML config file E:\PotatoST\run\client\config\createdieselgenerators-common.toml for changes
[18:37:16] [modloading-sync-worker/DEBUG] [ne.ne.fm.co.ConfigTracker/CONFIG]: Loaded TOML config file E:\PotatoST\run\client\config\create-common.toml
[18:37:16] [modloading-sync-worker/DEBUG] [ne.ne.fm.co.ConfigTracker/CONFIG]: Watching TOML config file E:\PotatoST\run\client\config\create-common.toml for changes
[18:37:16] [Render thread/DEBUG] [mixin/]: Mixing platform.neoforge.ResourcePackLoaderMixin from sodium-neoforge.mixins.json into net.neoforged.neoforge.resource.ResourcePackLoader
[18:37:16] [Render thread/DEBUG] [mixin/]: Renaming synthetic method lambda$changeSet$0(Ljava/util/Map$Entry;Ljava/util/Map$Entry;)I to md45b5b5$sodium$lambda$changeSet$0$0 in sodium-neoforge.mixins.json:platform.neoforge.ResourcePackLoaderMixin from mod sodium
[18:37:16] [Render thread/DEBUG] [mixin/]: Mixing features.render.gui.font.BakedGlyphMixin from sodium-common.mixins.json into net.minecraft.client.gui.font.glyphs.BakedGlyph
[18:37:16] [Render thread/DEBUG] [mixin/]: sodium-common.mixins.json:features.render.gui.font.BakedGlyphMixin from mod sodium->@Inject::drawFast(ZFFLorg/joml/Matrix4f;Lcom/mojang/blaze3d/vertex/VertexConsumer;FFFFILorg/spongepowered/asm/mixin/injection/callback/CallbackInfo;)V does use it's CallbackInfo
[18:37:16] [Render thread/DEBUG] [mixin/]: Mixing core.model.colors.BlockColorsMixin from sodium-common.mixins.json into net.minecraft.client.color.block.BlockColors
[18:37:16] [Render thread/DEBUG] [mixin/]: sodium-common.mixins.json:core.model.colors.BlockColorsMixin from mod sodium->@Inject::preRegisterColorProvider(Lnet/minecraft/client/color/block/BlockColor;[Lnet/minecraft/world/level/block/Block;Lorg/spongepowered/asm/mixin/injection/callback/CallbackInfo;)V doesn't use it's CallbackInfo
[18:37:16] [Render thread/DEBUG] [mixin/]: sodium-common.mixins.json:core.model.colors.BlockColorsMixin from mod sodium->@Inject::preRegisterColorProvider(Lnet/minecraft/client/color/block/BlockColor;[Lnet/minecraft/world/level/block/Block;Lorg/spongepowered/asm/mixin/injection/callback/CallbackInfo;)V has 0 override(s) in child classes
[18:37:16] [Render thread/DEBUG] [mixin/]: sodium-common.mixins.json:core.model.colors.BlockColorsMixin from mod sodium->@Inject::preRegisterColorProvider(Lnet/minecraft/client/color/block/BlockColor;[Lnet/minecraft/world/level/block/Block;Lorg/spongepowered/asm/mixin/injection/callback/CallbackInfo;)V won't be passed a CallbackInfo as a result
[18:37:16] [Render thread/DEBUG] [mixin/]: Mixing platform.neoforge.ClientHooksMixin from sodium-neoforge.mixins.json into net.neoforged.neoforge.client.ClientHooks
[18:37:16] [Render thread/DEBUG] [mixin/]: Mixing core.model.colors.ItemColorsMixin from sodium-common.mixins.json into net.minecraft.client.color.item.ItemColors
[18:37:16] [Render thread/DEBUG] [mixin/]: sodium-common.mixins.json:core.model.colors.ItemColorsMixin from mod sodium->@Inject::preRegisterColor(Lnet/minecraft/client/color/item/ItemColor;[Lnet/minecraft/world/level/ItemLike;Lorg/spongepowered/asm/mixin/injection/callback/CallbackInfo;)V doesn't use it's CallbackInfo
[18:37:16] [Render thread/DEBUG] [mixin/]: sodium-common.mixins.json:core.model.colors.ItemColorsMixin from mod sodium->@Inject::preRegisterColor(Lnet/minecraft/client/color/item/ItemColor;[Lnet/minecraft/world/level/ItemLike;Lorg/spongepowered/asm/mixin/injection/callback/CallbackInfo;)V has 0 override(s) in child classes
[18:37:16] [Render thread/DEBUG] [mixin/]: sodium-common.mixins.json:core.model.colors.ItemColorsMixin from mod sodium->@Inject::preRegisterColor(Lnet/minecraft/client/color/item/ItemColor;[Lnet/minecraft/world/level/ItemLike;Lorg/spongepowered/asm/mixin/injection/callback/CallbackInfo;)V won't be passed a CallbackInfo as a result
[18:37:16] [Render thread/DEBUG] [mixin/]: Mixing features.render.entity.shadows.EntityRenderDispatcherMixin from sodium-common.mixins.json into net.minecraft.client.renderer.entity.EntityRenderDispatcher
[18:37:16] [Render thread/DEBUG] [mixin/]: Mixing accessor.EntityRenderDispatcherAccessor from create.mixins.json into net.minecraft.client.renderer.entity.EntityRenderDispatcher
[18:37:16] [Render thread/DEBUG] [mixin/]: sodium-common.mixins.json:features.render.entity.shadows.EntityRenderDispatcherMixin from mod sodium->@Inject::renderShadowPartFast(Lcom/mojang/blaze3d/vertex/PoseStack$Pose;Lcom/mojang/blaze3d/vertex/VertexConsumer;Lnet/minecraft/world/level/chunk/ChunkAccess;Lnet/minecraft/world/level/LevelReader;Lnet/minecraft/core/BlockPos;DDDFFLorg/spongepowered/asm/mixin/injection/callback/CallbackInfo;)V does use it's CallbackInfo
[18:37:16] [Render thread/DEBUG] [mixin/]: Mixing core.render.world.RenderBuffersMixin from sodium-common.mixins.json into net.minecraft.client.renderer.RenderBuffers
[18:37:16] [Render thread/DEBUG] [mixin/]: Mixing features.render.immediate.buffer_builder.sorting.MultiBufferSourceMixin from sodium-common.mixins.json into net.minecraft.client.renderer.MultiBufferSource$BufferSource
[18:37:16] [Render thread/DEBUG] [mixin/]: Mixing features.render.frapi.ModelBlockRendererMixin from sodium-common.mixins.json into net.minecraft.client.renderer.block.ModelBlockRenderer
[18:37:16] [Render thread/DEBUG] [mixin/]: Renaming synthetic method lambda$new$0()Lnet/caffeinemc/mods/sodium/client/render/frapi/render/NonTerrainBlockRenderContext; to md45b5b5$sodium$lambda$new$0$0 in sodium-common.mixins.json:features.render.frapi.ModelBlockRendererMixin from mod sodium
[18:37:16] [Render thread/DEBUG] [mixin/]: Mixing features.textures.animations.tracking.ModelBlockRendererMixin from sodium-common.mixins.json into net.minecraft.client.renderer.block.ModelBlockRenderer
[18:37:16] [Render thread/DEBUG] [mixin/]: Mixing features.render.model.block.ModelBlockRendererMixin from sodium-neoforge.mixins.json into net.minecraft.client.renderer.block.ModelBlockRenderer
[18:37:16] [Render thread/DEBUG] [mixin/]: Mixing ModelBlockRendererMixin from flywheel.impl.neoforge.mixins.json into net.minecraft.client.renderer.block.ModelBlockRenderer
[18:37:16] [Render thread/DEBUG] [mixin/]: flywheel.impl.neoforge.mixins.json:ModelBlockRendererMixin from mod flywheel: Class version 65 required is higher than the class version supported by the current version of Mixin (JAVA_17 supports class version 61)
[18:37:16] [Render thread/DEBUG] [mixin/]: sodium-common.mixins.json:features.render.frapi.ModelBlockRendererMixin from mod sodium->@Inject::onRender(Lnet/minecraft/world/level/BlockAndTintGetter;Lnet/minecraft/client/resources/model/BakedModel;Lnet/minecraft/world/level/block/state/BlockState;Lnet/minecraft/core/BlockPos;Lcom/mojang/blaze3d/vertex/PoseStack;Lcom/mojang/blaze3d/vertex/VertexConsumer;ZLnet/minecraft/util/RandomSource;JILorg/spongepowered/asm/mixin/injection/callback/CallbackInfo;)V does use it's CallbackInfo
[18:37:16] [Render thread/DEBUG] [mixin/]: sodium-common.mixins.json:features.textures.animations.tracking.ModelBlockRendererMixin from mod sodium->@Inject::preRenderQuad(Lnet/minecraft/world/level/BlockAndTintGetter;Lnet/minecraft/world/level/block/state/BlockState;Lnet/minecraft/core/BlockPos;Lcom/mojang/blaze3d/vertex/VertexConsumer;Lcom/mojang/blaze3d/vertex/PoseStack$Pose;Lnet/minecraft/client/renderer/block/model/BakedQuad;FFFFIIIIILorg/spongepowered/asm/mixin/injection/callback/CallbackInfo;)V doesn't use it's CallbackInfo
[18:37:16] [Render thread/DEBUG] [mixin/]: sodium-common.mixins.json:features.textures.animations.tracking.ModelBlockRendererMixin from mod sodium->@Inject::preRenderQuad(Lnet/minecraft/world/level/BlockAndTintGetter;Lnet/minecraft/world/level/block/state/BlockState;Lnet/minecraft/core/BlockPos;Lcom/mojang/blaze3d/vertex/VertexConsumer;Lcom/mojang/blaze3d/vertex/PoseStack$Pose;Lnet/minecraft/client/renderer/block/model/BakedQuad;FFFFIIIIILorg/spongepowered/asm/mixin/injection/callback/CallbackInfo;)V has 0 override(s) in child classes
[18:37:16] [Render thread/DEBUG] [mixin/]: sodium-common.mixins.json:features.textures.animations.tracking.ModelBlockRendererMixin from mod sodium->@Inject::preRenderQuad(Lnet/minecraft/world/level/BlockAndTintGetter;Lnet/minecraft/world/level/block/state/BlockState;Lnet/minecraft/core/BlockPos;Lcom/mojang/blaze3d/vertex/VertexConsumer;Lcom/mojang/blaze3d/vertex/PoseStack$Pose;Lnet/minecraft/client/renderer/block/model/BakedQuad;FFFFIIIIILorg/spongepowered/asm/mixin/injection/callback/CallbackInfo;)V won't be passed a CallbackInfo as a result
[18:37:16] [Render thread/DEBUG] [mixin/]: sodium-neoforge.mixins.json:features.render.model.block.ModelBlockRendererMixin from mod sodium->@Inject::renderFast(Lcom/mojang/blaze3d/vertex/PoseStack$Pose;Lcom/mojang/blaze3d/vertex/VertexConsumer;Lnet/minecraft/world/level/block/state/BlockState;Lnet/minecraft/client/resources/model/BakedModel;FFFIILnet/neoforged/neoforge/client/model/data/ModelData;Lnet/minecraft/client/renderer/RenderType;Lorg/spongepowered/asm/mixin/injection/callback/CallbackInfo;)V does use it's CallbackInfo
[18:37:16] [Render thread/DEBUG] [mixin/]: flywheel.impl.neoforge.mixins.json:ModelBlockRendererMixin from mod flywheel->@Inject::onTesselateBlock(Lnet/minecraft/world/level/BlockAndTintGetter;Lnet/minecraft/client/resources/model/BakedModel;Lnet/minecraft/world/level/block/state/BlockState;Lnet/minecraft/core/BlockPos;Lcom/mojang/blaze3d/vertex/PoseStack;Lcom/mojang/blaze3d/vertex/VertexConsumer;ZLnet/minecraft/util/RandomSource;JILnet/neoforged/neoforge/client/model/data/ModelData;Lnet/minecraft/client/renderer/RenderType;Lorg/spongepowered/asm/mixin/injection/callback/CallbackInfo;Z)V doesn't use it's CallbackInfo
[18:37:16] [Render thread/DEBUG] [mixin/]: flywheel.impl.neoforge.mixins.json:ModelBlockRendererMixin from mod flywheel->@Inject::onTesselateBlock(Lnet/minecraft/world/level/BlockAndTintGetter;Lnet/minecraft/client/resources/model/BakedModel;Lnet/minecraft/world/level/block/state/BlockState;Lnet/minecraft/core/BlockPos;Lcom/mojang/blaze3d/vertex/PoseStack;Lcom/mojang/blaze3d/vertex/VertexConsumer;ZLnet/minecraft/util/RandomSource;JILnet/neoforged/neoforge/client/model/data/ModelData;Lnet/minecraft/client/renderer/RenderType;Lorg/spongepowered/asm/mixin/injection/callback/CallbackInfo;Z)V has 0 override(s) in child classes
[18:37:16] [Render thread/DEBUG] [mixin/]: flywheel.impl.neoforge.mixins.json:ModelBlockRendererMixin from mod flywheel->@Inject::onTesselateBlock(Lnet/minecraft/world/level/BlockAndTintGetter;Lnet/minecraft/client/resources/model/BakedModel;Lnet/minecraft/world/level/block/state/BlockState;Lnet/minecraft/core/BlockPos;Lcom/mojang/blaze3d/vertex/PoseStack;Lcom/mojang/blaze3d/vertex/VertexConsumer;ZLnet/minecraft/util/RandomSource;JILnet/neoforged/neoforge/client/model/data/ModelData;Lnet/minecraft/client/renderer/RenderType;Lorg/spongepowered/asm/mixin/injection/callback/CallbackInfo;Z)V won't be passed a CallbackInfo as a result
[18:37:16] [Render thread/DEBUG] [mixin/]: Mixing platform.neoforge.AbstractBlockRenderContextMixin from sodium-neoforge.mixins.json into net.caffeinemc.mods.sodium.client.render.frapi.render.AbstractBlockRenderContext
[18:37:16] [Render thread/DEBUG] [mixin/]: Mixing core.model.TextureAtlasSpriteMixin from sodium-common.mixins.json into net.minecraft.client.renderer.texture.TextureAtlasSprite
[18:37:16] [Render thread/DEBUG] [mixin/]: Mixing features.textures.animations.tracking.TextureAtlasSpriteMixin from sodium-common.mixins.json into net.minecraft.client.renderer.texture.TextureAtlasSprite
[18:37:16] [Render thread/DEBUG] [mixin/]: Mixing features.textures.scan.TextureAtlasSpriteMixin from sodium-common.mixins.json into net.minecraft.client.renderer.texture.TextureAtlasSprite
[18:37:16] [Render thread/DEBUG] [mixin/]: sodium-common.mixins.json:features.textures.animations.tracking.TextureAtlasSpriteMixin from mod sodium->@Inject::markSpriteAsActive(Lorg/spongepowered/asm/mixin/injection/callback/CallbackInfoReturnable;)V doesn't use it's CallbackInfoReturnable
[18:37:16] [Render thread/DEBUG] [mixin/]: sodium-common.mixins.json:features.textures.animations.tracking.TextureAtlasSpriteMixin from mod sodium->@Inject::markSpriteAsActive(Lorg/spongepowered/asm/mixin/injection/callback/CallbackInfoReturnable;)V has 0 override(s) in child classes
[18:37:16] [Render thread/DEBUG] [mixin/]: sodium-common.mixins.json:features.textures.animations.tracking.TextureAtlasSpriteMixin from mod sodium->@Inject::markSpriteAsActive(Lorg/spongepowered/asm/mixin/injection/callback/CallbackInfoReturnable;)V won't be passed a CallbackInfoReturnable as a result
[18:37:16] [Render thread/DEBUG] [mixin/]: Mixing client.accessor.ParticleEngineAccessor from ponder.mixins.json into net.minecraft.client.particle.ParticleEngine
[18:37:16] [Render thread/DEBUG] [mixin/]: ponder.mixins.json:client.accessor.ParticleEngineAccessor from mod ponder: Class version 65 required is higher than the class version supported by the current version of Mixin (JAVA_17 supports class version 61)
[18:37:16] [Render thread/DEBUG] [mixin/]: Mixing client.CameraMixin from create.mixins.json into net.minecraft.client.Camera
[18:37:16] [Render thread/DEBUG] [mixin/]: Mixing core.render.immediate.consumer.BufferBuilderMixin from sodium-common.mixins.json into com.mojang.blaze3d.vertex.BufferBuilder
[18:37:16] [Render thread/DEBUG] [mixin/]: Mixing features.render.immediate.buffer_builder.intrinsics.BufferBuilderAccessor from sodium-common.mixins.json into com.mojang.blaze3d.vertex.BufferBuilder
[18:37:16] [Render thread/DEBUG] [mixin/]: Mixing client.accessor.BufferBuilderAccessor from ponder-common.mixins.json into com.mojang.blaze3d.vertex.BufferBuilder
[18:37:16] [Render thread/DEBUG] [mixin/]: ponder-common.mixins.json:client.accessor.BufferBuilderAccessor from mod ponder: Class version 65 required is higher than the class version supported by the current version of Mixin (JAVA_17 supports class version 61)
[18:37:16] [Render thread/DEBUG] [mixin/]: Mixing features.render.immediate.buffer_builder.sorting.MeshDataAccessor from sodium-common.mixins.json into com.mojang.blaze3d.vertex.MeshData
[18:37:16] [Render thread/DEBUG] [mixin/]: Mixing features.options.overlays.GuiMixin from sodium-common.mixins.json into net.minecraft.client.gui.Gui
[18:37:16] [Render thread/DEBUG] [mixin/]: Mixing accessor.GuiAccessor from create.mixins.json into net.minecraft.client.gui.Gui
[18:37:16] [Render thread/DEBUG] [mixin/]: Mixing DebugHudMixin from fabric-renderer-api-v1.debughud.mixins.json into net.minecraft.client.gui.components.DebugScreenOverlay
[18:37:16] [Render thread/DEBUG] [mixin/]: fabric-renderer-api-v1.debughud.mixins.json:DebugHudMixin from mod fabric_renderer_api_v1: Class version 65 required is higher than the class version supported by the current version of Mixin (JAVA_17 supports class version 61)
[18:37:16] [Render thread/DEBUG] [mixin/]: Mixing features.gui.hooks.debug.DebugScreenOverlayMixin from sodium-common.mixins.json into net.minecraft.client.gui.components.DebugScreenOverlay
[18:37:16] [Render thread/DEBUG] [mixin/]: fabric-renderer-api-v1.debughud.mixins.json:DebugHudMixin from mod fabric_renderer_api_v1->@Inject::getLeftText(Lorg/spongepowered/asm/mixin/injection/callback/CallbackInfoReturnable;)V does use it's CallbackInfoReturnable
[18:37:16] [Render thread/DEBUG] [mixin/]: fabric-renderer-api-v1.debughud.mixins.json:DebugHudMixin from mod fabric_renderer_api_v1->@Inject::getLeftText(Lorg/spongepowered/asm/mixin/injection/callback/CallbackInfoReturnable;)V does use it's CallbackInfoReturnable
[18:37:16] [Render thread/DEBUG] [mixin/]: sodium-common.mixins.json:features.gui.hooks.debug.DebugScreenOverlayMixin from mod sodium->@Inject::sodium$captureFrameDuration(JLorg/spongepowered/asm/mixin/injection/callback/CallbackInfo;)V doesn't use it's CallbackInfo
[18:37:16] [Render thread/DEBUG] [mixin/]: sodium-common.mixins.json:features.gui.hooks.debug.DebugScreenOverlayMixin from mod sodium->@Inject::sodium$captureFrameDuration(JLorg/spongepowered/asm/mixin/injection/callback/CallbackInfo;)V has 0 override(s) in child classes
[18:37:16] [Render thread/DEBUG] [mixin/]: sodium-common.mixins.json:features.gui.hooks.debug.DebugScreenOverlayMixin from mod sodium->@Inject::sodium$captureFrameDuration(JLorg/spongepowered/asm/mixin/injection/callback/CallbackInfo;)V won't be passed a CallbackInfo as a result
[18:37:16] [Render thread/INFO] [ne.ne.ne.ga.GameTestHooks/]: Enabled Gametest Namespaces: [potato_s_t]
[18:37:16] [Render thread/DEBUG] [mixin/]: Mixing accessor.GameTestHelperAccessor from create.mixins.json into net.minecraft.gametest.framework.GameTestHelper
[18:37:17] [Render thread/DEBUG] [mixin/]: Mixing features.render.entity.cull.EntityRendererMixin from sodium-common.mixins.json into net.minecraft.client.renderer.entity.EntityRenderer
[18:37:17] [Render thread/DEBUG] [mixin/]: Mixing client.PlayerRendererMixin from create.mixins.json into net.minecraft.client.renderer.entity.player.PlayerRenderer
[18:37:17] [Render thread/DEBUG] [mixin/]: create.mixins.json:client.PlayerRendererMixin from mod create->@Inject::create$onGetArmPose(Lnet/minecraft/client/player/AbstractClientPlayer;Lnet/minecraft/world/InteractionHand;Lorg/spongepowered/asm/mixin/injection/callback/CallbackInfoReturnable;)V does use it's CallbackInfoReturnable
[18:37:17] [Render thread/DEBUG] [mixin/]: Mixing accessor.HumanoidArmorLayerAccessor from create.mixins.json into net.minecraft.client.renderer.entity.layers.HumanoidArmorLayer
[18:37:17] [Render thread/DEBUG] [mixin/]: Renaming @Accessor method create$getArmorLocationCache()Ljava/util/Map; to getArmorLocationCache$create_$md$45b5b5$0 in create.mixins.json:accessor.HumanoidArmorLayerAccessor from mod create
[18:37:17] [Render thread/DEBUG] [mixin/]: Mixing client.HumanoidArmorLayerMixin from create.mixins.json into net.minecraft.client.renderer.entity.layers.HumanoidArmorLayer
[18:37:17] [Render thread/DEBUG] [mixin/]: create.mixins.json:client.HumanoidArmorLayerMixin from mod create->@Inject::create$onRenderArmorPiece(Lcom/mojang/blaze3d/vertex/PoseStack;Lnet/minecraft/client/renderer/MultiBufferSource;Lnet/minecraft/world/entity/LivingEntity;Lnet/minecraft/world/entity/EquipmentSlot;ILnet/minecraft/client/model/HumanoidModel;FFFFFFLorg/spongepowered/asm/mixin/injection/callback/CallbackInfo;)V does use it's CallbackInfo
[18:37:17] [Render thread/DEBUG] [mixin/]: Mixing features.render.entity.ModelPartMixin from sodium-common.mixins.json into net.minecraft.client.model.geom.ModelPart
[18:37:17] [Render thread/DEBUG] [mixin/]: Mixing ModelPartAccessor from flywheel.impl.mixins.json into net.minecraft.client.model.geom.ModelPart
[18:37:17] [Render thread/DEBUG] [mixin/]: Mixing ModelPartAccessor from createdieselgenerators.mixins.json into net.minecraft.client.model.geom.ModelPart
[18:37:17] [Render thread/DEBUG] [mixin/]: createdieselgenerators.mixins.json:ModelPartAccessor from mod createdieselgenerators: Class version 65 required is higher than the class version supported by the current version of Mixin (JAVA_17 supports class version 61)
[18:37:17] [Render thread/DEBUG] [mixin/]: Mixing MixinChatListener from xaeroworldmap.mixins.json into net.minecraft.client.multiplayer.chat.ChatListener
[18:37:17] [Render thread/DEBUG] [mixin/]: xaeroworldmap.mixins.json:MixinChatListener from mod xaeroworldmap: Class version 65 required is higher than the class version supported by the current version of Mixin (JAVA_17 supports class version 61)
[18:37:17] [Render thread/DEBUG] [mixin/]: xaeroworldmap.mixins.json:MixinChatListener from mod xaeroworldmap->@Inject::onHandleDisguisedChatMessag(Lnet/minecraft/network/chat/Component;Lnet/minecraft/network/chat/ChatType$Bound;Lorg/spongepowered/asm/mixin/injection/callback/CallbackInfo;)V does use it's CallbackInfo
[18:37:17] [Render thread/DEBUG] [mixin/]: xaeroworldmap.mixins.json:MixinChatListener from mod xaeroworldmap->@Inject::onHandleSystemChat(Lnet/minecraft/network/chat/Component;ZLorg/spongepowered/asm/mixin/injection/callback/CallbackInfo;)V does use it's CallbackInfo
[18:37:17] [Render thread/INFO] [minecraft/ReloadableResourceManager]: Reloading ResourceManager: vanilla, mod_resources, mod/sodium, mod/fabric_api_base, mod/fabric_renderer_api_v1, mod/jade, mod/createdieselgenerators, mod/create_new_age, mod/jei, mod/fabric_rendering_data_attachment_v1, mod/xaerolib, mod/sablecompanion, mod/flywheel, mod/ponder, mod/create, mod/imblocker, mod/potato_s_t, mod/xaeroworldmap, mod/neoforge, mod/torcherino, mod/fabric_block_view_api_v2, mod/esl
[18:37:17] [Render thread/DEBUG] [mixin/]: Mixing features.gui.hooks.settings.OptionsScreenMixin from sodium-common.mixins.json into net.minecraft.client.gui.screens.options.OptionsScreen
[18:37:17] [Worker-Main-3/INFO] [xa.li.XaeroLib/]: Loading XaeroLib common 1/2!
[18:37:17] [Render thread/DEBUG] [mixin/]: sodium-common.mixins.json:features.gui.hooks.settings.OptionsScreenMixin from mod sodium->@Inject::open(Lorg/spongepowered/asm/mixin/injection/callback/CallbackInfoReturnable;)V does use it's CallbackInfoReturnable
[18:37:17] [Worker-Main-4/DEBUG] [mixin/]: Mixing accessor.FluidInteractionRegistryAccessor from create.mixins.json into net.neoforged.neoforge.fluids.FluidInteractionRegistry
[18:37:17] [Worker-Main-4/DEBUG] [mixin/]: Renaming @Accessor method getInteractions()Ljava/util/Map; to getInteractions$create_$md$45b5b5$0 in create.mixins.json:accessor.FluidInteractionRegistryAccessor from mod create
[18:37:17] [Render thread/DEBUG] [mixin/]: Mixing platform.neoforge.SimpleBakedModelAccessor from sodium-neoforge.mixins.json into net.minecraft.client.resources.model.SimpleBakedModel
[18:37:17] [Render thread/DEBUG] [mixin/]: Mixing features.textures.SpriteContentsInvoker from sodium-common.mixins.json into net.minecraft.client.renderer.texture.SpriteContents
[18:37:17] [Render thread/DEBUG] [mixin/]: Mixing features.textures.animations.tracking.SpriteContentsMixin from sodium-common.mixins.json into net.minecraft.client.renderer.texture.SpriteContents
[18:37:17] [Render thread/DEBUG] [mixin/]: Mixing features.textures.animations.upload.SpriteContentsAccessor from sodium-common.mixins.json into net.minecraft.client.renderer.texture.SpriteContents
[18:37:17] [Render thread/DEBUG] [mixin/]: Mixing features.textures.mipmaps.SpriteContentsMixin from sodium-common.mixins.json into net.minecraft.client.renderer.texture.SpriteContents
[18:37:17] [Render thread/DEBUG] [mixin/]: Mixing features.textures.scan.SpriteContentsMixin from sodium-common.mixins.json into net.minecraft.client.renderer.texture.SpriteContents
[18:37:17] [Render thread/DEBUG] [mixin/]: Mixing features.textures.animations.tracking.SpriteContentsFrameInfoAccessor from sodium-common.mixins.json into net.minecraft.client.renderer.texture.SpriteContents$FrameInfo
[18:37:17] [Render thread/DEBUG] [mixin/]: Mixing features.textures.animations.upload.SpriteContentsFrameInfoAccessor from sodium-common.mixins.json into net.minecraft.client.renderer.texture.SpriteContents$FrameInfo
[18:37:17] [Render thread/DEBUG] [mixin/]: Unexpected: Registered method getTime()I in net.minecraft.client.renderer.texture.SpriteContents$FrameInfo was not merged
[18:37:17] [NeoForge Version Check/INFO] [ne.ne.fm.VersionChecker/]: [create] Starting version check at https://api.modrinth.com/updates/create/forge_updates.json?neoforge=only
[18:37:17] [Worker-Main-9/INFO] [minecraft/UnihexProvider]: Found unifont_all_no_pua-15.1.05.hex, loading
[18:37:17] [Render thread/DEBUG] [mixin/]: Mixing features.options.render_layers.ItemBlockRenderTypesMixin from sodium-common.mixins.json into net.minecraft.client.renderer.ItemBlockRenderTypes
[18:37:17] [Render thread/DEBUG] [mixin/]: Mixing features.render.model.ItemBlockRenderTypesMixin from sodium-common.mixins.json into net.minecraft.client.renderer.ItemBlockRenderTypes
[18:37:17] [Render thread/DEBUG] [mixin/]: sodium-common.mixins.json:features.options.render_layers.ItemBlockRenderTypesMixin from mod sodium->@Inject::onSetFancyGraphicsOrBetter(ZLorg/spongepowered/asm/mixin/injection/callback/CallbackInfo;)V doesn't use it's CallbackInfo
[18:37:17] [Render thread/DEBUG] [mixin/]: Mixing platform.neoforge.ChunkRenderTypeSetAccessor from sodium-neoforge.mixins.json into net.neoforged.neoforge.client.ChunkRenderTypeSet
[18:37:17] [Render thread/DEBUG] [mixin/]: Renaming @Invoker method create(Ljava/util/BitSet;)Lnet/neoforged/neoforge/client/ChunkRenderTypeSet; to create$sodium_$md$45b5b5$0 in sodium-neoforge.mixins.json:platform.neoforge.ChunkRenderTypeSetAccessor from mod sodium
[18:37:17] [Render thread/DEBUG] [ne.ne.fm.DeferredWorkQueue/LOADING]: Dispatching synchronous work for work queue Common setup: 4 jobs
[18:37:17] [Worker-Main-6/DEBUG] [mixin/]: Mixing features.textures.mipmaps.MipmapGeneratorMixin from sodium-common.mixins.json into net.minecraft.client.renderer.texture.MipmapGenerator
[18:37:17] [Render thread/DEBUG] [ne.ne.fm.DeferredWorkQueue/LOADING]: Synchronous work queue completed in 47.09 ms
[18:37:17] [Render thread/DEBUG] [mixin/]: Mixing features.render.world.sky.FogRendererMixin from sodium-common.mixins.json into net.minecraft.client.renderer.FogRenderer
[18:37:17] [Render thread/DEBUG] [mixin/]: Renaming synthetic method lambda$redirectSampleColor$1(Lnet/minecraft/client/multiplayer/ClientLevel;FLnet/minecraft/world/phys/Vec3;)Lnet/minecraft/world/phys/Vec3; to md45b5b5$sodium$lambda$redirectSampleColor$1$0 in sodium-common.mixins.json:features.render.world.sky.FogRendererMixin from mod sodium
[18:37:17] [Render thread/DEBUG] [mixin/]: Renaming synthetic method lambda$redirectSampleColor$0(Lnet/minecraft/client/multiplayer/ClientLevel;III)I to md45b5b5$sodium$lambda$redirectSampleColor$0$1 in sodium-common.mixins.json:features.render.world.sky.FogRendererMixin from mod sodium
[18:37:17] [Worker-Main-8/DEBUG] [mixin/]: Mixing features.textures.animations.tracking.AnimatedTextureAccessor from sodium-common.mixins.json into net.minecraft.client.renderer.texture.SpriteContents$AnimatedTexture
[18:37:17] [Worker-Main-8/DEBUG] [mixin/]: Mixing features.textures.animations.upload.SpriteContentsAnimatedTextureAccessor from sodium-common.mixins.json into net.minecraft.client.renderer.texture.SpriteContents$AnimatedTexture
[18:37:17] [Worker-Main-8/DEBUG] [mixin/]: Unexpected: Registered method getFrames()Ljava/util/List; in net.minecraft.client.renderer.texture.SpriteContents$AnimatedTexture was not merged
[18:37:17] [Worker-Main-5/INFO] [minecraft/UnihexProvider]: Found unifont_jp_patch-15.1.05.hex, loading
[18:37:17] [Worker-Main-3/DEBUG] [flywheel/]: Detected Sodium
[18:37:17] [Worker-Main-3/INFO] [xa.li.XaeroLib/]: Loading XaeroLib client 1/2!
[18:37:17] [Render thread/DEBUG] [Ponder/]: Loaded net.createmod.catnip.platform.NeoForgeClientHooksHelper@62291850 for service interface net.createmod.catnip.platform.services.ModClientHooksHelper
[18:37:17] [Worker-Main-2/INFO] [xa.ma.WorldMap/]: Loading Xaero's World Map - Stage 1/2
[18:37:17] [Worker-Main-2/DEBUG] [mixin/]: Mixing compat.xaeros.XaeroFullscreenMapAccessor from create.mixins.json into xaero.map.gui.GuiMap
[18:37:17] [Worker-Main-2/DEBUG] [mixin/]: Mixing compat.xaeros.XaeroFullscreenMapMixin from create.mixins.json into xaero.map.gui.GuiMap
[18:37:18] [Worker-Main-2/DEBUG] [mixin/]: create.mixins.json:compat.xaeros.XaeroFullscreenMapMixin from mod create->@Inject::create$xaeroMapFullscreenRender(Lnet/minecraft/client/gui/GuiGraphics;IIFLorg/spongepowered/asm/mixin/injection/callback/CallbackInfo;)V doesn't use it's CallbackInfo
[18:37:18] [Worker-Main-2/DEBUG] [mixin/]: create.mixins.json:compat.xaeros.XaeroFullscreenMapMixin from mod create->@Inject::create$xaeroMapFullscreenRender(Lnet/minecraft/client/gui/GuiGraphics;IIFLorg/spongepowered/asm/mixin/injection/callback/CallbackInfo;)V has 0 override(s) in child classes
[18:37:18] [Worker-Main-2/DEBUG] [mixin/]: create.mixins.json:compat.xaeros.XaeroFullscreenMapMixin from mod create->@Inject::create$xaeroMapFullscreenRender(Lnet/minecraft/client/gui/GuiGraphics;IIFLorg/spongepowered/asm/mixin/injection/callback/CallbackInfo;)V won't be passed a CallbackInfo as a result
[18:37:18] [Worker-Main-4/DEBUG] [mixin/]: Mixing BasinRendererMixin from createdieselgenerators.mixins.json into com.simibubi.create.content.processing.basin.BasinRenderer
[18:37:18] [Worker-Main-4/DEBUG] [mixin/]: createdieselgenerators.mixins.json:BasinRendererMixin from mod createdieselgenerators: Class version 65 required is higher than the class version supported by the current version of Mixin (JAVA_17 supports class version 61)
[18:37:18] [Worker-Main-4/DEBUG] [mixin/]: createdieselgenerators.mixins.json:BasinRendererMixin from mod createdieselgenerators->@Inject::renderItem(Lcom/mojang/blaze3d/vertex/PoseStack;Lnet/minecraft/client/renderer/MultiBufferSource;IILnet/minecraft/world/item/ItemStack;Lorg/spongepowered/asm/mixin/injection/callback/CallbackInfo;)V does use it's CallbackInfo
[18:37:18] [Worker-Main-4/DEBUG] [mixin/]: createdieselgenerators.mixins.json:BasinRendererMixin from mod createdieselgenerators->@Inject::renderSafe(Lcom/simibubi/create/content/processing/basin/BasinBlockEntity;FLcom/mojang/blaze3d/vertex/PoseStack;Lnet/minecraft/client/renderer/MultiBufferSource;IILorg/spongepowered/asm/mixin/injection/callback/CallbackInfo;)V does use it's CallbackInfo
[18:37:18] [NeoForge Version Check/DEBUG] [ne.ne.fm.VersionChecker/]: [create] Received version check data:
{"homepage":"https://modrinth.com/mod/create","promos":{"1.20.1-recommended":"mc1.20.1-6.0.8","1.20.1-latest":"mc1.20.1-6.0.8","1.21.1-latest":"6.0.10+mc1.21.1","1.21.1-recommended":"6.0.10+mc1.21.1"}}
[18:37:18] [NeoForge Version Check/INFO] [ne.ne.fm.VersionChecker/]: [create] Found status: OUTDATED Current: 6.0.10 Target: 6.0.10+mc1.21.1
[18:37:18] [Worker-Main-3/WARN] [xa.li.XaeroLib/]: io exception while checking patreon: Online mod data expired! Date: Thu Sep 24 14:30:19 CST 2026
[18:37:18] [Render thread/DEBUG] [ne.ne.fm.DeferredWorkQueue/LOADING]: Dispatching synchronous work for work queue Sided setup: 3 jobs
[18:37:18] [Render thread/INFO] [xa.ma.WorldMap/]: Loading Xaero's World Map - Stage 2/2
[18:37:18] [Render thread/INFO] [xa.ma.WorldMap/]: New world map region cache hash code: 1308941644
[18:37:19] [Worker-Main-2/DEBUG] [mixin/]: Mixing core.model.quad.BakedQuadMixin from sodium-neoforge.mixins.json into net.minecraft.client.renderer.block.model.BakedQuad
[18:37:19] [Worker-Main-2/DEBUG] [mixin/]: sodium-neoforge.mixins.json:core.model.quad.BakedQuadMixin from mod sodium->@Inject::init([IILnet/minecraft/core/Direction;Lnet/minecraft/client/renderer/texture/TextureAtlasSprite;ZZLorg/spongepowered/asm/mixin/injection/callback/CallbackInfo;)V doesn't use it's CallbackInfo
[18:37:19] [Worker-Main-2/DEBUG] [mixin/]: sodium-neoforge.mixins.json:core.model.quad.BakedQuadMixin from mod sodium->@Inject::init([IILnet/minecraft/core/Direction;Lnet/minecraft/client/renderer/texture/TextureAtlasSprite;ZZLorg/spongepowered/asm/mixin/injection/callback/CallbackInfo;)V has 0 override(s) in child classes
[18:37:19] [Worker-Main-2/DEBUG] [mixin/]: sodium-neoforge.mixins.json:core.model.quad.BakedQuadMixin from mod sodium->@Inject::init([IILnet/minecraft/core/Direction;Lnet/minecraft/client/renderer/texture/TextureAtlasSprite;ZZLorg/spongepowered/asm/mixin/injection/callback/CallbackInfo;)V won't be passed a CallbackInfo as a result
[18:37:19] [Worker-Main-2/DEBUG] [mixin/]: Mixing client.MultipartBakedModelMixin from fabric-renderer-api-v1.mixins.json into net.minecraft.client.resources.model.MultiPartBakedModel
[18:37:19] [Worker-Main-2/DEBUG] [mixin/]: Renaming synthetic method lambda$emitBlockQuads$0(Lnet/minecraft/util/RandomSource;J)Lnet/minecraft/util/RandomSource; to md45b5b5$fabric_renderer_api_v1$lambda$emitBlockQuads$0$0 in fabric-renderer-api-v1.mixins.json:client.MultipartBakedModelMixin from mod fabric_renderer_api_v1
[18:37:19] [Worker-Main-2/DEBUG] [mixin/]: Mixing features.model.MultiPartBakedModelMixin from sodium-neoforge.mixins.json into net.minecraft.client.resources.model.MultiPartBakedModel
[18:37:19] [Worker-Main-2/DEBUG] [mixin/]: Renaming synthetic method lambda$getRenderTypes$2(I)[Lnet/minecraft/client/resources/model/BakedModel; to md45b5b5$sodium$lambda$getRenderTypes$2$1 in sodium-neoforge.mixins.json:features.model.MultiPartBakedModelMixin from mod sodium
[18:37:19] [Worker-Main-2/DEBUG] [mixin/]: Renaming synthetic method lambda$getQuads$1(I)[Lnet/minecraft/client/resources/model/BakedModel; to md45b5b5$sodium$lambda$getQuads$1$2 in sodium-neoforge.mixins.json:features.model.MultiPartBakedModelMixin from mod sodium
[18:37:19] [Worker-Main-2/DEBUG] [mixin/]: Renaming synthetic method lambda$storeClassInfo$0(Lorg/apache/commons/lang3/tuple/Pair;)Z to md45b5b5$sodium$lambda$storeClassInfo$0$3 in sodium-neoforge.mixins.json:features.model.MultiPartBakedModelMixin from mod sodium
[18:37:19] [Worker-Main-2/DEBUG] [mixin/]: fabric-renderer-api-v1.mixins.json:client.MultipartBakedModelMixin from mod fabric_renderer_api_v1->@Inject::onInit(Ljava/util/List;Lorg/spongepowered/asm/mixin/injection/callback/CallbackInfo;)V doesn't use it's CallbackInfo
[18:37:19] [Worker-Main-2/DEBUG] [mixin/]: fabric-renderer-api-v1.mixins.json:client.MultipartBakedModelMixin from mod fabric_renderer_api_v1->@Inject::onInit(Ljava/util/List;Lorg/spongepowered/asm/mixin/injection/callback/CallbackInfo;)V has 0 override(s) in child classes
[18:37:19] [Worker-Main-2/DEBUG] [mixin/]: fabric-renderer-api-v1.mixins.json:client.MultipartBakedModelMixin from mod fabric_renderer_api_v1->@Inject::onInit(Ljava/util/List;Lorg/spongepowered/asm/mixin/injection/callback/CallbackInfo;)V won't be passed a CallbackInfo as a result
[18:37:19] [Worker-Main-2/DEBUG] [mixin/]: sodium-neoforge.mixins.json:features.model.MultiPartBakedModelMixin from mod sodium->@Inject::storeClassInfo(Ljava/util/List;Lorg/spongepowered/asm/mixin/injection/callback/CallbackInfo;)V doesn't use it's CallbackInfo
[18:37:19] [Worker-Main-2/DEBUG] [mixin/]: sodium-neoforge.mixins.json:features.model.MultiPartBakedModelMixin from mod sodium->@Inject::storeClassInfo(Ljava/util/List;Lorg/spongepowered/asm/mixin/injection/callback/CallbackInfo;)V has 0 override(s) in child classes
[18:37:19] [Worker-Main-2/DEBUG] [mixin/]: sodium-neoforge.mixins.json:features.model.MultiPartBakedModelMixin from mod sodium->@Inject::storeClassInfo(Ljava/util/List;Lorg/spongepowered/asm/mixin/injection/callback/CallbackInfo;)V won't be passed a CallbackInfo as a result
[18:37:19] [Worker-Main-2/DEBUG] [mixin/]: Mixing client.WeightedBakedModelMixin from fabric-renderer-api-v1.mixins.json into net.minecraft.client.resources.model.WeightedBakedModel
[18:37:19] [Worker-Main-2/DEBUG] [mixin/]: Renaming synthetic method lambda$emitItemQuads$1(Ljava/util/function/Supplier;)Lnet/minecraft/util/RandomSource; to md45b5b5$fabric_renderer_api_v1$lambda$emitItemQuads$1$0 in fabric-renderer-api-v1.mixins.json:client.WeightedBakedModelMixin from mod fabric_renderer_api_v1
[18:37:19] [Worker-Main-2/DEBUG] [mixin/]: Renaming synthetic method lambda$emitBlockQuads$0(Ljava/util/function/Supplier;)Lnet/minecraft/util/RandomSource; to md45b5b5$fabric_renderer_api_v1$lambda$emitBlockQuads$0$1 in fabric-renderer-api-v1.mixins.json:client.WeightedBakedModelMixin from mod fabric_renderer_api_v1
[18:37:19] [Worker-Main-2/DEBUG] [mixin/]: Mixing features.model.WeightedBakedModelMixin from sodium-neoforge.mixins.json into net.minecraft.client.resources.model.WeightedBakedModel
[18:37:19] [Worker-Main-2/DEBUG] [mixin/]: fabric-renderer-api-v1.mixins.json:client.WeightedBakedModelMixin from mod fabric_renderer_api_v1->@Inject::onInit(Ljava/util/List;Lorg/spongepowered/asm/mixin/injection/callback/CallbackInfo;)V doesn't use it's CallbackInfo
[18:37:19] [Worker-Main-2/DEBUG] [mixin/]: fabric-renderer-api-v1.mixins.json:client.WeightedBakedModelMixin from mod fabric_renderer_api_v1->@Inject::onInit(Ljava/util/List;Lorg/spongepowered/asm/mixin/injection/callback/CallbackInfo;)V has 0 override(s) in child classes
[18:37:19] [Worker-Main-2/DEBUG] [mixin/]: fabric-renderer-api-v1.mixins.json:client.WeightedBakedModelMixin from mod fabric_renderer_api_v1->@Inject::onInit(Ljava/util/List;Lorg/spongepowered/asm/mixin/injection/callback/CallbackInfo;)V won't be passed a CallbackInfo as a result
[18:37:19] [Render thread/ERROR] [xa.ma.WorldMap/]: io exception while checking versions: Online mod data expired! Date: Thu Sep 24 14:30:19 CST 2026
[18:37:19] [Render thread/INFO] [xa.ma.WorldMap/]: Registered player tracker system: map_synced
[18:37:19] [Render thread/INFO] [xa.ma.WorldMap/]: No Optifine!
[18:37:19] [Render thread/INFO] [xa.ma.WorldMap/]: Xaero's World Map: No Vivecraft!
[18:37:19] [Render thread/INFO] [xa.li.XaeroLib/]: Loading XaeroLib common 2/2!
[18:37:19] [Render thread/INFO] [xa.li.XaeroLib/]: Loading XaeroLib client 2/2!
[18:37:19] [Render thread/DEBUG] [ne.ne.fm.DeferredWorkQueue/LOADING]: Synchronous work queue completed in 971.5 ms
[18:37:20] [Worker-Main-11/INFO] [sn.ja.Jade/]: Start loading plugin from snownee.jade.addon.vanilla.VanillaPlugin
[18:37:20] [Worker-Main-11/INFO] [sn.ja.Jade/]: Bootstrapped plugin from snownee.jade.addon.vanilla.VanillaPlugin in 36.93 ms
[18:37:20] [Worker-Main-11/INFO] [sn.ja.Jade/]: Loaded plugin from snownee.jade.addon.vanilla.VanillaPlugin in 43.10 ms
[18:37:20] [Worker-Main-11/INFO] [sn.ja.Jade/]: Start loading plugin from snownee.jade.addon.universal.UniversalPlugin
[18:37:20] [Worker-Main-2/INFO] [PonderIndex/]: Registering Ponder Scenes took 86.63 ms
[18:37:20] [Worker-Main-11/INFO] [sn.ja.Jade/]: Bootstrapped plugin from snownee.jade.addon.universal.UniversalPlugin in 4.088 ms
[18:37:20] [Worker-Main-11/INFO] [sn.ja.Jade/]: Loaded plugin from snownee.jade.addon.universal.UniversalPlugin in 4.367 ms
[18:37:20] [Worker-Main-11/INFO] [sn.ja.Jade/]: Start loading plugin from snownee.jade.addon.debug.DebugPlugin
[18:37:20] [Worker-Main-11/INFO] [sn.ja.Jade/]: Bootstrapped plugin from snownee.jade.addon.debug.DebugPlugin in 1.550 ms
[18:37:20] [Worker-Main-11/INFO] [sn.ja.Jade/]: Loaded plugin from snownee.jade.addon.debug.DebugPlugin in 1.704 ms
[18:37:20] [Worker-Main-11/INFO] [sn.ja.Jade/]: Start loading plugin from snownee.jade.addon.core.CorePlugin
[18:37:20] [Worker-Main-2/INFO] [PonderIndex/]: Registering Ponder Tags took 3.983 ms
[18:37:20] [Worker-Main-11/INFO] [sn.ja.Jade/]: Bootstrapped plugin from snownee.jade.addon.core.CorePlugin in 3.052 ms
[18:37:20] [Worker-Main-11/INFO] [sn.ja.Jade/]: Loaded plugin from snownee.jade.addon.core.CorePlugin in 3.246 ms
[18:37:20] [Worker-Main-11/INFO] [sn.ja.Jade/]: Start loading plugin from snownee.jade.addon.access.AccessibilityPlugin
[18:37:20] [Worker-Main-11/INFO] [sn.ja.Jade/]: Bootstrapped plugin from snownee.jade.addon.access.AccessibilityPlugin in 2.366 ms
[18:37:20] [Worker-Main-11/INFO] [sn.ja.Jade/]: Loaded plugin from snownee.jade.addon.access.AccessibilityPlugin in 2.530 ms
[18:37:20] [Render thread/DEBUG] [ne.ne.fm.DeferredWorkQueue/LOADING]: Dispatching synchronous work for work queue Complete loading of 21 mods: 1 jobs
[18:37:20] [Render thread/DEBUG] [ne.ne.fm.DeferredWorkQueue/LOADING]: Synchronous work queue completed in 13.93 ms
[18:37:20] [Render thread/WARN] [minecraft/SoundEngine]: Missing sound for event: minecraft:item.goat_horn.play
[18:37:20] [Render thread/WARN] [minecraft/SoundEngine]: Missing sound for event: minecraft:entity.goat.screaming.horn_break
[18:37:20] [Render thread/INFO] [mojang/Library]: OpenAL initialized on device OpenAL Soft on ������ (COLORFIRE CF100 PRO)
[18:37:20] [Render thread/INFO] [minecraft/SoundEngine]: Sound engine started
[18:37:20] [Render thread/INFO] [minecraft/TextureAtlas]: Created: 2048x2048x4 minecraft:textures/atlas/blocks.png-atlas
[18:37:20] [Render thread/DEBUG] [mixin/]: Mixing features.textures.animations.tracking.SpriteContentsTickerMixin from sodium-common.mixins.json into net.minecraft.client.renderer.texture.SpriteContents$Ticker
[18:37:20] [Render thread/DEBUG] [mixin/]: Mixing features.textures.animations.upload.SpriteContentsTickerAccessor from sodium-common.mixins.json into net.minecraft.client.renderer.texture.SpriteContents$Ticker
[18:37:20] [Render thread/DEBUG] [mixin/]: sodium-common.mixins.json:features.textures.animations.tracking.SpriteContentsTickerMixin from mod sodium->@Inject::assignParent(Lnet/minecraft/client/renderer/texture/SpriteContents;Lnet/minecraft/client/renderer/texture/SpriteContents$AnimatedTexture;Lnet/minecraft/client/renderer/texture/SpriteContents$InterpolationData;Lorg/spongepowered/asm/mixin/injection/callback/CallbackInfo;)V doesn't use it's CallbackInfo
[18:37:20] [Render thread/DEBUG] [mixin/]: sodium-common.mixins.json:features.textures.animations.tracking.SpriteContentsTickerMixin from mod sodium->@Inject::assignParent(Lnet/minecraft/client/renderer/texture/SpriteContents;Lnet/minecraft/client/renderer/texture/SpriteContents$AnimatedTexture;Lnet/minecraft/client/renderer/texture/SpriteContents$InterpolationData;Lorg/spongepowered/asm/mixin/injection/callback/CallbackInfo;)V has 0 override(s) in child classes
[18:37:20] [Render thread/DEBUG] [mixin/]: sodium-common.mixins.json:features.textures.animations.tracking.SpriteContentsTickerMixin from mod sodium->@Inject::assignParent(Lnet/minecraft/client/renderer/texture/SpriteContents;Lnet/minecraft/client/renderer/texture/SpriteContents$AnimatedTexture;Lnet/minecraft/client/renderer/texture/SpriteContents$InterpolationData;Lorg/spongepowered/asm/mixin/injection/callback/CallbackInfo;)V won't be passed a CallbackInfo as a result
[18:37:20] [Render thread/DEBUG] [mixin/]: sodium-common.mixins.json:features.textures.animations.tracking.SpriteContentsTickerMixin from mod sodium->@Inject::preTick(Lorg/spongepowered/asm/mixin/injection/callback/CallbackInfo;)V does use it's CallbackInfo
[18:37:20] [Render thread/DEBUG] [mixin/]: sodium-common.mixins.json:features.textures.animations.tracking.SpriteContentsTickerMixin from mod sodium->@Inject::postTick(Lorg/spongepowered/asm/mixin/injection/callback/CallbackInfo;)V doesn't use it's CallbackInfo
[18:37:20] [Render thread/DEBUG] [mixin/]: sodium-common.mixins.json:features.textures.animations.tracking.SpriteContentsTickerMixin from mod sodium->@Inject::postTick(Lorg/spongepowered/asm/mixin/injection/callback/CallbackInfo;)V has 0 override(s) in child classes
[18:37:20] [Render thread/DEBUG] [mixin/]: sodium-common.mixins.json:features.textures.animations.tracking.SpriteContentsTickerMixin from mod sodium->@Inject::postTick(Lorg/spongepowered/asm/mixin/injection/callback/CallbackInfo;)V won't be passed a CallbackInfo as a result
[18:37:20] [Render thread/DEBUG] [mixin/]: Mixing features.textures.animations.upload.SpriteContentsInterpolationMixin from sodium-common.mixins.json into net.minecraft.client.renderer.texture.SpriteContents$InterpolationData
[18:37:20] [Render thread/DEBUG] [mixin/]: sodium-common.mixins.json:features.textures.animations.upload.SpriteContentsInterpolationMixin from mod sodium->@Inject::assignParent(Lnet/minecraft/client/renderer/texture/SpriteContents;Lorg/spongepowered/asm/mixin/injection/callback/CallbackInfo;)V doesn't use it's CallbackInfo
[18:37:20] [Render thread/INFO] [minecraft/TextureAtlas]: Created: 256x256x4 minecraft:textures/atlas/signs.png-atlas
[18:37:20] [Render thread/INFO] [minecraft/TextureAtlas]: Created: 512x512x4 minecraft:textures/atlas/shield_patterns.png-atlas
[18:37:20] [Render thread/INFO] [minecraft/TextureAtlas]: Created: 512x512x4 minecraft:textures/atlas/banner_patterns.png-atlas
[18:37:20] [Render thread/INFO] [minecraft/TextureAtlas]: Created: 2048x1024x4 minecraft:textures/atlas/armor_trims.png-atlas
[18:37:20] [Render thread/INFO] [minecraft/TextureAtlas]: Created: 128x64x4 minecraft:textures/atlas/decorated_pot.png-atlas
[18:37:20] [Render thread/INFO] [minecraft/TextureAtlas]: Created: 256x256x4 minecraft:textures/atlas/chest.png-atlas
[18:37:20] [Render thread/INFO] [minecraft/TextureAtlas]: Created: 512x256x4 minecraft:textures/atlas/shulker_boxes.png-atlas
[18:37:20] [Render thread/INFO] [minecraft/TextureAtlas]: Created: 512x256x4 minecraft:textures/atlas/beds.png-atlas
[18:37:20] [Render thread/DEBUG] [mixin/]: Mixing features.render.entity.CubeMixin from sodium-common.mixins.json into net.minecraft.client.model.geom.ModelPart$Cube
[18:37:20] [Render thread/DEBUG] [mixin/]: sodium-common.mixins.json:features.render.entity.CubeMixin from mod sodium->@Inject::onCompile(Lcom/mojang/blaze3d/vertex/PoseStack$Pose;Lcom/mojang/blaze3d/vertex/VertexConsumer;IIILorg/spongepowered/asm/mixin/injection/callback/CallbackInfo;)V does use it's CallbackInfo
[18:37:20] [Render thread/INFO] [minecraft/TextureAtlas]: Created: 512x256x0 minecraft:textures/atlas/particles.png-atlas
[18:37:20] [Render thread/INFO] [minecraft/TextureAtlas]: Created: 512x256x0 minecraft:textures/atlas/paintings.png-atlas
[18:37:20] [Render thread/INFO] [minecraft/TextureAtlas]: Created: 256x128x0 minecraft:textures/atlas/mob_effects.png-atlas
[18:37:20] [Render thread/INFO] [minecraft/TextureAtlas]: Created: 64x64x0 minecraft:textures/atlas/map_decorations.png-atlas
[18:37:20] [Render thread/INFO] [minecraft/TextureAtlas]: Created: 1024x512x0 minecraft:textures/atlas/gui.png-atlas
[18:37:20] [Render thread/WARN] [minecraft/ShaderInstance]: Shader rendertype_entity_translucent_emissive could not find sampler named Sampler2 in the specified shader program.
[18:37:20] [Render thread/INFO] [minecraft/TextureAtlas]: Created: 256x256x0 jei:textures/atlas/gui.png-atlas
[18:37:20] [Render thread/INFO] [xa.li.XaeroLib/]: Successfully reloaded the XaeroLib shaders!
[18:37:20] [Render thread/INFO] [flywheel/backend/shaders/]: Loaded 77 shader sources in 27.941 ms
[18:37:20] [Render thread/INFO] [co.si.cr.Create/]: Loaded 58 train hat configurations.
[18:37:20] [Render thread/INFO] [ne.ne.ne.cl.en.an.js.AnimationLoader/]: Loaded 0 entity animations
[18:37:22] [Render thread/DEBUG] [mixin/]: Mixing StringRenderOutputMixin from jade.mixins.json into net.minecraft.client.gui.Font$StringRenderOutput
[18:37:22] [Render thread/DEBUG] [mixin/]: jade.mixins.json:StringRenderOutputMixin from mod jade: Class version 65 required is higher than the class version supported by the current version of Mixin (JAVA_16 supports class version 60)
[18:37:22] [Render thread/DEBUG] [mixin/]: jade.mixins.json:StringRenderOutputMixin from mod jade->@Inject::jade$init(Lnet/minecraft/client/gui/Font;Lnet/minecraft/client/renderer/MultiBufferSource;FFIZLorg/joml/Matrix4f;Lnet/minecraft/client/gui/Font$DisplayMode;ILorg/spongepowered/asm/mixin/injection/callback/CallbackInfo;)V doesn't use it's CallbackInfo
[18:37:22] [Render thread/DEBUG] [mixin/]: jade.mixins.json:StringRenderOutputMixin from mod jade->@Inject::jade$init(Lnet/minecraft/client/gui/Font;Lnet/minecraft/client/renderer/MultiBufferSource;FFIZLorg/joml/Matrix4f;Lnet/minecraft/client/gui/Font$DisplayMode;ILorg/spongepowered/asm/mixin/injection/callback/CallbackInfo;)V has 0 override(s) in child classes
[18:37:22] [Render thread/DEBUG] [mixin/]: jade.mixins.json:StringRenderOutputMixin from mod jade->@Inject::jade$init(Lnet/minecraft/client/gui/Font;Lnet/minecraft/client/renderer/MultiBufferSource;FFIZLorg/joml/Matrix4f;Lnet/minecraft/client/gui/Font$DisplayMode;ILorg/spongepowered/asm/mixin/injection/callback/CallbackInfo;)V won't be passed a CallbackInfo as a result
[18:37:22] [Render thread/DEBUG] [mixin/]: jade.mixins.json:StringRenderOutputMixin from mod jade->@Inject::jade$accept(ILnet/minecraft/network/chat/Style;ILorg/spongepowered/asm/mixin/injection/callback/CallbackInfoReturnable;)V does use it's CallbackInfoReturnable
[18:39:33] [Render thread/DEBUG] [mixin/]: Mixing TextFieldMixin from imblocker-neoforge.mixins.json into net.minecraft.client.gui.components.EditBox
[18:39:33] [Render thread/DEBUG] [mixin/]: imblocker-neoforge.mixins.json:TextFieldMixin from mod imblocker->@Inject::focusChanged(ZLorg/spongepowered/asm/mixin/injection/callback/CallbackInfo;)V doesn't use it's CallbackInfo
[18:39:33] [Render thread/DEBUG] [mixin/]: imblocker-neoforge.mixins.json:TextFieldMixin from mod imblocker->@Inject::focusChanged(ZLorg/spongepowered/asm/mixin/injection/callback/CallbackInfo;)V has 0 override(s) in child classes
[18:39:33] [Render thread/DEBUG] [mixin/]: imblocker-neoforge.mixins.json:TextFieldMixin from mod imblocker->@Inject::focusChanged(ZLorg/spongepowered/asm/mixin/injection/callback/CallbackInfo;)V won't be passed a CallbackInfo as a result
[18:39:33] [Render thread/DEBUG] [mixin/]: imblocker-neoforge.mixins.json:TextFieldMixin from mod imblocker->@Inject::visibilityChanged(ZLorg/spongepowered/asm/mixin/injection/callback/CallbackInfo;)V doesn't use it's CallbackInfo
[18:39:33] [Render thread/DEBUG] [mixin/]: imblocker-neoforge.mixins.json:TextFieldMixin from mod imblocker->@Inject::visibilityChanged(ZLorg/spongepowered/asm/mixin/injection/callback/CallbackInfo;)V has 0 override(s) in child classes
[18:39:33] [Render thread/DEBUG] [mixin/]: imblocker-neoforge.mixins.json:TextFieldMixin from mod imblocker->@Inject::visibilityChanged(ZLorg/spongepowered/asm/mixin/injection/callback/CallbackInfo;)V won't be passed a CallbackInfo as a result
[18:39:33] [Render thread/DEBUG] [mixin/]: imblocker-neoforge.mixins.json:TextFieldMixin from mod imblocker->@Inject::checkFocusTracking(CILorg/spongepowered/asm/mixin/injection/callback/CallbackInfoReturnable;)V does use it's CallbackInfoReturnable
[18:39:33] [Render thread/DEBUG] [mixin/]: imblocker-neoforge.mixins.json:TextFieldMixin from mod imblocker->@Inject::onTextChanged(Ljava/lang/String;Lorg/spongepowered/asm/mixin/injection/callback/CallbackInfo;)V doesn't use it's CallbackInfo
[18:39:33] [Render thread/DEBUG] [mixin/]: imblocker-neoforge.mixins.json:TextFieldMixin from mod imblocker->@Inject::onTextChanged(Ljava/lang/String;Lorg/spongepowered/asm/mixin/injection/callback/CallbackInfo;)V has 0 override(s) in child classes
[18:39:33] [Render thread/DEBUG] [mixin/]: imblocker-neoforge.mixins.json:TextFieldMixin from mod imblocker->@Inject::onTextChanged(Ljava/lang/String;Lorg/spongepowered/asm/mixin/injection/callback/CallbackInfo;)V won't be passed a CallbackInfo as a result
[18:39:40] [Render thread/DEBUG] [mixin/]: Mixing MixinLevelStorageAccess from xaeroworldmap.mixins.json into net.minecraft.world.level.storage.LevelStorageSource$LevelStorageAccess
[18:39:40] [Render thread/DEBUG] [mixin/]: xaeroworldmap.mixins.json:MixinLevelStorageAccess from mod xaeroworldmap: Class version 65 required is higher than the class version supported by the current version of Mixin (JAVA_17 supports class version 61)
[18:39:40] [Render thread/DEBUG] [mixin/]: xaeroworldmap.mixins.json:MixinLevelStorageAccess from mod xaeroworldmap->@Inject::onDeleteLevel(Lorg/spongepowered/asm/mixin/injection/callback/CallbackInfo;)V doesn't use it's CallbackInfo
[18:39:40] [Render thread/DEBUG] [mixin/]: xaeroworldmap.mixins.json:MixinLevelStorageAccess from mod xaeroworldmap->@Inject::onDeleteLevel(Lorg/spongepowered/asm/mixin/injection/callback/CallbackInfo;)V has 0 override(s) in child classes
[18:39:40] [Render thread/DEBUG] [mixin/]: xaeroworldmap.mixins.json:MixinLevelStorageAccess from mod xaeroworldmap->@Inject::onDeleteLevel(Lorg/spongepowered/asm/mixin/injection/callback/CallbackInfo;)V won't be passed a CallbackInfo as a result
[18:39:40] [Render thread/INFO] [co.si.cr.Create/]: Created 157 recipes which will be injected into the game
[18:39:40] [Render thread/INFO] [co.si.cr.Create/]: Created 0 tags which will be injected into the game
[18:39:41] [Worker-Main-10/ERROR] [minecraft/LootDataType]: Couldn't parse element ResourceKey[minecraft:root / minecraft:loot_table]:createdieselgenerators:blocks/andesite_girder_strut - Unknown registry key in ResourceKey[minecraft:root / minecraft:item]: createdieselgenerators:andesite_girder_strut
[18:39:41] [Worker-Main-8/ERROR] [minecraft/TagLoader]: Couldn't load tag c:ingots/star_steel as it is missing following references: 
	potato_s_t:star_steel_ingot (from mod/potato_s_t)
[18:39:41] [Worker-Main-8/ERROR] [minecraft/TagLoader]: Couldn't load tag c:ingots as it is missing following references: 
	potato_s_t:star_steel_ingot (from mod/potato_s_t)
[18:39:41] [Worker-Main-8/ERROR] [minecraft/TagLoader]: Couldn't load tag c:star_steel_ingots as it is missing following references: 
	potato_s_t:star_steel_ingot (from mod/potato_s_t)
[18:39:41] [Render thread/INFO] [minecraft/RecipeManager]: Loaded 3047 recipes
[18:39:42] [Render thread/INFO] [minecraft/AdvancementTree]: Loaded 2554 advancements
[18:39:43] [Render thread/DEBUG] [me.je.ne.st.StartEventObserver/]: JEI StartEventObserver received class net.neoforged.neoforge.event.TagsUpdatedEvent too early, ignoring
[18:39:43] [Render thread/INFO] [sn.ja.Jade/]: LootTableMineableCollector took 7.008 ms
[18:39:43] [Render thread/DEBUG] [ne.ne.ne.co.CommonHooks/WP]: Gathered mod list to write to world save �µ�����
[18:39:43] [Render thread/DEBUG] [mixin/]: Mixing MixinPlayerList from xaerolib.mixins.json into net.minecraft.server.players.PlayerList
[18:39:43] [Render thread/DEBUG] [mixin/]: xaerolib.mixins.json:MixinPlayerList from mod xaerolib: Class version 65 required is higher than the class version supported by the current version of Mixin (JAVA_17 supports class version 61)
[18:39:43] [Render thread/DEBUG] [mixin/]: Mixing MixinPlayerList from xaeroworldmap.mixins.json into net.minecraft.server.players.PlayerList
[18:39:43] [Render thread/DEBUG] [mixin/]: xaeroworldmap.mixins.json:MixinPlayerList from mod xaeroworldmap: Class version 65 required is higher than the class version supported by the current version of Mixin (JAVA_17 supports class version 61)
[18:39:43] [Render thread/DEBUG] [mixin/]: xaerolib.mixins.json:MixinPlayerList from mod xaerolib->@Inject::onSendLevelInfo(Lnet/minecraft/server/level/ServerPlayer;Lnet/minecraft/server/level/ServerLevel;Lorg/spongepowered/asm/mixin/injection/callback/CallbackInfo;)V doesn't use it's CallbackInfo
[18:39:43] [Render thread/DEBUG] [mixin/]: xaerolib.mixins.json:MixinPlayerList from mod xaerolib->@Inject::onSendLevelInfo(Lnet/minecraft/server/level/ServerPlayer;Lnet/minecraft/server/level/ServerLevel;Lorg/spongepowered/asm/mixin/injection/callback/CallbackInfo;)V has 0 override(s) in child classes
[18:39:43] [Render thread/DEBUG] [mixin/]: xaerolib.mixins.json:MixinPlayerList from mod xaerolib->@Inject::onSendLevelInfo(Lnet/minecraft/server/level/ServerPlayer;Lnet/minecraft/server/level/ServerLevel;Lorg/spongepowered/asm/mixin/injection/callback/CallbackInfo;)V won't be passed a CallbackInfo as a result
[18:39:43] [Render thread/DEBUG] [mixin/]: xaeroworldmap.mixins.json:MixinPlayerList from mod xaeroworldmap->@Inject::onSendWorldInfo(Lnet/minecraft/server/level/ServerPlayer;Lnet/minecraft/server/level/ServerLevel;Lorg/spongepowered/asm/mixin/injection/callback/CallbackInfo;)V doesn't use it's CallbackInfo
[18:39:43] [Render thread/DEBUG] [mixin/]: xaeroworldmap.mixins.json:MixinPlayerList from mod xaeroworldmap->@Inject::onSendWorldInfo(Lnet/minecraft/server/level/ServerPlayer;Lnet/minecraft/server/level/ServerLevel;Lorg/spongepowered/asm/mixin/injection/callback/CallbackInfo;)V has 0 override(s) in child classes
[18:39:43] [Render thread/DEBUG] [mixin/]: xaeroworldmap.mixins.json:MixinPlayerList from mod xaeroworldmap->@Inject::onSendWorldInfo(Lnet/minecraft/server/level/ServerPlayer;Lnet/minecraft/server/level/ServerLevel;Lorg/spongepowered/asm/mixin/injection/callback/CallbackInfo;)V won't be passed a CallbackInfo as a result
[18:39:43] [Render thread/DEBUG] [mixin/]: Mixing accessor.PotionBrewingAccessor from create.mixins.json into net.minecraft.world.item.alchemy.PotionBrewing
[18:39:43] [Server thread/INFO] [minecraft/IntegratedServer]: Starting integrated minecraft server version 1.21.1
[18:39:43] [Server thread/INFO] [minecraft/MinecraftServer]: Generating keypair
[18:39:44] [Server thread/DEBUG] [ne.ne.fm.co.ConfigTracker/CONFIG]: Loading configs type SERVER
[18:39:44] [Server thread/DEBUG] [ne.ne.fm.co.ConfigTracker/CONFIG]: Loaded TOML config file E:\PotatoST\run\client\config\jei-server.toml
[18:39:44] [Server thread/DEBUG] [ne.ne.fm.co.ConfigTracker/CONFIG]: Watching TOML config file E:\PotatoST\run\client\config\jei-server.toml for changes
[18:39:44] [Server thread/DEBUG] [ne.ne.ne.co.NeoForgeConfig/FORGEMOD]: Loaded NeoForge config file neoforge-server.toml
[18:39:44] [Server thread/DEBUG] [ne.ne.fm.co.ConfigTracker/CONFIG]: Loaded TOML config file E:\PotatoST\run\client\config\neoforge-server.toml
[18:39:44] [Server thread/DEBUG] [ne.ne.fm.co.ConfigTracker/CONFIG]: Watching TOML config file E:\PotatoST\run\client\config\neoforge-server.toml for changes
[18:39:44] [Server thread/DEBUG] [ne.ne.fm.co.ConfigTracker/CONFIG]: Loaded TOML config file E:\PotatoST\run\client\config\create_new_age-server.toml
[18:39:44] [Server thread/DEBUG] [ne.ne.fm.co.ConfigTracker/CONFIG]: Watching TOML config file E:\PotatoST\run\client\config\create_new_age-server.toml for changes
[18:39:44] [Server thread/DEBUG] [ne.ne.fm.co.ConfigTracker/CONFIG]: Loaded TOML config file E:\PotatoST\run\client\config\createdieselgenerators-server.toml
[18:39:44] [Server thread/DEBUG] [ne.ne.fm.co.ConfigTracker/CONFIG]: Watching TOML config file E:\PotatoST\run\client\config\createdieselgenerators-server.toml for changes
[18:39:44] [Server thread/DEBUG] [ne.ne.fm.co.ConfigTracker/CONFIG]: Loaded TOML config file E:\PotatoST\run\client\config\create-server.toml
[18:39:44] [Server thread/DEBUG] [ne.ne.fm.co.ConfigTracker/CONFIG]: Watching TOML config file E:\PotatoST\run\client\config\create-server.toml for changes
[18:39:44] [Server thread/DEBUG] [mixin/]: Mixing accessor.BiomeManagerAccessor from ponder-common.mixins.json into net.minecraft.world.level.biome.BiomeManager
[18:39:44] [Server thread/DEBUG] [mixin/]: ponder-common.mixins.json:accessor.BiomeManagerAccessor from mod ponder: Class version 65 required is higher than the class version supported by the current version of Mixin (JAVA_17 supports class version 61)
[18:39:44] [Server thread/DEBUG] [mixin/]: Mixing light.LightEngineAccessor from flywheel.backend.mixins.json into net.minecraft.world.level.lighting.LightEngine
[18:39:44] [Server thread/DEBUG] [mixin/]: Mixing light.LayerLightSectionStorageAccessor from flywheel.backend.mixins.json into net.minecraft.world.level.lighting.LayerLightSectionStorage
[18:39:44] [Server thread/DEBUG] [mixin/]: Mixing light.SkyLightSectionStorageMixin from flywheel.backend.mixins.json into net.minecraft.world.level.lighting.SkyLightSectionStorage
[18:39:44] [Server thread/DEBUG] [mixin/]: Mixing light.SkyDataLayerStorageMapAccessor from flywheel.backend.mixins.json into net.minecraft.world.level.lighting.SkyLightSectionStorage$SkyDataLayerStorageMap
[18:39:44] [Server thread/DEBUG] [mixin/]: Mixing core.world.chunk.SimpleBitStorageMixin from sodium-common.mixins.json into net.minecraft.util.SimpleBitStorage
[18:39:44] [Server thread/DEBUG] [co.si.cr.Create/]: Prepared Redstone Network Space for minecraft:overworld
[18:39:44] [Server thread/DEBUG] [co.si.cr.Create/]: Prepared Kinetic Network Space for minecraft:overworld
[18:39:45] [Server thread/DEBUG] [co.si.cr.Create/]: Prepared Redstone Network Space for minecraft:the_nether
[18:39:45] [Server thread/DEBUG] [co.si.cr.Create/]: Prepared Kinetic Network Space for minecraft:the_nether
[18:39:45] [Server thread/DEBUG] [co.si.cr.Create/]: Prepared Redstone Network Space for minecraft:the_end
[18:39:45] [Server thread/DEBUG] [co.si.cr.Create/]: Prepared Kinetic Network Space for minecraft:the_end
[18:39:45] [Server thread/INFO] [minecraft/MinecraftServer]: Preparing start region for dimension minecraft:overworld
[18:39:45] [Server thread/DEBUG] [mixin/]: Mixing core.world.chunk.PalettedContainerMixin from sodium-common.mixins.json into net.minecraft.world.level.chunk.PalettedContainer
[18:39:45] [Server thread/DEBUG] [mixin/]: Mixing core.world.chunk.ZeroBitStorageMixin from sodium-common.mixins.json into net.minecraft.util.ZeroBitStorage
[18:39:45] [progressListener/INFO] [minecraft/LoggerChunkProgressListener]: ׼�����������У�0%
[18:39:45] [Server thread/INFO] [ne.ne.ne.se.pe.PermissionAPI/]: Successfully initialized permission handler neoforge:default_handler
[18:39:45] [progressListener/INFO] [minecraft/LoggerChunkProgressListener]: Time elapsed: 369 ms
[18:39:45] [Server thread/INFO] [minecraft/IntegratedServer]: Changing view distance to 20, from 10
[18:39:45] [Server thread/INFO] [minecraft/IntegratedServer]: Changing simulation distance to 7, from 0
[18:39:45] [Render thread/DEBUG] [io.ne.ch.MultithreadEventLoopGroup/]: -Dio.netty.eventLoopThreads: 24
[18:39:45] [Render thread/DEBUG] [io.ne.ut.co.GlobalEventExecutor/]: -Dio.netty.globalEventExecutor.quietPeriodSeconds: 1
[18:39:45] [Render thread/DEBUG] [io.ne.ch.ni.NioEventLoop/]: -Dio.netty.noKeySetOptimization: false
[18:39:45] [Render thread/DEBUG] [io.ne.ch.ni.NioEventLoop/]: -Dio.netty.selectorAutoRebuildThreshold: 512
[18:39:45] [Render thread/DEBUG] [io.ne.ut.in.PlatformDependent/]: org.jctools-core.MpscChunkedArrayQueue: available
[18:39:45] [Render thread/DEBUG] [io.ne.ch.DefaultChannelId/]: -Dio.netty.processId: 12208 (auto-detected)
[18:39:45] [Render thread/DEBUG] [io.ne.ut.NetUtil/]: -Djava.net.preferIPv4Stack: false
[18:39:45] [Render thread/DEBUG] [io.ne.ut.NetUtil/]: -Djava.net.preferIPv6Addresses: system
[18:39:45] [Render thread/DEBUG] [io.ne.ut.NetUtilInitializations/]: Loopback interface: loopback_0 (Software Loopback Interface 1, 0:0:0:0:0:0:0:1)
[18:39:45] [Render thread/DEBUG] [io.ne.ut.NetUtil/]: Failed to get SOMAXCONN from sysctl and file \proc\sys\net\core\somaxconn. Default: 200
[18:39:45] [Render thread/DEBUG] [io.ne.ch.DefaultChannelId/]: -Dio.netty.machineId: 84:fc:14:ff:fe:3b:96:37 (auto-detected)
[18:39:45] [Render thread/DEBUG] [io.ne.ut.Recycler/]: -Dio.netty.recycler.maxCapacityPerThread: 4096
[18:39:45] [Render thread/DEBUG] [io.ne.ut.Recycler/]: -Dio.netty.recycler.ratio: 8
[18:39:45] [Render thread/DEBUG] [io.ne.ut.Recycler/]: -Dio.netty.recycler.chunkSize: 32
[18:39:45] [Render thread/DEBUG] [io.ne.ut.Recycler/]: -Dio.netty.recycler.blocking: false
[18:39:45] [Render thread/DEBUG] [io.ne.ut.Recycler/]: -Dio.netty.recycler.batchFastThreadLocalOnly: true
[18:39:46] [Netty Server IO #1/DEBUG] [ne.ne.ne.ne.fi.NetworkFilters/]: Injected net.neoforged.neoforge.network.filters.GenericPacketSplitter@1f051680 into net.minecraft.network.Connection@6a3a018a
[18:39:46] [Netty Local Client IO #0/DEBUG] [ne.ne.ne.ne.fi.NetworkFilters/]: Injected net.neoforged.neoforge.network.filters.GenericPacketSplitter@65362160 into net.minecraft.network.Connection@3b60c6a4
[18:39:46] [Render thread/INFO] [co.si.cr.Create/]: Created 157 recipes which will be injected into the game
[18:39:46] [Render thread/INFO] [co.si.cr.Create/]: Created 0 tags which will be injected into the game
[18:39:46] [Render thread/DEBUG] [me.je.ne.st.StartEventObserver/]: JEI StartEventObserver received event: class net.neoforged.neoforge.event.TagsUpdatedEvent
[18:39:46] [Render thread/DEBUG] [mixin/]: Mixing MixinChunkDeltaUpdateS2CPacketAccessor from xaeroworldmap.mixins.json into net.minecraft.network.protocol.game.ClientboundSectionBlocksUpdatePacket
[18:39:46] [Render thread/DEBUG] [mixin/]: xaeroworldmap.mixins.json:MixinChunkDeltaUpdateS2CPacketAccessor from mod xaeroworldmap: Class version 65 required is higher than the class version supported by the current version of Mixin (JAVA_17 supports class version 61)
[18:39:46] [Render thread/DEBUG] [mixin/]: Mixing core.world.map.ClientPacketListenerMixin from sodium-common.mixins.json into net.minecraft.client.multiplayer.ClientPacketListener
[18:39:46] [Render thread/DEBUG] [mixin/]: Mixing MixinClientPacketListener from xaerolib.mixins.json into net.minecraft.client.multiplayer.ClientPacketListener
[18:39:46] [Render thread/DEBUG] [mixin/]: xaerolib.mixins.json:MixinClientPacketListener from mod xaerolib: Class version 65 required is higher than the class version supported by the current version of Mixin (JAVA_17 supports class version 61)
[18:39:46] [Render thread/DEBUG] [mixin/]: Mixing client.accessor.ClientPacketListenerAccessor from ponder-common.mixins.json into net.minecraft.client.multiplayer.ClientPacketListener
[18:39:46] [Render thread/DEBUG] [mixin/]: ponder-common.mixins.json:client.accessor.ClientPacketListenerAccessor from mod ponder: Class version 65 required is higher than the class version supported by the current version of Mixin (JAVA_17 supports class version 61)
[18:39:46] [Render thread/DEBUG] [mixin/]: Mixing MixinClientPlayNetworkHandler from xaeroworldmap.mixins.json into net.minecraft.client.multiplayer.ClientPacketListener
[18:39:46] [Render thread/DEBUG] [mixin/]: xaeroworldmap.mixins.json:MixinClientPlayNetworkHandler from mod xaeroworldmap: Class version 65 required is higher than the class version supported by the current version of Mixin (JAVA_17 supports class version 61)
[18:39:46] [Render thread/DEBUG] [mixin/]: Mixing MixinForgeClientPacketListener from xaeroworldmap.neoforge.mixins.json into net.minecraft.client.multiplayer.ClientPacketListener
[18:39:46] [Render thread/DEBUG] [mixin/]: xaeroworldmap.neoforge.mixins.json:MixinForgeClientPacketListener from mod xaeroworldmap: Class version 65 required is higher than the class version supported by the current version of Mixin (JAVA_17 supports class version 61)
[18:39:46] [Render thread/DEBUG] [mixin/]: sodium-common.mixins.json:core.world.map.ClientPacketListenerMixin from mod sodium->@Inject::onLightDataReceived(IILnet/minecraft/network/protocol/game/ClientboundLightUpdatePacketData;Lorg/spongepowered/asm/mixin/injection/callback/CallbackInfo;)V doesn't use it's CallbackInfo
[18:39:46] [Render thread/DEBUG] [mixin/]: sodium-common.mixins.json:core.world.map.ClientPacketListenerMixin from mod sodium->@Inject::onLightDataReceived(IILnet/minecraft/network/protocol/game/ClientboundLightUpdatePacketData;Lorg/spongepowered/asm/mixin/injection/callback/CallbackInfo;)V has 0 override(s) in child classes
[18:39:46] [Render thread/DEBUG] [mixin/]: sodium-common.mixins.json:core.world.map.ClientPacketListenerMixin from mod sodium->@Inject::onLightDataReceived(IILnet/minecraft/network/protocol/game/ClientboundLightUpdatePacketData;Lorg/spongepowered/asm/mixin/injection/callback/CallbackInfo;)V won't be passed a CallbackInfo as a result
[18:39:46] [Render thread/DEBUG] [mixin/]: sodium-common.mixins.json:core.world.map.ClientPacketListenerMixin from mod sodium->@Inject::onChunkUnloadPacket(Lnet/minecraft/network/protocol/game/ClientboundForgetLevelChunkPacket;Lorg/spongepowered/asm/mixin/injection/callback/CallbackInfo;)V doesn't use it's CallbackInfo
[18:39:46] [Render thread/DEBUG] [mixin/]: sodium-common.mixins.json:core.world.map.ClientPacketListenerMixin from mod sodium->@Inject::onChunkUnloadPacket(Lnet/minecraft/network/protocol/game/ClientboundForgetLevelChunkPacket;Lorg/spongepowered/asm/mixin/injection/callback/CallbackInfo;)V has 0 override(s) in child classes
[18:39:46] [Render thread/DEBUG] [mixin/]: sodium-common.mixins.json:core.world.map.ClientPacketListenerMixin from mod sodium->@Inject::onChunkUnloadPacket(Lnet/minecraft/network/protocol/game/ClientboundForgetLevelChunkPacket;Lorg/spongepowered/asm/mixin/injection/callback/CallbackInfo;)V won't be passed a CallbackInfo as a result
[18:39:46] [Render thread/DEBUG] [mixin/]: xaerolib.mixins.json:MixinClientPacketListener from mod xaerolib->@Inject::onHandleInitializeBorder(Lnet/minecraft/network/protocol/game/ClientboundInitializeBorderPacket;Lorg/spongepowered/asm/mixin/injection/callback/CallbackInfo;)V doesn't use it's CallbackInfo
[18:39:46] [Render thread/DEBUG] [mixin/]: xaerolib.mixins.json:MixinClientPacketListener from mod xaerolib->@Inject::onHandleInitializeBorder(Lnet/minecraft/network/protocol/game/ClientboundInitializeBorderPacket;Lorg/spongepowered/asm/mixin/injection/callback/CallbackInfo;)V has 0 override(s) in child classes
[18:39:46] [Render thread/DEBUG] [mixin/]: xaerolib.mixins.json:MixinClientPacketListener from mod xaerolib->@Inject::onHandleInitializeBorder(Lnet/minecraft/network/protocol/game/ClientboundInitializeBorderPacket;Lorg/spongepowered/asm/mixin/injection/callback/CallbackInfo;)V won't be passed a CallbackInfo as a result
[18:39:46] [Render thread/DEBUG] [mixin/]: xaeroworldmap.mixins.json:MixinClientPlayNetworkHandler from mod xaeroworldmap->@Inject::onOnChunkDeltaUpdate(Lnet/minecraft/network/protocol/game/ClientboundSectionBlocksUpdatePacket;Lorg/spongepowered/asm/mixin/injection/callback/CallbackInfo;)V doesn't use it's CallbackInfo
[18:39:46] [Render thread/DEBUG] [mixin/]: xaeroworldmap.mixins.json:MixinClientPlayNetworkHandler from mod xaeroworldmap->@Inject::onOnChunkDeltaUpdate(Lnet/minecraft/network/protocol/game/ClientboundSectionBlocksUpdatePacket;Lorg/spongepowered/asm/mixin/injection/callback/CallbackInfo;)V has 0 override(s) in child classes
[18:39:46] [Render thread/DEBUG] [mixin/]: xaeroworldmap.mixins.json:MixinClientPlayNetworkHandler from mod xaeroworldmap->@Inject::onOnChunkDeltaUpdate(Lnet/minecraft/network/protocol/game/ClientboundSectionBlocksUpdatePacket;Lorg/spongepowered/asm/mixin/injection/callback/CallbackInfo;)V won't be passed a CallbackInfo as a result
[18:39:46] [Render thread/DEBUG] [mixin/]: xaeroworldmap.mixins.json:MixinClientPlayNetworkHandler from mod xaeroworldmap->@Inject::onOnChunkData(IILnet/minecraft/network/protocol/game/ClientboundLevelChunkPacketData;Lorg/spongepowered/asm/mixin/injection/callback/CallbackInfo;)V doesn't use it's CallbackInfo
[18:39:46] [Render thread/DEBUG] [mixin/]: xaeroworldmap.mixins.json:MixinClientPlayNetworkHandler from mod xaeroworldmap->@Inject::onOnChunkData(IILnet/minecraft/network/protocol/game/ClientboundLevelChunkPacketData;Lorg/spongepowered/asm/mixin/injection/callback/CallbackInfo;)V has 0 override(s) in child classes
[18:39:46] [Render thread/DEBUG] [mixin/]: xaeroworldmap.mixins.json:MixinClientPlayNetworkHandler from mod xaeroworldmap->@Inject::onOnChunkData(IILnet/minecraft/network/protocol/game/ClientboundLevelChunkPacketData;Lorg/spongepowered/asm/mixin/injection/callback/CallbackInfo;)V won't be passed a CallbackInfo as a result
[18:39:46] [Render thread/DEBUG] [mixin/]: xaeroworldmap.mixins.json:MixinClientPlayNetworkHandler from mod xaeroworldmap->@Inject::onHandleLevelChunkWithLight(Lnet/minecraft/network/protocol/game/ClientboundLevelChunkWithLightPacket;Lorg/spongepowered/asm/mixin/injection/callback/CallbackInfo;)V doesn't use it's CallbackInfo
[18:39:46] [Render thread/DEBUG] [mixin/]: xaeroworldmap.mixins.json:MixinClientPlayNetworkHandler from mod xaeroworldmap->@Inject::onHandleLevelChunkWithLight(Lnet/minecraft/network/protocol/game/ClientboundLevelChunkWithLightPacket;Lorg/spongepowered/asm/mixin/injection/callback/CallbackInfo;)V has 0 override(s) in child classes
[18:39:46] [Render thread/DEBUG] [mixin/]: xaeroworldmap.mixins.json:MixinClientPlayNetworkHandler from mod xaeroworldmap->@Inject::onHandleLevelChunkWithLight(Lnet/minecraft/network/protocol/game/ClientboundLevelChunkWithLightPacket;Lorg/spongepowered/asm/mixin/injection/callback/CallbackInfo;)V won't be passed a CallbackInfo as a result
[18:39:46] [Render thread/DEBUG] [mixin/]: xaeroworldmap.mixins.json:MixinClientPlayNetworkHandler from mod xaeroworldmap->@Inject::onHandleLightUpdatePacket(Lnet/minecraft/network/protocol/game/ClientboundLightUpdatePacket;Lorg/spongepowered/asm/mixin/injection/callback/CallbackInfo;)V doesn't use it's CallbackInfo
[18:39:46] [Render thread/DEBUG] [mixin/]: xaeroworldmap.mixins.json:MixinClientPlayNetworkHandler from mod xaeroworldmap->@Inject::onHandleLightUpdatePacket(Lnet/minecraft/network/protocol/game/ClientboundLightUpdatePacket;Lorg/spongepowered/asm/mixin/injection/callback/CallbackInfo;)V has 0 override(s) in child classes
[18:39:46] [Render thread/DEBUG] [mixin/]: xaeroworldmap.mixins.json:MixinClientPlayNetworkHandler from mod xaeroworldmap->@Inject::onHandleLightUpdatePacket(Lnet/minecraft/network/protocol/game/ClientboundLightUpdatePacket;Lorg/spongepowered/asm/mixin/injection/callback/CallbackInfo;)V won't be passed a CallbackInfo as a result
[18:39:46] [Render thread/DEBUG] [mixin/]: xaeroworldmap.mixins.json:MixinClientPlayNetworkHandler from mod xaeroworldmap->@Inject::onQueueLightRemoval(Lnet/minecraft/network/protocol/game/ClientboundForgetLevelChunkPacket;Lorg/spongepowered/asm/mixin/injection/callback/CallbackInfo;)V doesn't use it's CallbackInfo
[18:39:46] [Render thread/DEBUG] [mixin/]: xaeroworldmap.mixins.json:MixinClientPlayNetworkHandler from mod xaeroworldmap->@Inject::onQueueLightRemoval(Lnet/minecraft/network/protocol/game/ClientboundForgetLevelChunkPacket;Lorg/spongepowered/asm/mixin/injection/callback/CallbackInfo;)V has 0 override(s) in child classes
[18:39:46] [Render thread/DEBUG] [mixin/]: xaeroworldmap.mixins.json:MixinClientPlayNetworkHandler from mod xaeroworldmap->@Inject::onQueueLightRemoval(Lnet/minecraft/network/protocol/game/ClientboundForgetLevelChunkPacket;Lorg/spongepowered/asm/mixin/injection/callback/CallbackInfo;)V won't be passed a CallbackInfo as a result
[18:39:46] [Render thread/DEBUG] [mixin/]: xaeroworldmap.mixins.json:MixinClientPlayNetworkHandler from mod xaeroworldmap->@Inject::onOnBlockUpdate(Lnet/minecraft/network/protocol/game/ClientboundBlockUpdatePacket;Lorg/spongepowered/asm/mixin/injection/callback/CallbackInfo;)V doesn't use it's CallbackInfo
[18:39:46] [Render thread/DEBUG] [mixin/]: xaeroworldmap.mixins.json:MixinClientPlayNetworkHandler from mod xaeroworldmap->@Inject::onOnBlockUpdate(Lnet/minecraft/network/protocol/game/ClientboundBlockUpdatePacket;Lorg/spongepowered/asm/mixin/injection/callback/CallbackInfo;)V has 0 override(s) in child classes
[18:39:46] [Render thread/DEBUG] [mixin/]: xaeroworldmap.mixins.json:MixinClientPlayNetworkHandler from mod xaeroworldmap->@Inject::onOnBlockUpdate(Lnet/minecraft/network/protocol/game/ClientboundBlockUpdatePacket;Lorg/spongepowered/asm/mixin/injection/callback/CallbackInfo;)V won't be passed a CallbackInfo as a result
[18:39:46] [Render thread/DEBUG] [mixin/]: xaeroworldmap.mixins.json:MixinClientPlayNetworkHandler from mod xaeroworldmap->@Inject::onOnPlayerSpawnPosition(Lnet/minecraft/network/protocol/game/ClientboundSetDefaultSpawnPositionPacket;Lorg/spongepowered/asm/mixin/injection/callback/CallbackInfo;)V doesn't use it's CallbackInfo
[18:39:46] [Render thread/DEBUG] [mixin/]: xaeroworldmap.mixins.json:MixinClientPlayNetworkHandler from mod xaeroworldmap->@Inject::onOnPlayerSpawnPosition(Lnet/minecraft/network/protocol/game/ClientboundSetDefaultSpawnPositionPacket;Lorg/spongepowered/asm/mixin/injection/callback/CallbackInfo;)V has 0 override(s) in child classes
[18:39:46] [Render thread/DEBUG] [mixin/]: xaeroworldmap.mixins.json:MixinClientPlayNetworkHandler from mod xaeroworldmap->@Inject::onOnPlayerSpawnPosition(Lnet/minecraft/network/protocol/game/ClientboundSetDefaultSpawnPositionPacket;Lorg/spongepowered/asm/mixin/injection/callback/CallbackInfo;)V won't be passed a CallbackInfo as a result
[18:39:46] [Render thread/DEBUG] [mixin/]: xaeroworldmap.mixins.json:MixinClientPlayNetworkHandler from mod xaeroworldmap->@Inject::onCleanup(Lorg/spongepowered/asm/mixin/injection/callback/CallbackInfo;)V doesn't use it's CallbackInfo
[18:39:46] [Render thread/DEBUG] [mixin/]: xaeroworldmap.mixins.json:MixinClientPlayNetworkHandler from mod xaeroworldmap->@Inject::onCleanup(Lorg/spongepowered/asm/mixin/injection/callback/CallbackInfo;)V has 0 override(s) in child classes
[18:39:46] [Render thread/DEBUG] [mixin/]: xaeroworldmap.mixins.json:MixinClientPlayNetworkHandler from mod xaeroworldmap->@Inject::onCleanup(Lorg/spongepowered/asm/mixin/injection/callback/CallbackInfo;)V won't be passed a CallbackInfo as a result
[18:39:46] [Render thread/DEBUG] [mixin/]: xaeroworldmap.neoforge.mixins.json:MixinForgeClientPacketListener from mod xaeroworldmap->@Inject::onOnGameJoin(Lnet/minecraft/network/protocol/game/ClientboundLoginPacket;Lorg/spongepowered/asm/mixin/injection/callback/CallbackInfo;)V doesn't use it's CallbackInfo
[18:39:46] [Render thread/DEBUG] [mixin/]: xaeroworldmap.neoforge.mixins.json:MixinForgeClientPacketListener from mod xaeroworldmap->@Inject::onOnGameJoin(Lnet/minecraft/network/protocol/game/ClientboundLoginPacket;Lorg/spongepowered/asm/mixin/injection/callback/CallbackInfo;)V has 0 override(s) in child classes
[18:39:46] [Render thread/DEBUG] [mixin/]: xaeroworldmap.neoforge.mixins.json:MixinForgeClientPacketListener from mod xaeroworldmap->@Inject::onOnGameJoin(Lnet/minecraft/network/protocol/game/ClientboundLoginPacket;Lorg/spongepowered/asm/mixin/injection/callback/CallbackInfo;)V won't be passed a CallbackInfo as a result
[18:39:46] [Render thread/DEBUG] [mixin/]: Mixing SessionSearchTreesMixin from jade.mixins.json into net.minecraft.client.multiplayer.SessionSearchTrees
[18:39:46] [Render thread/DEBUG] [mixin/]: jade.mixins.json:SessionSearchTreesMixin from mod jade: Class version 65 required is higher than the class version supported by the current version of Mixin (JAVA_16 supports class version 60)
[18:39:46] [Render thread/DEBUG] [mixin/]: jade.mixins.json:SessionSearchTreesMixin from mod jade->@Inject::jade$preGet(Ljava/util/stream/Stream;Lnet/minecraft/world/item/Item$TooltipContext;Lnet/minecraft/world/item/TooltipFlag;Lorg/spongepowered/asm/mixin/injection/callback/CallbackInfoReturnable;)V doesn't use it's CallbackInfoReturnable
[18:39:46] [Netty Server IO #1/DEBUG] [ne.ne.ne.ne.fi.NetworkFilters/]: Injected net.neoforged.neoforge.network.filters.GenericPacketSplitter@50d475cc into net.minecraft.network.Connection@6a3a018a
[18:39:46] [Server thread/INFO] [minecraft/PlayerList]: Dev[local:E:5cb14d63] logged in with entity id 4 at (895.6530062946767, 69.0, -687.8393633451119)
[18:39:46] [Render thread/INFO] [xa.ma.WorldMap/]: Fullscreen map required item set to nothing.
[18:39:46] [Render thread/INFO] [xa.ma.WorldMap/]: New world map session initialized!
[18:39:46] [Render thread/DEBUG] [mixin/]: Mixing core.world.map.ClientChunkCacheMixin from sodium-common.mixins.json into net.minecraft.client.multiplayer.ClientChunkCache
[18:39:46] [Render thread/DEBUG] [mixin/]: Mixing ClientChunkCacheMixin from flywheel.impl.mixins.json into net.minecraft.client.multiplayer.ClientChunkCache
[18:39:46] [Server thread/INFO] [minecraft/MinecraftServer]: Dev��������Ϸ
[18:39:46] [Render thread/DEBUG] [mixin/]: sodium-common.mixins.json:core.world.map.ClientChunkCacheMixin from mod sodium->@Inject::onChunkUnloaded(Lnet/minecraft/world/level/ChunkPos;Lorg/spongepowered/asm/mixin/injection/callback/CallbackInfo;)V doesn't use it's CallbackInfo
[18:39:46] [Render thread/DEBUG] [mixin/]: sodium-common.mixins.json:core.world.map.ClientChunkCacheMixin from mod sodium->@Inject::onChunkUnloaded(Lnet/minecraft/world/level/ChunkPos;Lorg/spongepowered/asm/mixin/injection/callback/CallbackInfo;)V has 0 override(s) in child classes
[18:39:46] [Render thread/DEBUG] [mixin/]: sodium-common.mixins.json:core.world.map.ClientChunkCacheMixin from mod sodium->@Inject::onChunkUnloaded(Lnet/minecraft/world/level/ChunkPos;Lorg/spongepowered/asm/mixin/injection/callback/CallbackInfo;)V won't be passed a CallbackInfo as a result
[18:39:46] [Render thread/DEBUG] [mixin/]: sodium-common.mixins.json:core.world.map.ClientChunkCacheMixin from mod sodium->@Inject::onChunkLoaded(IILnet/minecraft/network/FriendlyByteBuf;Lnet/minecraft/nbt/CompoundTag;Ljava/util/function/Consumer;Lorg/spongepowered/asm/mixin/injection/callback/CallbackInfoReturnable;)V doesn't use it's CallbackInfoReturnable
[18:39:46] [Render thread/DEBUG] [mixin/]: sodium-common.mixins.json:core.world.map.ClientChunkCacheMixin from mod sodium->@Inject::onChunkLoaded(IILnet/minecraft/network/FriendlyByteBuf;Lnet/minecraft/nbt/CompoundTag;Ljava/util/function/Consumer;Lorg/spongepowered/asm/mixin/injection/callback/CallbackInfoReturnable;)V has 0 override(s) in child classes
[18:39:46] [Render thread/DEBUG] [mixin/]: sodium-common.mixins.json:core.world.map.ClientChunkCacheMixin from mod sodium->@Inject::onChunkLoaded(IILnet/minecraft/network/FriendlyByteBuf;Lnet/minecraft/nbt/CompoundTag;Ljava/util/function/Consumer;Lorg/spongepowered/asm/mixin/injection/callback/CallbackInfoReturnable;)V won't be passed a CallbackInfoReturnable as a result
[18:39:46] [Render thread/DEBUG] [mixin/]: flywheel.impl.mixins.json:ClientChunkCacheMixin from mod flywheel->@Inject::flywheel$onLightUpdate(Lnet/minecraft/world/level/LightLayer;Lnet/minecraft/core/SectionPos;Lorg/spongepowered/asm/mixin/injection/callback/CallbackInfo;)V doesn't use it's CallbackInfo
[18:39:46] [Render thread/DEBUG] [mixin/]: flywheel.impl.mixins.json:ClientChunkCacheMixin from mod flywheel->@Inject::flywheel$onLightUpdate(Lnet/minecraft/world/level/LightLayer;Lnet/minecraft/core/SectionPos;Lorg/spongepowered/asm/mixin/injection/callback/CallbackInfo;)V has 0 override(s) in child classes
[18:39:46] [Render thread/DEBUG] [mixin/]: flywheel.impl.mixins.json:ClientChunkCacheMixin from mod flywheel->@Inject::flywheel$onLightUpdate(Lnet/minecraft/world/level/LightLayer;Lnet/minecraft/core/SectionPos;Lorg/spongepowered/asm/mixin/injection/callback/CallbackInfo;)V won't be passed a CallbackInfo as a result
[18:39:46] [Render thread/DEBUG] [co.si.cr.Create/]: Prepared Redstone Network Space for minecraft:overworld
[18:39:46] [Render thread/DEBUG] [co.si.cr.Create/]: Prepared Kinetic Network Space for minecraft:overworld
[18:39:46] [Render thread/DEBUG] [mixin/]: Mixing visualmanage.SectionCompilerMixin from flywheel.impl.mixins.json into net.minecraft.client.renderer.chunk.SectionCompiler
[18:39:46] [Render thread/DEBUG] [mixin/]: flywheel.impl.mixins.json:visualmanage.SectionCompilerMixin from mod flywheel->@Inject::flywheel$tryAddBlockEntity(Ljava/lang/Object;Lnet/minecraft/world/level/block/entity/BlockEntity;Lorg/spongepowered/asm/mixin/injection/callback/CallbackInfo;)V does use it's CallbackInfo
[18:39:46] [Render thread/DEBUG] [mixin/]: Mixing platform.neoforge.LevelSliceMixin from sodium-neoforge.mixins.json into net.caffeinemc.mods.sodium.client.world.LevelSlice
[18:39:46] [Render thread/DEBUG] [Sodium/]: Loaded net.caffeinemc.mods.sodium.neoforge.render.FluidRendererImpl$ForgeFactory@18f81df9 for service interface net.caffeinemc.mods.sodium.client.services.FluidRendererFactory
[18:39:46] [Render thread/INFO] [ChunkBuilder/]: Started 6 worker threads
[18:39:46] [Render thread/DEBUG] [mixin/]: Mixing AbstractCommandBlockScreenMixin from imblocker-neoforge.mixins.json into net.minecraft.client.gui.screens.inventory.AbstractCommandBlockEditScreen
[18:39:46] [Render thread/DEBUG] [mixin/]: imblocker-neoforge.mixins.json:AbstractCommandBlockScreenMixin from mod imblocker->@Inject::setCommandInputEnglishState(Lorg/spongepowered/asm/mixin/injection/callback/CallbackInfo;)V doesn't use it's CallbackInfo
[18:39:46] [Render thread/DEBUG] [mixin/]: imblocker-neoforge.mixins.json:AbstractCommandBlockScreenMixin from mod imblocker->@Inject::setCommandInputEnglishState(Lorg/spongepowered/asm/mixin/injection/callback/CallbackInfo;)V has 0 override(s) in child classes
[18:39:46] [Render thread/DEBUG] [mixin/]: imblocker-neoforge.mixins.json:AbstractCommandBlockScreenMixin from mod imblocker->@Inject::setCommandInputEnglishState(Lorg/spongepowered/asm/mixin/injection/callback/CallbackInfo;)V won't be passed a CallbackInfo as a result
[18:39:46] [Render thread/INFO] [flywheel/]: Started 6 worker threads
[18:39:46] [Render thread/DEBUG] [mixin/]: Mixing core.gui.LevelLoadStatusManagerMixin from sodium-common.mixins.json into net.minecraft.client.multiplayer.LevelLoadStatusManager
[18:39:46] [Render thread/DEBUG] [me.je.ne.st.StartEventObserver/]: JEI StartEventObserver received event: class net.neoforged.neoforge.client.event.RecipesUpdatedEvent
[18:39:46] [Render thread/DEBUG] [me.je.ne.st.StartEventObserver/]: JEI StartEventObserver transitioning state from LISTENING to JEI_STARTED
[18:39:46] [Render thread/INFO] [me.je.co.ut.LoggedTimer/]: Starting JEI...
[18:39:46] [Render thread/INFO] [me.je.li.lo.PluginCaller/]: Registering item subtypes...
[18:39:46] [Render thread/DEBUG] [me.je.li.lo.PluginCallerTimerRunnable/]: Registering item subtypes: jei:minecraft...
[18:39:47] [Render thread/DEBUG] [me.je.li.lo.PluginCallerTimerRunnable/]: Registering item subtypes: jade:main...
[18:39:47] [Render thread/DEBUG] [me.je.li.lo.PluginCallerTimerRunnable/]: Registering item subtypes: createdieselgenerators:jei_plugin...
[18:39:47] [Render thread/DEBUG] [me.je.li.lo.PluginCallerTimerRunnable/]: Registering item subtypes: create_new_age:jei_plugin...
[18:39:47] [Render thread/DEBUG] [me.je.li.lo.PluginCallerTimerRunnable/]: Registering item subtypes: jei:neoforge_gui...
[18:39:47] [Render thread/DEBUG] [me.je.li.lo.PluginCallerTimerRunnable/]: Registering item subtypes: jei:debug...
[18:39:47] [Render thread/DEBUG] [me.je.li.lo.PluginCallerTimerRunnable/]: Registering item subtypes: jei:gui...
[18:39:47] [Render thread/DEBUG] [me.je.li.lo.PluginCallerTimerRunnable/]: Registering item subtypes: create:jei_plugin...
[18:39:47] [Render thread/DEBUG] [me.je.li.lo.PluginCallerTimerRunnable/]: Registering item subtypes: potato_s_t:jei_plugin...
[18:39:47] [Render thread/DEBUG] [me.je.li.lo.PluginCallerTimerRunnable/]: Registering item subtypes: jei:internal...
[18:39:47] [Render thread/INFO] [me.je.li.lo.PluginCaller/]: Registering item subtypes took 4.935 milliseconds
[18:39:47] [Render thread/INFO] [me.je.li.lo.PluginCaller/]: Registering fluid subtypes...
[18:39:47] [Render thread/DEBUG] [me.je.li.lo.PluginCallerTimerRunnable/]: Registering fluid subtypes: jei:minecraft...
[18:39:47] [Render thread/DEBUG] [me.je.li.lo.PluginCallerTimerRunnable/]: Registering fluid subtypes: jade:main...
[18:39:47] [Render thread/DEBUG] [me.je.li.lo.PluginCallerTimerRunnable/]: Registering fluid subtypes: createdieselgenerators:jei_plugin...
[18:39:47] [Render thread/DEBUG] [me.je.li.lo.PluginCallerTimerRunnable/]: Registering fluid subtypes: create_new_age:jei_plugin...
[18:39:47] [Render thread/DEBUG] [me.je.li.lo.PluginCallerTimerRunnable/]: Registering fluid subtypes: jei:neoforge_gui...
[18:39:47] [Render thread/DEBUG] [me.je.li.lo.PluginCallerTimerRunnable/]: Registering fluid subtypes: jei:debug...
[18:39:47] [Render thread/DEBUG] [me.je.li.lo.PluginCallerTimerRunnable/]: Registering fluid subtypes: jei:gui...
[18:39:47] [Render thread/DEBUG] [me.je.li.lo.PluginCallerTimerRunnable/]: Registering fluid subtypes: create:jei_plugin...
[18:39:47] [Render thread/DEBUG] [me.je.li.lo.PluginCallerTimerRunnable/]: Registering fluid subtypes: potato_s_t:jei_plugin...
[18:39:47] [Render thread/DEBUG] [me.je.li.lo.PluginCallerTimerRunnable/]: Registering fluid subtypes: jei:internal...
[18:39:47] [Render thread/INFO] [me.je.li.lo.PluginCaller/]: Registering fluid subtypes took 2.032 milliseconds
[18:39:47] [Render thread/INFO] [me.je.li.lo.PluginCaller/]: Registering ingredients...
[18:39:47] [Render thread/DEBUG] [me.je.li.lo.PluginCallerTimerRunnable/]: Registering ingredients: jei:minecraft...
[18:39:47] [Render thread/DEBUG] [me.je.li.pl.va.in.ItemStackListFactory/]: Added  402/ 402 new items from '��������' creative tab's displayItems
[18:39:47] [Render thread/DEBUG] [me.je.li.pl.va.in.ItemStackListFactory/]: Added  198/ 198 new items from 'Ⱦɫ����' creative tab's displayItems
[18:39:47] [Render thread/DEBUG] [me.je.li.pl.va.in.ItemStackListFactory/]: Added  201/ 226 new items from '��Ȼ����' creative tab's displayItems
[18:39:47] [Render thread/DEBUG] [me.je.li.pl.va.in.ItemStackListFactory/]: Added  147/ 234 new items from '���ܷ���' creative tab's displayItems
[18:39:47] [Render thread/DEBUG] [me.je.li.pl.va.in.ItemStackListFactory/]: Added   29/  68 new items from '��ʯ����' creative tab's displayItems
[18:39:47] [Render thread/DEBUG] [me.je.li.pl.va.in.ItemStackListFactory/]: Skipping creative tab: '�ѱ���Ŀ����' because it is type: HOTBAR
[18:39:47] [Render thread/DEBUG] [me.je.li.pl.va.in.ItemStackListFactory/]: Skipping creative tab: '������Ʒ' because it is type: SEARCH
[18:39:47] [Render thread/DEBUG] [me.je.li.pl.va.in.ItemStackListFactory/]: Added  101/ 113 new items from '������ʵ����Ʒ' creative tab's displayItems
[18:39:47] [Render thread/DEBUG] [me.je.li.pl.va.in.ItemStackListFactory/]: Added   92/ 104 new items from 'ս����Ʒ' creative tab's displayItems
[18:39:47] [Render thread/DEBUG] [me.je.li.pl.va.in.ItemStackListFactory/]: Added  190/ 193 new items from 'ʳ������Ʒ' creative tab's displayItems
[18:39:47] [Render thread/DEBUG] [me.je.li.pl.va.in.ItemStackListFactory/]: Added  174/ 188 new items from 'ԭ����' creative tab's displayItems
[18:39:47] [Render thread/DEBUG] [me.je.li.pl.va.in.ItemStackListFactory/]: Added   87/ 275 new items from 'ԭ����' creative tab's searchTabDisplayItems
[18:39:47] [Render thread/DEBUG] [me.je.li.pl.va.in.ItemStackListFactory/]: Added   80/  80 new items from 'ˢ�ֵ�' creative tab's displayItems
[18:39:47] [Render thread/DEBUG] [me.je.li.pl.va.in.ItemStackListFactory/]: Item Group has no display items and no search tab display items. Items from this group will be missing from the JEI ingredient list. ����Ա��Ʒ
[18:39:47] [Render thread/DEBUG] [me.je.li.pl.va.in.ItemStackListFactory/]: Skipping creative tab: '����ģʽ��Ʒ��' because it is type: INVENTORY
[18:39:47] [Render thread/DEBUG] [me.je.li.pl.va.in.ItemStackListFactory/]: Added   62/  63 new items from '��е���������Ͷ���' creative tab's displayItems
[18:39:47] [Render thread/WARN] [me.je.li.pl.va.in.ItemStackListFactory/]: 1 duplicate items were found in '��е���������Ͷ���' creative tab's: displayItems
This may indicate that these types of item need a subtype interpreter added to JEI:
[createdieselgenerators:track_layers_bag]
[18:39:47] [Render thread/DEBUG] [me.je.li.pl.va.in.ItemStackListFactory/]: Added   50/  50 new items from '��е����������ʱ��' creative tab's displayItems
[18:39:47] [Render thread/DEBUG] [me.je.li.pl.va.in.ItemStackListFactory/]: Added  207/ 207 new items from '��е����' creative tab's displayItems
[18:39:47] [Render thread/DEBUG] [me.je.li.pl.va.in.ItemStackListFactory/]: Added   62/ 269 new items from '��е����' creative tab's searchTabDisplayItems
[18:39:47] [Render thread/DEBUG] [me.je.li.pl.va.in.ItemStackListFactory/]: Added  377/ 377 new items from '��е����ح��������' creative tab's displayItems
[18:39:47] [Render thread/DEBUG] [me.je.li.pl.va.in.ItemStackListFactory/]: Added   15/ 392 new items from '��е����ح��������' creative tab's searchTabDisplayItems
[18:39:47] [Render thread/ERROR] [me.je.li.pl.va.in.ItemStackListFactory/]: Item Group crashed while building contents.Items from this group will be missing from the JEI ingredient list: PotatoS&T
java.lang.ExceptionInInitializerError: null
	at TRANSFORMER/potato_s_t@0.11/com.potatost.mod.ModItems.lambda$static$44(ModItems.java:530) ~[%23220!/:?] {re:classloading}
	at TRANSFORMER/neoforge@21.1.235/net.neoforged.neoforge.event.EventHooks.onCreativeModeTabBuildContents(EventHooks.java:1108) ~[neoforge-21.1.235.jar%23206!/:?] {re:classloading}
	at TRANSFORMER/minecraft@1.21.1/net.minecraft.world.item.CreativeModeTab.buildContents(CreativeModeTab.java:147) ~[neoforge-21.1.235.jar%23205!/:?] {re:classloading,pl:accesstransformer:B}
	at TRANSFORMER/jei@19.25.0.325/mezz.jei.library.plugins.vanilla.ingredients.ItemStackListFactory.create(ItemStackListFactory.java:81) ~[%5BJEI��Ʒ������%5D%20jei-1.21.1-neoforge-19.25.0.325.jar%23212!/:19.25.0.325] {re:classloading}
	at TRANSFORMER/jei@19.25.0.325/mezz.jei.library.plugins.vanilla.VanillaPlugin.registerIngredients(VanillaPlugin.java:182) ~[%5BJEI��Ʒ������%5D%20jei-1.21.1-neoforge-19.25.0.325.jar%23212!/:19.25.0.325] {re:classloading}
	at TRANSFORMER/jei@19.25.0.325/mezz.jei.library.load.PluginLoader.lambda$registerIngredients$2(PluginLoader.java:82) ~[%5BJEI��Ʒ������%5D%20jei-1.21.1-neoforge-19.25.0.325.jar%23212!/:19.25.0.325] {re:classloading}
	at TRANSFORMER/jei@19.25.0.325/mezz.jei.library.load.PluginCaller.callOnPlugins(PluginCaller.java:26) ~[%5BJEI��Ʒ������%5D%20jei-1.21.1-neoforge-19.25.0.325.jar%23212!/:19.25.0.325] {re:classloading}
	at TRANSFORMER/jei@19.25.0.325/mezz.jei.library.load.PluginLoader.registerIngredients(PluginLoader.java:82) ~[%5BJEI��Ʒ������%5D%20jei-1.21.1-neoforge-19.25.0.325.jar%23212!/:19.25.0.325] {re:classloading}
	at TRANSFORMER/jei@19.25.0.325/mezz.jei.library.startup.JeiStarter.start(JeiStarter.java:113) ~[%5BJEI��Ʒ������%5D%20jei-1.21.1-neoforge-19.25.0.325.jar%23212!/:19.25.0.325] {re:classloading}
	at TRANSFORMER/jei@19.25.0.325/mezz.jei.neoforge.startup.StartEventObserver.transitionState(StartEventObserver.java:175) ~[%5BJEI��Ʒ������%5D%20jei-1.21.1-neoforge-19.25.0.325.jar%23212!/:19.25.0.325] {re:classloading}
	at TRANSFORMER/jei@19.25.0.325/mezz.jei.neoforge.startup.StartEventObserver.onEvent(StartEventObserver.java:120) ~[%5BJEI��Ʒ������%5D%20jei-1.21.1-neoforge-19.25.0.325.jar%23212!/:19.25.0.325] {re:classloading}
	at MC-BOOTSTRAP/net.neoforged.bus/net.neoforged.bus.ConsumerEventHandler.invoke(ConsumerEventHandler.java:27) ~[bus-8.0.5.jar%23155!/:?] {}
	at MC-BOOTSTRAP/net.neoforged.bus/net.neoforged.bus.EventBus.post(EventBus.java:360) ~[bus-8.0.5.jar%23155!/:?] {}
	at MC-BOOTSTRAP/net.neoforged.bus/net.neoforged.bus.EventBus.post(EventBus.java:328) ~[bus-8.0.5.jar%23155!/:?] {}
	at TRANSFORMER/neoforge@21.1.235/net.neoforged.neoforge.client.ClientHooks.onRecipesUpdated(ClientHooks.java:664) ~[neoforge-21.1.235.jar%23206!/:?] {re:mixin,re:classloading,pl:mixin:APP:sodium-neoforge.mixins.json:platform.neoforge.ClientHooksMixin from mod sodium,pl:mixin:A}
	at TRANSFORMER/minecraft@1.21.1/net.minecraft.client.multiplayer.ClientPacketListener.handleUpdateRecipes(ClientPacketListener.java:1590) ~[neoforge-21.1.235.jar%23205!/:?] {re:mixin,pl:accesstransformer:B,pl:runtimedistcleaner:A,re:classloading,pl:accesstransformer:B,pl:mixin:APP:sodium-common.mixins.json:core.world.map.ClientPacketListenerMixin from mod sodium,pl:mixin:APP:xaerolib.mixins.json:MixinClientPacketListener from mod xaerolib,pl:mixin:APP:ponder-common.mixins.json:client.accessor.ClientPacketListenerAccessor from mod ponder,pl:mixin:APP:xaeroworldmap.mixins.json:MixinClientPlayNetworkHandler from mod xaeroworldmap,pl:mixin:APP:xaeroworldmap.neoforge.mixins.json:MixinForgeClientPacketListener from mod xaeroworldmap,pl:mixin:A,pl:runtimedistcleaner:A}
	at TRANSFORMER/minecraft@1.21.1/net.minecraft.network.protocol.game.ClientboundUpdateRecipesPacket.handle(ClientboundUpdateRecipesPacket.java:31) ~[neoforge-21.1.235.jar%23205!/:?] {re:classloading}
	at TRANSFORMER/minecraft@1.21.1/net.minecraft.network.protocol.game.ClientboundUpdateRecipesPacket.handle(ClientboundUpdateRecipesPacket.java:12) ~[neoforge-21.1.235.jar%23205!/:?] {re:classloading}
	at TRANSFORMER/minecraft@1.21.1/net.minecraft.network.protocol.PacketUtils.lambda$ensureRunningOnSameThread$0(PacketUtils.java:36) ~[neoforge-21.1.235.jar%23205!/:?] {re:classloading}
	at TRANSFORMER/minecraft@1.21.1/net.minecraft.util.thread.BlockableEventLoop.doRunTask(BlockableEventLoop.java:151) ~[neoforge-21.1.235.jar%23205!/:?] {re:mixin,pl:accesstransformer:B,re:computing_frames,pl:accesstransformer:B,re:classloading,pl:accesstransformer:B}
	at TRANSFORMER/minecraft@1.21.1/net.minecraft.util.thread.ReentrantBlockableEventLoop.doRunTask(ReentrantBlockableEventLoop.java:24) ~[neoforge-21.1.235.jar%23205!/:?] {re:mixin,re:computing_frames,re:classloading}
	at TRANSFORMER/minecraft@1.21.1/net.minecraft.util.thread.BlockableEventLoop.pollTask(BlockableEventLoop.java:122) ~[neoforge-21.1.235.jar%23205!/:?] {re:mixin,pl:accesstransformer:B,re:computing_frames,pl:accesstransformer:B,re:classloading,pl:accesstransformer:B}
	at TRANSFORMER/minecraft@1.21.1/net.minecraft.util.thread.BlockableEventLoop.runAllTasks(BlockableEventLoop.java:111) ~[neoforge-21.1.235.jar%23205!/:?] {re:mixin,pl:accesstransformer:B,re:computing_frames,pl:accesstransformer:B,re:classloading,pl:accesstransformer:B}
	at TRANSFORMER/minecraft@1.21.1/net.minecraft.client.Minecraft.runTick(Minecraft.java:1161) ~[neoforge-21.1.235.jar%23205!/:?] {re:mixin,pl:accesstransformer:B,pl:runtimedistcleaner:A,re:classloading,pl:accesstransformer:B,pl:mixin:A,pl:runtimedistcleaner:A}
	at TRANSFORMER/minecraft@1.21.1/net.minecraft.client.Minecraft.run(Minecraft.java:813) ~[neoforge-21.1.235.jar%23205!/:?] {re:mixin,pl:accesstransformer:B,pl:runtimedistcleaner:A,re:classloading,pl:accesstransformer:B,pl:mixin:A,pl:runtimedistcleaner:A}
	at TRANSFORMER/minecraft@1.21.1/net.minecraft.client.main.Main.main(Main.java:230) ~[neoforge-21.1.235.jar%23205!/:?] {re:classloading,pl:runtimedistcleaner:A}
	at java.base/jdk.internal.reflect.DirectMethodHandleAccessor.invoke(DirectMethodHandleAccessor.java:103) ~[?:?] {}
	at java.base/java.lang.reflect.Method.invoke(Method.java:580) ~[?:?] {}
	at MC-BOOTSTRAP/fml_loader@4.0.42/net.neoforged.fml.loading.targets.CommonLaunchHandler.runTarget(CommonLaunchHandler.java:136) ~[loader-4.0.42.jar%23151!/:4.0] {}
	at MC-BOOTSTRAP/fml_loader@4.0.42/net.neoforged.fml.loading.targets.CommonLaunchHandler.clientService(CommonLaunchHandler.java:124) ~[loader-4.0.42.jar%23151!/:4.0] {}
	at MC-BOOTSTRAP/fml_loader@4.0.42/net.neoforged.fml.loading.targets.NeoForgeClientDevLaunchHandler.runService(NeoForgeClientDevLaunchHandler.java:23) ~[loader-4.0.42.jar%23151!/:4.0] {}
	at MC-BOOTSTRAP/fml_loader@4.0.42/net.neoforged.fml.loading.targets.CommonLaunchHandler.lambda$launchService$4(CommonLaunchHandler.java:118) ~[loader-4.0.42.jar%23151!/:4.0] {}
	at MC-BOOTSTRAP/cpw.mods.modlauncher@11.0.5/cpw.mods.modlauncher.LaunchServiceHandlerDecorator.launch(LaunchServiceHandlerDecorator.java:30) [modlauncher-11.0.5.jar%23133!/:?] {}
	at MC-BOOTSTRAP/cpw.mods.modlauncher@11.0.5/cpw.mods.modlauncher.LaunchServiceHandler.launch(LaunchServiceHandler.java:53) [modlauncher-11.0.5.jar%23133!/:?] {}
	at MC-BOOTSTRAP/cpw.mods.modlauncher@11.0.5/cpw.mods.modlauncher.LaunchServiceHandler.launch(LaunchServiceHandler.java:71) [modlauncher-11.0.5.jar%23133!/:?] {}
	at MC-BOOTSTRAP/cpw.mods.modlauncher@11.0.5/cpw.mods.modlauncher.Launcher.run(Launcher.java:103) [modlauncher-11.0.5.jar%23133!/:?] {}
	at MC-BOOTSTRAP/cpw.mods.modlauncher@11.0.5/cpw.mods.modlauncher.Launcher.main(Launcher.java:74) [modlauncher-11.0.5.jar%23133!/:?] {}
	at MC-BOOTSTRAP/cpw.mods.modlauncher@11.0.5/cpw.mods.modlauncher.BootstrapLaunchConsumer.accept(BootstrapLaunchConsumer.java:26) [modlauncher-11.0.5.jar%23133!/:?] {}
	at MC-BOOTSTRAP/cpw.mods.modlauncher@11.0.5/cpw.mods.modlauncher.BootstrapLaunchConsumer.accept(BootstrapLaunchConsumer.java:23) [modlauncher-11.0.5.jar%23133!/:?] {}
	at cpw.mods.bootstraplauncher@2.0.2/cpw.mods.bootstraplauncher.BootstrapLauncher.run(BootstrapLauncher.java:210) [bootstraplauncher-2.0.2.jar:?] {}
	at cpw.mods.bootstraplauncher@2.0.2/cpw.mods.bootstraplauncher.BootstrapLauncher.main(BootstrapLauncher.java:69) [bootstraplauncher-2.0.2.jar:?] {}
Caused by: java.lang.IllegalStateException: Cannot register new entries to DeferredRegister after RegisterEvent has been fired.
	at TRANSFORMER/neoforge@21.1.235/net.neoforged.neoforge.registries.DeferredRegister.register(DeferredRegister.java:227) ~[neoforge-21.1.235.jar%23206!/:?] {re:classloading}
	at TRANSFORMER/neoforge@21.1.235/net.neoforged.neoforge.registries.DeferredRegister$Items.register(DeferredRegister.java:502) ~[neoforge-21.1.235.jar%23206!/:?] {re:classloading}
	at TRANSFORMER/neoforge@21.1.235/net.neoforged.neoforge.registries.DeferredRegister$Items.register(DeferredRegister.java:515) ~[neoforge-21.1.235.jar%23206!/:?] {re:classloading}
	at TRANSFORMER/potato_s_t@0.11/com.potatost.mod.ModArmorItems.<clinit>(ModArmorItems.java:53) ~[?:?] {re:classloading}
	... 41 more
[18:39:47] [Render thread/INFO] [me.je.li.lo.PluginCallerTimerRunnable/]: Registering ingredients: jei:minecraft took 154.4 milliseconds
[18:39:47] [Render thread/DEBUG] [me.je.li.lo.PluginCallerTimerRunnable/]: Registering ingredients: jade:main...
[18:39:47] [Render thread/DEBUG] [me.je.li.lo.PluginCallerTimerRunnable/]: Registering ingredients: createdieselgenerators:jei_plugin...
[18:39:47] [Render thread/DEBUG] [me.je.li.lo.PluginCallerTimerRunnable/]: Registering ingredients: create_new_age:jei_plugin...
[18:39:47] [Render thread/DEBUG] [me.je.li.lo.PluginCallerTimerRunnable/]: Registering ingredients: jei:neoforge_gui...
[18:39:47] [Render thread/DEBUG] [me.je.li.lo.PluginCallerTimerRunnable/]: Registering ingredients: jei:debug...
[18:39:47] [Render thread/DEBUG] [me.je.li.lo.PluginCallerTimerRunnable/]: Registering ingredients: jei:gui...
[18:39:47] [Render thread/DEBUG] [me.je.li.lo.PluginCallerTimerRunnable/]: Registering ingredients: create:jei_plugin...
[18:39:47] [Render thread/DEBUG] [me.je.li.lo.PluginCallerTimerRunnable/]: Registering ingredients: potato_s_t:jei_plugin...
[18:39:47] [Render thread/DEBUG] [me.je.li.lo.PluginCallerTimerRunnable/]: Registering ingredients: jei:internal...
[18:39:47] [Render thread/INFO] [me.je.li.lo.PluginCaller/]: Registering ingredients took 155.6 milliseconds
[18:39:47] [Render thread/INFO] [me.je.li.lo.PluginCaller/]: Registering extra ingredients...
[18:39:47] [Render thread/DEBUG] [me.je.li.lo.PluginCallerTimerRunnable/]: Registering extra ingredients: jei:minecraft...
[18:39:47] [Render thread/DEBUG] [me.je.li.lo.PluginCallerTimerRunnable/]: Registering extra ingredients: jade:main...
[18:39:47] [Render thread/DEBUG] [me.je.li.lo.PluginCallerTimerRunnable/]: Registering extra ingredients: createdieselgenerators:jei_plugin...
[18:39:47] [Render thread/DEBUG] [me.je.li.lo.PluginCallerTimerRunnable/]: Registering extra ingredients: create_new_age:jei_plugin...
[18:39:47] [Render thread/DEBUG] [me.je.li.lo.PluginCallerTimerRunnable/]: Registering extra ingredients: jei:neoforge_gui...
[18:39:47] [Render thread/DEBUG] [me.je.li.lo.PluginCallerTimerRunnable/]: Registering extra ingredients: jei:debug...
[18:39:47] [Render thread/DEBUG] [me.je.li.lo.PluginCallerTimerRunnable/]: Registering extra ingredients: jei:gui...
[18:39:47] [Render thread/DEBUG] [me.je.li.lo.PluginCallerTimerRunnable/]: Registering extra ingredients: create:jei_plugin...
[18:39:47] [Render thread/DEBUG] [me.je.li.lo.PluginCallerTimerRunnable/]: Registering extra ingredients: potato_s_t:jei_plugin...
[18:39:47] [Render thread/DEBUG] [me.je.li.lo.PluginCallerTimerRunnable/]: Registering extra ingredients: jei:internal...
[18:39:47] [Render thread/INFO] [me.je.li.lo.PluginCaller/]: Registering extra ingredients took 3.948 milliseconds
[18:39:47] [Render thread/INFO] [me.je.li.lo.PluginCaller/]: Registering search ingredient aliases...
[18:39:47] [Render thread/DEBUG] [me.je.li.lo.PluginCallerTimerRunnable/]: Registering search ingredient aliases: jei:minecraft...
[18:39:47] [Render thread/DEBUG] [me.je.li.lo.PluginCallerTimerRunnable/]: Registering search ingredient aliases: jade:main...
[18:39:47] [Render thread/DEBUG] [me.je.li.lo.PluginCallerTimerRunnable/]: Registering search ingredient aliases: createdieselgenerators:jei_plugin...
[18:39:47] [Render thread/DEBUG] [me.je.li.lo.PluginCallerTimerRunnable/]: Registering search ingredient aliases: create_new_age:jei_plugin...
[18:39:47] [Render thread/DEBUG] [me.je.li.lo.PluginCallerTimerRunnable/]: Registering search ingredient aliases: jei:neoforge_gui...
[18:39:47] [Render thread/DEBUG] [me.je.li.lo.PluginCallerTimerRunnable/]: Registering search ingredient aliases: jei:debug...
[18:39:47] [Render thread/DEBUG] [me.je.li.lo.PluginCallerTimerRunnable/]: Registering search ingredient aliases: jei:gui...
[18:39:47] [Render thread/DEBUG] [me.je.li.lo.PluginCallerTimerRunnable/]: Registering search ingredient aliases: create:jei_plugin...
[18:39:47] [Render thread/DEBUG] [me.je.li.lo.PluginCallerTimerRunnable/]: Registering search ingredient aliases: potato_s_t:jei_plugin...
[18:39:47] [Render thread/DEBUG] [me.je.li.lo.PluginCallerTimerRunnable/]: Registering search ingredient aliases: jei:internal...
[18:39:47] [Render thread/INFO] [me.je.li.lo.PluginCaller/]: Registering search ingredient aliases took 1.182 milliseconds
[18:39:47] [Render thread/INFO] [me.je.li.lo.PluginCaller/]: Registering Mod Info...
[18:39:47] [Render thread/DEBUG] [me.je.li.lo.PluginCallerTimerRunnable/]: Registering Mod Info: jei:minecraft...
[18:39:47] [Render thread/DEBUG] [me.je.li.lo.PluginCallerTimerRunnable/]: Registering Mod Info: jade:main...
[18:39:47] [Render thread/DEBUG] [me.je.li.lo.PluginCallerTimerRunnable/]: Registering Mod Info: createdieselgenerators:jei_plugin...
[18:39:47] [Render thread/DEBUG] [me.je.li.lo.PluginCallerTimerRunnable/]: Registering Mod Info: create_new_age:jei_plugin...
[18:39:47] [Render thread/DEBUG] [me.je.li.lo.PluginCallerTimerRunnable/]: Registering Mod Info: jei:neoforge_gui...
[18:39:47] [Render thread/DEBUG] [me.je.li.lo.PluginCallerTimerRunnable/]: Registering Mod Info: jei:debug...
[18:39:47] [Render thread/DEBUG] [me.je.li.lo.PluginCallerTimerRunnable/]: Registering Mod Info: jei:gui...
[18:39:47] [Render thread/DEBUG] [me.je.li.lo.PluginCallerTimerRunnable/]: Registering Mod Info: create:jei_plugin...
[18:39:47] [Render thread/DEBUG] [me.je.li.lo.PluginCallerTimerRunnable/]: Registering Mod Info: potato_s_t:jei_plugin...
[18:39:47] [Render thread/DEBUG] [me.je.li.lo.PluginCallerTimerRunnable/]: Registering Mod Info: jei:internal...
[18:39:47] [Render thread/INFO] [me.je.li.lo.PluginCaller/]: Registering Mod Info took 1.088 milliseconds
[18:39:47] [Render thread/INFO] [me.je.li.lo.PluginCaller/]: Registering categories...
[18:39:47] [Render thread/DEBUG] [me.je.li.lo.PluginCallerTimerRunnable/]: Registering categories: jei:minecraft...
[18:39:47] [Render thread/INFO] [me.je.li.lo.PluginCallerTimerRunnable/]: Registering categories: jei:minecraft took 12.16 milliseconds
[18:39:47] [Render thread/DEBUG] [me.je.li.lo.PluginCallerTimerRunnable/]: Registering categories: jade:main...
[18:39:47] [Render thread/DEBUG] [me.je.li.lo.PluginCallerTimerRunnable/]: Registering categories: createdieselgenerators:jei_plugin...
[18:39:47] [Render thread/INFO] [me.je.li.lo.PluginCallerTimerRunnable/]: Registering categories: createdieselgenerators:jei_plugin took 15.82 milliseconds
[18:39:47] [Render thread/DEBUG] [me.je.li.lo.PluginCallerTimerRunnable/]: Registering categories: create_new_age:jei_plugin...
[18:39:47] [Render thread/DEBUG] [me.je.li.lo.PluginCallerTimerRunnable/]: Registering categories: jei:neoforge_gui...
[18:39:47] [Render thread/DEBUG] [me.je.li.lo.PluginCallerTimerRunnable/]: Registering categories: jei:debug...
[18:39:47] [Render thread/DEBUG] [me.je.li.lo.PluginCallerTimerRunnable/]: Registering categories: jei:gui...
[18:39:47] [Render thread/DEBUG] [me.je.li.lo.PluginCallerTimerRunnable/]: Registering categories: create:jei_plugin...
[18:39:47] [Render thread/INFO] [me.je.li.lo.PluginCallerTimerRunnable/]: Registering categories: create:jei_plugin took 32.78 milliseconds
[18:39:47] [Render thread/DEBUG] [me.je.li.lo.PluginCallerTimerRunnable/]: Registering categories: potato_s_t:jei_plugin...
[18:39:47] [Render thread/INFO] [co.po.mo.cl.je.PotatoSTJeiPlugin/]: [potato_s_t] JEI category micro_crusher: 20 recipes, worst case in=6item/0fluid out=1item/0fluid info=3 lines
[18:39:47] [Render thread/INFO] [co.po.mo.cl.je.PotatoSTJeiPlugin/]: [potato_s_t] JEI category electrolyzer: 2 recipes, worst case in=1item/1fluid out=0item/2fluid info=3 lines
[18:39:47] [Render thread/INFO] [co.po.mo.cl.je.PotatoSTJeiPlugin/]: [potato_s_t] JEI category salt_dryer: 2 recipes, worst case in=0item/0fluid out=1item/0fluid info=2 lines
[18:39:47] [Render thread/INFO] [co.po.mo.cl.je.PotatoSTJeiPlugin/]: [potato_s_t] JEI category filling_machine: 6 recipes, worst case in=1item/1fluid out=1item/0fluid info=2 lines
[18:39:47] [Render thread/INFO] [co.po.mo.cl.je.PotatoSTJeiPlugin/]: [potato_s_t] JEI category hydraulic_press: 8 recipes, worst case in=1item/0fluid out=1item/0fluid info=2 lines
[18:39:47] [Render thread/INFO] [co.po.mo.cl.je.PotatoSTJeiPlugin/]: [potato_s_t] JEI category salt_decomposer: 1 recipes, worst case in=1item/0fluid out=1item/0fluid info=4 lines
[18:39:47] [Render thread/INFO] [co.po.mo.cl.je.PotatoSTJeiPlugin/]: [potato_s_t] JEI category electric_blast_furnace: 25 recipes, worst case in=2item/0fluid out=1item/0fluid info=3 lines
[18:39:47] [Render thread/INFO] [co.po.mo.cl.je.PotatoSTJeiPlugin/]: [potato_s_t] JEI category alloy_smelter: 1 recipes, worst case in=3item/0fluid out=1item/0fluid info=2 lines
[18:39:47] [Render thread/INFO] [co.po.mo.cl.je.PotatoSTJeiPlugin/]: [potato_s_t] JEI category hydrodesulfurization_chamber: 1 recipes, worst case in=1item/1fluid out=1item/0fluid info=2 lines
[18:39:47] [Render thread/INFO] [co.po.mo.cl.je.PotatoSTJeiPlugin/]: [potato_s_t] JEI category air_separator: 1 recipes, worst case in=0item/0fluid out=0item/2fluid info=2 lines
[18:39:47] [Render thread/INFO] [co.po.mo.cl.je.PotatoSTJeiPlugin/]: [potato_s_t] JEI category ammonia_synthesis_chamber: 1 recipes, worst case in=1item/2fluid out=0item/1fluid info=3 lines
[18:39:47] [Render thread/INFO] [co.po.mo.cl.je.PotatoSTJeiPlugin/]: [potato_s_t] JEI: registered 11 machine recipe categories [micro_crusher, electrolyzer, salt_dryer, filling_machine, hydraulic_press, salt_decomposer, electric_blast_furnace, alloy_smelter, hydrodesulfurization_chamber, air_separator, ammonia_synthesis_chamber]
[18:39:47] [Render thread/INFO] [me.je.li.lo.PluginCallerTimerRunnable/]: Registering categories: potato_s_t:jei_plugin took 19.57 milliseconds
[18:39:47] [Render thread/DEBUG] [me.je.li.lo.PluginCallerTimerRunnable/]: Registering categories: jei:internal...
[18:39:47] [Render thread/INFO] [me.je.li.lo.PluginCaller/]: Registering categories took 90.56 milliseconds
[18:39:47] [Render thread/INFO] [me.je.li.lo.PluginCaller/]: Registering vanilla category extensions...
[18:39:47] [Render thread/DEBUG] [me.je.li.lo.PluginCallerTimerRunnable/]: Registering vanilla category extensions: jei:minecraft...
[18:39:47] [Render thread/DEBUG] [me.je.li.lo.PluginCallerTimerRunnable/]: Registering vanilla category extensions: jade:main...
[18:39:47] [Render thread/DEBUG] [me.je.li.lo.PluginCallerTimerRunnable/]: Registering vanilla category extensions: createdieselgenerators:jei_plugin...
[18:39:47] [Render thread/DEBUG] [me.je.li.lo.PluginCallerTimerRunnable/]: Registering vanilla category extensions: create_new_age:jei_plugin...
[18:39:47] [Render thread/DEBUG] [me.je.li.lo.PluginCallerTimerRunnable/]: Registering vanilla category extensions: jei:neoforge_gui...
[18:39:47] [Render thread/DEBUG] [me.je.li.lo.PluginCallerTimerRunnable/]: Registering vanilla category extensions: jei:debug...
[18:39:47] [Render thread/DEBUG] [me.je.li.lo.PluginCallerTimerRunnable/]: Registering vanilla category extensions: jei:gui...
[18:39:47] [Render thread/DEBUG] [me.je.li.lo.PluginCallerTimerRunnable/]: Registering vanilla category extensions: create:jei_plugin...
[18:39:47] [Render thread/DEBUG] [me.je.li.lo.PluginCallerTimerRunnable/]: Registering vanilla category extensions: potato_s_t:jei_plugin...
[18:39:47] [Render thread/DEBUG] [me.je.li.lo.PluginCallerTimerRunnable/]: Registering vanilla category extensions: jei:internal...
[18:39:47] [Render thread/INFO] [me.je.li.lo.PluginCaller/]: Registering vanilla category extensions took 3.408 milliseconds
[18:39:47] [Render thread/INFO] [me.je.li.lo.PluginCaller/]: Registering recipe catalysts...
[18:39:47] [Render thread/DEBUG] [me.je.li.lo.PluginCallerTimerRunnable/]: Registering recipe catalysts: jei:minecraft...
[18:39:47] [Render thread/DEBUG] [me.je.li.lo.PluginCallerTimerRunnable/]: Registering recipe catalysts: jade:main...
[18:39:47] [Render thread/DEBUG] [me.je.li.lo.PluginCallerTimerRunnable/]: Registering recipe catalysts: createdieselgenerators:jei_plugin...
[18:39:47] [Render thread/DEBUG] [me.je.li.lo.PluginCallerTimerRunnable/]: Registering recipe catalysts: create_new_age:jei_plugin...
[18:39:47] [Render thread/DEBUG] [me.je.li.lo.PluginCallerTimerRunnable/]: Registering recipe catalysts: jei:neoforge_gui...
[18:39:47] [Render thread/DEBUG] [me.je.li.lo.PluginCallerTimerRunnable/]: Registering recipe catalysts: jei:debug...
[18:39:47] [Render thread/DEBUG] [me.je.li.lo.PluginCallerTimerRunnable/]: Registering recipe catalysts: jei:gui...
[18:39:47] [Render thread/DEBUG] [me.je.li.lo.PluginCallerTimerRunnable/]: Registering recipe catalysts: create:jei_plugin...
[18:39:47] [Render thread/DEBUG] [me.je.li.lo.PluginCallerTimerRunnable/]: Registering recipe catalysts: potato_s_t:jei_plugin...
[18:39:47] [Render thread/DEBUG] [me.je.li.lo.PluginCallerTimerRunnable/]: Registering recipe catalysts: jei:internal...
[18:39:47] [Render thread/INFO] [me.je.li.lo.PluginCaller/]: Registering recipe catalysts took 2.741 milliseconds
[18:39:47] [Render thread/INFO] [me.je.co.ut.LoggedTimer/]: Building recipe registry...
[18:39:47] [Render thread/INFO] [me.je.co.ut.LoggedTimer/]: Building recipe registry took 10.80 milliseconds
[18:39:47] [Render thread/INFO] [me.je.li.lo.PluginCaller/]: Registering advanced plugins...
[18:39:47] [Render thread/DEBUG] [me.je.li.lo.PluginCallerTimerRunnable/]: Registering advanced plugins: jei:minecraft...
[18:39:47] [Render thread/DEBUG] [me.je.li.lo.PluginCallerTimerRunnable/]: Registering advanced plugins: jade:main...
[18:39:47] [Render thread/DEBUG] [me.je.li.lo.PluginCallerTimerRunnable/]: Registering advanced plugins: createdieselgenerators:jei_plugin...
[18:39:47] [Render thread/DEBUG] [me.je.li.lo.PluginCallerTimerRunnable/]: Registering advanced plugins: create_new_age:jei_plugin...
[18:39:47] [Render thread/DEBUG] [me.je.li.lo.PluginCallerTimerRunnable/]: Registering advanced plugins: jei:neoforge_gui...
[18:39:47] [Render thread/DEBUG] [me.je.li.lo.PluginCallerTimerRunnable/]: Registering advanced plugins: jei:debug...
[18:39:47] [Render thread/DEBUG] [me.je.li.lo.PluginCallerTimerRunnable/]: Registering advanced plugins: jei:gui...
[18:39:47] [Render thread/DEBUG] [me.je.li.lo.PluginCallerTimerRunnable/]: Registering advanced plugins: create:jei_plugin...
[18:39:47] [Render thread/DEBUG] [me.je.li.lo.PluginCallerTimerRunnable/]: Registering advanced plugins: potato_s_t:jei_plugin...
[18:39:47] [Render thread/DEBUG] [me.je.li.lo.PluginCallerTimerRunnable/]: Registering advanced plugins: jei:internal...
[18:39:47] [Render thread/INFO] [me.je.li.lo.PluginCaller/]: Registering advanced plugins took 1.023 milliseconds
[18:39:47] [Render thread/INFO] [me.je.li.lo.PluginCaller/]: Registering recipes...
[18:39:47] [Render thread/DEBUG] [me.je.li.lo.PluginCallerTimerRunnable/]: Registering recipes: jei:minecraft...
[18:39:47] [Render thread/DEBUG] [me.je.li.re.RecipeManagerInternal/]: Adding recipes: RecipeType[uid=minecraft:crafting, recipeClass=class net.minecraft.world.item.crafting.RecipeHolder]
[18:39:47] [Render thread/DEBUG] [me.je.li.re.RecipeManagerInternal/]: Adding recipes: RecipeType[uid=minecraft:crafting, recipeClass=class net.minecraft.world.item.crafting.RecipeHolder]
[18:39:47] [Render thread/DEBUG] [me.je.li.re.RecipeManagerInternal/]: Adding recipes: RecipeType[uid=minecraft:stonecutting, recipeClass=class net.minecraft.world.item.crafting.RecipeHolder]
[18:39:47] [Render thread/DEBUG] [me.je.li.re.RecipeManagerInternal/]: Adding recipes: RecipeType[uid=minecraft:smelting, recipeClass=class net.minecraft.world.item.crafting.RecipeHolder]
[18:39:47] [Render thread/DEBUG] [me.je.li.re.RecipeManagerInternal/]: Adding recipes: RecipeType[uid=minecraft:smoking, recipeClass=class net.minecraft.world.item.crafting.RecipeHolder]
[18:39:47] [Render thread/DEBUG] [me.je.li.re.RecipeManagerInternal/]: Adding recipes: RecipeType[uid=minecraft:blasting, recipeClass=class net.minecraft.world.item.crafting.RecipeHolder]
[18:39:47] [Render thread/DEBUG] [me.je.li.re.RecipeManagerInternal/]: Adding recipes: RecipeType[uid=minecraft:campfire_cooking, recipeClass=class net.minecraft.world.item.crafting.RecipeHolder]
[18:39:47] [Render thread/DEBUG] [me.je.li.re.RecipeManagerInternal/]: Adding recipes: RecipeType[uid=minecraft:fuel, recipeClass=interface mezz.jei.api.recipe.vanilla.IJeiFuelingRecipe]
[18:39:47] [Render thread/DEBUG] [me.je.li.re.RecipeManagerInternal/]: Adding recipes: RecipeType[uid=minecraft:anvil, recipeClass=interface mezz.jei.api.recipe.vanilla.IJeiAnvilRecipe]
[18:39:47] [Render thread/DEBUG] [me.je.li.re.RecipeManagerInternal/]: Adding recipes: RecipeType[uid=minecraft:smithing, recipeClass=class net.minecraft.world.item.crafting.RecipeHolder]
[18:39:47] [Render thread/DEBUG] [me.je.li.re.RecipeManagerInternal/]: Adding recipes: RecipeType[uid=minecraft:compostable, recipeClass=interface mezz.jei.api.recipe.vanilla.IJeiCompostingRecipe]
[18:39:47] [Render thread/DEBUG] [me.je.li.re.RecipeManagerInternal/]: Adding recipes: RecipeType[uid=minecraft:brewing, recipeClass=interface mezz.jei.api.recipe.vanilla.IJeiBrewingRecipe]
[18:39:47] [Render thread/DEBUG] [me.je.li.re.RecipeManagerInternal/]: Adding recipes: RecipeType[uid=minecraft:grindstone, recipeClass=interface mezz.jei.api.recipe.vanilla.IJeiGrindstoneRecipe]
[18:39:47] [Render thread/INFO] [me.je.li.lo.PluginCallerTimerRunnable/]: Registering recipes: jei:minecraft took 433.9 milliseconds
[18:39:47] [Render thread/DEBUG] [me.je.li.lo.PluginCallerTimerRunnable/]: Registering recipes: jade:main...
[18:39:47] [Render thread/DEBUG] [me.je.li.lo.PluginCallerTimerRunnable/]: Registering recipes: createdieselgenerators:jei_plugin...
[18:39:47] [Render thread/DEBUG] [me.je.li.re.RecipeManagerInternal/]: Adding recipes: RecipeType[uid=createdieselgenerators:basin_fermenting, recipeClass=class net.minecraft.world.item.crafting.RecipeHolder]
[18:39:47] [Render thread/DEBUG] [me.je.li.re.RecipeManagerInternal/]: Adding recipes: RecipeType[uid=createdieselgenerators:bulk_fermenting, recipeClass=class net.minecraft.world.item.crafting.RecipeHolder]
[18:39:47] [Render thread/DEBUG] [me.je.li.re.RecipeManagerInternal/]: Adding recipes: RecipeType[uid=createdieselgenerators:compression_molding, recipeClass=class net.minecraft.world.item.crafting.RecipeHolder]
[18:39:47] [Render thread/DEBUG] [me.je.li.re.RecipeManagerInternal/]: Adding recipes: RecipeType[uid=createdieselgenerators:casting, recipeClass=class net.minecraft.world.item.crafting.RecipeHolder]
[18:39:47] [Render thread/DEBUG] [me.je.li.re.RecipeManagerInternal/]: Adding recipes: RecipeType[uid=createdieselgenerators:distillation, recipeClass=class net.minecraft.world.item.crafting.RecipeHolder]
[18:39:47] [Render thread/DEBUG] [me.je.li.re.RecipeManagerInternal/]: Adding recipes: RecipeType[uid=createdieselgenerators:hammering, recipeClass=class net.minecraft.world.item.crafting.RecipeHolder]
[18:39:47] [Render thread/DEBUG] [me.je.li.re.RecipeManagerInternal/]: Adding recipes: RecipeType[uid=createdieselgenerators:wire_cutting, recipeClass=class net.minecraft.world.item.crafting.RecipeHolder]
[18:39:47] [Render thread/DEBUG] [me.je.li.lo.PluginCallerTimerRunnable/]: Registering recipes: create_new_age:jei_plugin...
[18:39:47] [Render thread/DEBUG] [me.je.li.re.RecipeManagerInternal/]: Adding recipes: RecipeType[uid=create_new_age:energising, recipeClass=class net.minecraft.world.item.crafting.RecipeHolder]
[18:39:47] [Render thread/DEBUG] [me.je.li.lo.PluginCallerTimerRunnable/]: Registering recipes: jei:neoforge_gui...
[18:39:47] [Render thread/DEBUG] [me.je.li.lo.PluginCallerTimerRunnable/]: Registering recipes: jei:debug...
[18:39:47] [Render thread/DEBUG] [me.je.li.lo.PluginCallerTimerRunnable/]: Registering recipes: jei:gui...
[18:39:47] [Render thread/DEBUG] [me.je.li.lo.PluginCallerTimerRunnable/]: Registering recipes: create:jei_plugin...
[18:39:47] [Render thread/DEBUG] [me.je.li.re.RecipeManagerInternal/]: Adding recipes: RecipeType[uid=create:milling, recipeClass=class net.minecraft.world.item.crafting.RecipeHolder]
[18:39:47] [Render thread/DEBUG] [me.je.li.re.RecipeManagerInternal/]: Adding recipes: RecipeType[uid=create:crushing, recipeClass=class net.minecraft.world.item.crafting.RecipeHolder]
[18:39:47] [Render thread/DEBUG] [me.je.li.re.RecipeManagerInternal/]: Adding recipes: RecipeType[uid=create:pressing, recipeClass=class net.minecraft.world.item.crafting.RecipeHolder]
[18:39:47] [Render thread/DEBUG] [me.je.li.re.RecipeManagerInternal/]: Adding recipes: RecipeType[uid=create:fan_washing, recipeClass=class net.minecraft.world.item.crafting.RecipeHolder]
[18:39:47] [Render thread/DEBUG] [me.je.li.re.RecipeManagerInternal/]: Adding recipes: RecipeType[uid=create:fan_smoking, recipeClass=class net.minecraft.world.item.crafting.RecipeHolder]
[18:39:47] [Render thread/DEBUG] [me.je.li.re.RecipeManagerInternal/]: Adding recipes: RecipeType[uid=create:fan_blasting, recipeClass=class net.minecraft.world.item.crafting.RecipeHolder]
[18:39:47] [Render thread/DEBUG] [me.je.li.re.RecipeManagerInternal/]: Adding recipes: RecipeType[uid=create:fan_haunting, recipeClass=class net.minecraft.world.item.crafting.RecipeHolder]
[18:39:47] [Render thread/DEBUG] [me.je.li.re.RecipeManagerInternal/]: Adding recipes: RecipeType[uid=create:mixing, recipeClass=class net.minecraft.world.item.crafting.RecipeHolder]
[18:39:47] [Render thread/DEBUG] [me.je.li.re.RecipeManagerInternal/]: Adding recipes: RecipeType[uid=create:automatic_shapeless, recipeClass=class net.minecraft.world.item.crafting.RecipeHolder]
[18:39:47] [Render thread/DEBUG] [me.je.li.re.RecipeManagerInternal/]: Adding recipes: RecipeType[uid=create:automatic_brewing, recipeClass=class net.minecraft.world.item.crafting.RecipeHolder]
[18:39:47] [Render thread/DEBUG] [me.je.li.re.RecipeManagerInternal/]: Adding recipes: RecipeType[uid=create:packing, recipeClass=class net.minecraft.world.item.crafting.RecipeHolder]
[18:39:47] [Render thread/DEBUG] [me.je.li.re.RecipeManagerInternal/]: Adding recipes: RecipeType[uid=create:automatic_packing, recipeClass=class net.minecraft.world.item.crafting.RecipeHolder]
[18:39:47] [Render thread/DEBUG] [me.je.li.re.RecipeManagerInternal/]: Adding recipes: RecipeType[uid=create:sawing, recipeClass=class net.minecraft.world.item.crafting.RecipeHolder]
[18:39:47] [Render thread/DEBUG] [me.je.li.re.RecipeManagerInternal/]: Adding recipes: RecipeType[uid=create:block_cutting, recipeClass=class net.minecraft.world.item.crafting.RecipeHolder]
[18:39:47] [Render thread/DEBUG] [me.je.li.re.RecipeManagerInternal/]: Adding recipes: RecipeType[uid=create:sandpaper_polishing, recipeClass=class net.minecraft.world.item.crafting.RecipeHolder]
[18:39:47] [Render thread/DEBUG] [me.je.li.re.RecipeManagerInternal/]: Adding recipes: RecipeType[uid=create:item_application, recipeClass=class net.minecraft.world.item.crafting.RecipeHolder]
[18:39:47] [Render thread/DEBUG] [me.je.li.re.RecipeManagerInternal/]: Adding recipes: RecipeType[uid=create:deploying, recipeClass=class net.minecraft.world.item.crafting.RecipeHolder]
[18:39:47] [Render thread/DEBUG] [me.je.li.re.RecipeManagerInternal/]: Adding recipes: RecipeType[uid=create:spout_filling, recipeClass=class net.minecraft.world.item.crafting.RecipeHolder]
[18:39:47] [Render thread/DEBUG] [me.je.li.re.RecipeManagerInternal/]: Adding recipes: RecipeType[uid=create:draining, recipeClass=class net.minecraft.world.item.crafting.RecipeHolder]
[18:39:47] [Render thread/DEBUG] [me.je.li.re.RecipeManagerInternal/]: Adding recipes: RecipeType[uid=create:automatic_shaped, recipeClass=class net.minecraft.world.item.crafting.RecipeHolder]
[18:39:47] [Render thread/DEBUG] [me.je.li.re.RecipeManagerInternal/]: Adding recipes: RecipeType[uid=create:mechanical_crafting, recipeClass=class net.minecraft.world.item.crafting.RecipeHolder]
[18:39:47] [Render thread/DEBUG] [me.je.li.re.RecipeManagerInternal/]: Adding recipes: RecipeType[uid=create:sequenced_assembly, recipeClass=class net.minecraft.world.item.crafting.RecipeHolder]
[18:39:47] [Render thread/DEBUG] [me.je.li.re.RecipeManagerInternal/]: Adding recipes: RecipeType[uid=create:mystery_conversion, recipeClass=class net.minecraft.world.item.crafting.RecipeHolder]
[18:39:47] [Render thread/DEBUG] [me.je.li.re.RecipeManagerInternal/]: Adding recipes: RecipeType[uid=minecraft:crafting, recipeClass=class net.minecraft.world.item.crafting.RecipeHolder]
[18:39:47] [Render thread/INFO] [me.je.li.lo.PluginCallerTimerRunnable/]: Registering recipes: create:jei_plugin took 196.5 milliseconds
[18:39:47] [Render thread/DEBUG] [me.je.li.lo.PluginCallerTimerRunnable/]: Registering recipes: potato_s_t:jei_plugin...
[18:39:47] [Render thread/DEBUG] [me.je.li.re.RecipeManagerInternal/]: Adding recipes: RecipeType[uid=potato_s_t:micro_crusher, recipeClass=class com.potatost.mod.MachineRecipes$Entry]
[18:39:47] [Render thread/DEBUG] [me.je.li.re.RecipeManagerInternal/]: Adding recipes: RecipeType[uid=potato_s_t:electrolyzer, recipeClass=class com.potatost.mod.MachineRecipes$Entry]
[18:39:47] [Render thread/DEBUG] [me.je.li.re.RecipeManagerInternal/]: Adding recipes: RecipeType[uid=potato_s_t:salt_dryer, recipeClass=class com.potatost.mod.MachineRecipes$Entry]
[18:39:47] [Render thread/DEBUG] [me.je.li.re.RecipeManagerInternal/]: Adding recipes: RecipeType[uid=potato_s_t:filling_machine, recipeClass=class com.potatost.mod.MachineRecipes$Entry]
[18:39:47] [Render thread/DEBUG] [me.je.li.re.RecipeManagerInternal/]: Adding recipes: RecipeType[uid=potato_s_t:hydraulic_press, recipeClass=class com.potatost.mod.MachineRecipes$Entry]
[18:39:47] [Render thread/DEBUG] [me.je.li.re.RecipeManagerInternal/]: Adding recipes: RecipeType[uid=potato_s_t:salt_decomposer, recipeClass=class com.potatost.mod.MachineRecipes$Entry]
[18:39:47] [Render thread/DEBUG] [me.je.li.re.RecipeManagerInternal/]: Adding recipes: RecipeType[uid=potato_s_t:electric_blast_furnace, recipeClass=class com.potatost.mod.MachineRecipes$Entry]
[18:39:47] [Render thread/DEBUG] [me.je.li.re.RecipeManagerInternal/]: Adding recipes: RecipeType[uid=potato_s_t:alloy_smelter, recipeClass=class com.potatost.mod.MachineRecipes$Entry]
[18:39:47] [Render thread/DEBUG] [me.je.li.re.RecipeManagerInternal/]: Adding recipes: RecipeType[uid=potato_s_t:hydrodesulfurization_chamber, recipeClass=class com.potatost.mod.MachineRecipes$Entry]
[18:39:47] [Render thread/DEBUG] [me.je.li.re.RecipeManagerInternal/]: Adding recipes: RecipeType[uid=potato_s_t:air_separator, recipeClass=class com.potatost.mod.MachineRecipes$Entry]
[18:39:47] [Render thread/DEBUG] [me.je.li.re.RecipeManagerInternal/]: Adding recipes: RecipeType[uid=potato_s_t:ammonia_synthesis_chamber, recipeClass=class com.potatost.mod.MachineRecipes$Entry]
[18:39:47] [Render thread/INFO] [co.po.mo.cl.je.PotatoSTJeiPlugin/]: [potato_s_t] JEI: registered 68 machine recipes across 11 categories
[18:39:47] [Render thread/DEBUG] [me.je.li.lo.PluginCallerTimerRunnable/]: Registering recipes: jei:internal...
[18:39:47] [Render thread/DEBUG] [me.je.li.pl.je.ta.TagInfoRecipeMaker/]: No valid ingredients found for minecraft:fluid tag: Mushroom Stew (c:mushroom_stew)
[18:39:47] [Render thread/DEBUG] [me.je.li.pl.je.ta.TagInfoRecipeMaker/]: No valid ingredients found for minecraft:fluid tag: Suspicious Stew (c:suspicious_stew)
[18:39:47] [Render thread/DEBUG] [me.je.li.pl.je.ta.TagInfoRecipeMaker/]: No valid ingredients found for minecraft:fluid tag: Experience (c:experience)
[18:39:47] [Render thread/DEBUG] [me.je.li.pl.je.ta.TagInfoRecipeMaker/]: No valid ingredients found for minecraft:fluid tag: Beetroot Soup (c:beetroot_soup)
[18:39:47] [Render thread/DEBUG] [me.je.li.pl.je.ta.TagInfoRecipeMaker/]: No valid ingredients found for minecraft:fluid tag: Potion (c:potion)
[18:39:47] [Render thread/DEBUG] [me.je.li.pl.je.ta.TagInfoRecipeMaker/]: No valid ingredients found for minecraft:fluid tag: Rabbit Stew (c:rabbit_stew)
[18:39:47] [Render thread/DEBUG] [me.je.li.re.RecipeManagerInternal/]: Adding recipes: RecipeType[uid=minecraft:tag_recipes/fluid, recipeClass=interface mezz.jei.library.plugins.jei.tags.ITagInfoRecipe]
[18:39:47] [Render thread/DEBUG] [me.je.li.pl.je.ta.TagInfoRecipeMaker/]: No valid ingredients found for minecraft:item tag: Ropes (c:ropes)
[18:39:47] [Render thread/DEBUG] [me.je.li.pl.je.ta.TagInfoRecipeMaker/]: No valid ingredients found for minecraft:item tag: ��ˮ�� (create:stone_types/galosphere/amethyst)
[18:39:47] [Render thread/DEBUG] [me.je.li.pl.je.ta.TagInfoRecipeMaker/]: No valid ingredients found for minecraft:item tag: #potato_s_t:electrolytes (potato_s_t:electrolytes)
[18:39:47] [Render thread/DEBUG] [me.je.li.pl.je.ta.TagInfoRecipeMaker/]: No valid ingredients found for minecraft:item tag: ӫ�ƾ� (create:stone_types/galosphere/lumiere)
[18:39:47] [Render thread/DEBUG] [me.je.li.pl.je.ta.TagInfoRecipeMaker/]: No valid ingredients found for minecraft:item tag: ������ (create:stone_types/galosphere/allurite)
[18:39:47] [Render thread/DEBUG] [me.je.li.pl.je.ta.TagInfoRecipeMaker/]: No valid ingredients found for minecraft:item tag: �̺�������ɺ�� (create:upgrade_aquatic/coral)
[18:39:47] [Render thread/DEBUG] [me.je.li.pl.je.ta.TagInfoRecipeMaker/]: No valid ingredients found for minecraft:item tag: Candies (c:foods/candy)
[18:39:47] [Render thread/DEBUG] [me.je.li.pl.je.ta.TagInfoRecipeMaker/]: No valid ingredients found for minecraft:item tag: Water (c:drinks/water)
[18:39:47] [Render thread/DEBUG] [me.je.li.pl.je.ta.TagInfoRecipeMaker/]: No valid ingredients found for minecraft:item tag: Juice (c:drinks/juice)
[18:39:47] [Render thread/DEBUG] [me.je.li.re.RecipeManagerInternal/]: Adding recipes: RecipeType[uid=minecraft:tag_recipes/item, recipeClass=interface mezz.jei.library.plugins.jei.tags.ITagInfoRecipe]
[18:39:47] [Render thread/DEBUG] [me.je.li.pl.je.ta.TagInfoRecipeMaker/]: No valid ingredients found for minecraft:block tag: #create:plough_blacklist (create:plough_blacklist)
[18:39:47] [Render thread/DEBUG] [me.je.li.pl.je.ta.TagInfoRecipeMaker/]: No valid ingredients found for minecraft:block tag: #minecraft:strider_warm_blocks (minecraft:strider_warm_blocks)
[18:39:47] [Render thread/DEBUG] [me.je.li.pl.je.ta.TagInfoRecipeMaker/]: No valid ingredients found for minecraft:block tag: Enderman Place On Blacklist (neoforge:enderman_place_on_blacklist)
[18:39:47] [Render thread/DEBUG] [me.je.li.pl.je.ta.TagInfoRecipeMaker/]: No valid ingredients found for minecraft:block tag: #minecraft:fire (minecraft:fire)
[18:39:47] [Render thread/DEBUG] [me.je.li.pl.je.ta.TagInfoRecipeMaker/]: No valid ingredients found for minecraft:block tag: #minecraft:incorrect_for_netherite_tool (minecraft:incorrect_for_netherite_tool)
[18:39:47] [Render thread/DEBUG] [me.je.li.pl.je.ta.TagInfoRecipeMaker/]: No valid ingredients found for minecraft:block tag: #minecraft:invalid_spawn_inside (minecraft:invalid_spawn_inside)
[18:39:47] [Render thread/DEBUG] [me.je.li.pl.je.ta.TagInfoRecipeMaker/]: No valid ingredients found for minecraft:block tag: #minecraft:candle_cakes (minecraft:candle_cakes)
[18:39:47] [Render thread/DEBUG] [me.je.li.pl.je.ta.TagInfoRecipeMaker/]: No valid ingredients found for minecraft:block tag: #minecraft:incorrect_for_diamond_tool (minecraft:incorrect_for_diamond_tool)
[18:39:47] [Render thread/DEBUG] [me.je.li.pl.je.ta.TagInfoRecipeMaker/]: No valid ingredients found for minecraft:block tag: ����װ�� (create:non_movable)
[18:39:47] [Render thread/DEBUG] [me.je.li.pl.je.ta.TagInfoRecipeMaker/]: No valid ingredients found for minecraft:block tag: #minecraft:air (minecraft:air)
[18:39:47] [Render thread/DEBUG] [me.je.li.pl.je.ta.TagInfoRecipeMaker/]: No valid ingredients found for minecraft:block tag: #minecraft:portals (minecraft:portals)
[18:39:47] [Render thread/DEBUG] [me.je.li.pl.je.ta.TagInfoRecipeMaker/]: No valid ingredients found for minecraft:block tag: #createdieselgenerators:pumpjack_pipe (createdieselgenerators:pumpjack_pipe)
[18:39:47] [Render thread/DEBUG] [me.je.li.pl.je.ta.TagInfoRecipeMaker/]: No valid ingredients found for minecraft:block tag: �����ո� (create:non_harvestable)
[18:39:47] [Render thread/DEBUG] [me.je.li.pl.je.ta.TagInfoRecipeMaker/]: No valid ingredients found for minecraft:block tag: Needs Netherite Tools (neoforge:needs_netherite_tool)
[18:39:47] [Render thread/DEBUG] [me.je.li.pl.je.ta.TagInfoRecipeMaker/]: No valid ingredients found for minecraft:block tag: Ropes (c:ropes)
[18:39:47] [Render thread/DEBUG] [me.je.li.re.RecipeManagerInternal/]: Adding recipes: RecipeType[uid=minecraft:tag_recipes/block, recipeClass=interface mezz.jei.library.plugins.jei.tags.ITagInfoRecipe]
[18:39:48] [Render thread/INFO] [me.je.li.lo.PluginCallerTimerRunnable/]: Registering recipes: jei:internal took 62.89 milliseconds
[18:39:48] [Render thread/INFO] [me.je.li.lo.PluginCaller/]: Registering recipes took 701.8 milliseconds
[18:39:48] [Render thread/INFO] [me.je.li.lo.PluginCaller/]: Registering recipes transfer handlers...
[18:39:48] [Render thread/DEBUG] [me.je.li.lo.PluginCallerTimerRunnable/]: Registering recipes transfer handlers: jei:minecraft...
[18:39:48] [Render thread/DEBUG] [me.je.li.lo.PluginCallerTimerRunnable/]: Registering recipes transfer handlers: jade:main...
[18:39:48] [Render thread/DEBUG] [me.je.li.lo.PluginCallerTimerRunnable/]: Registering recipes transfer handlers: createdieselgenerators:jei_plugin...
[18:39:48] [Render thread/DEBUG] [me.je.li.lo.PluginCallerTimerRunnable/]: Registering recipes transfer handlers: create_new_age:jei_plugin...
[18:39:48] [Render thread/DEBUG] [me.je.li.lo.PluginCallerTimerRunnable/]: Registering recipes transfer handlers: jei:neoforge_gui...
[18:39:48] [Render thread/DEBUG] [me.je.li.lo.PluginCallerTimerRunnable/]: Registering recipes transfer handlers: jei:debug...
[18:39:48] [Render thread/DEBUG] [me.je.li.lo.PluginCallerTimerRunnable/]: Registering recipes transfer handlers: jei:gui...
[18:39:48] [Render thread/DEBUG] [me.je.li.lo.PluginCallerTimerRunnable/]: Registering recipes transfer handlers: create:jei_plugin...
[18:39:48] [Render thread/DEBUG] [me.je.li.lo.PluginCallerTimerRunnable/]: Registering recipes transfer handlers: potato_s_t:jei_plugin...
[18:39:48] [Render thread/DEBUG] [me.je.li.lo.PluginCallerTimerRunnable/]: Registering recipes transfer handlers: jei:internal...
[18:39:48] [Render thread/INFO] [me.je.li.lo.PluginCaller/]: Registering recipes transfer handlers took 5.020 milliseconds
[18:39:48] [Render thread/INFO] [me.je.co.ut.LoggedTimer/]: Building runtime...
[18:39:48] [Render thread/INFO] [me.je.li.lo.PluginCaller/]: Registering gui handlers...
[18:39:48] [Render thread/DEBUG] [me.je.li.lo.PluginCallerTimerRunnable/]: Registering gui handlers: jei:minecraft...
[18:39:48] [Render thread/DEBUG] [me.je.li.lo.PluginCallerTimerRunnable/]: Registering gui handlers: jade:main...
[18:39:48] [Render thread/DEBUG] [me.je.li.lo.PluginCallerTimerRunnable/]: Registering gui handlers: createdieselgenerators:jei_plugin...
[18:39:48] [Render thread/DEBUG] [me.je.li.lo.PluginCallerTimerRunnable/]: Registering gui handlers: create_new_age:jei_plugin...
[18:39:48] [Render thread/DEBUG] [me.je.li.lo.PluginCallerTimerRunnable/]: Registering gui handlers: jei:neoforge_gui...
[18:39:48] [Render thread/DEBUG] [me.je.li.lo.PluginCallerTimerRunnable/]: Registering gui handlers: jei:debug...
[18:39:48] [Render thread/DEBUG] [me.je.li.lo.PluginCallerTimerRunnable/]: Registering gui handlers: jei:gui...
[18:39:48] [Render thread/DEBUG] [me.je.li.lo.PluginCallerTimerRunnable/]: Registering gui handlers: create:jei_plugin...
[18:39:48] [Render thread/DEBUG] [me.je.li.lo.PluginCallerTimerRunnable/]: Registering gui handlers: potato_s_t:jei_plugin...
[18:39:48] [Render thread/DEBUG] [me.je.li.lo.PluginCallerTimerRunnable/]: Registering gui handlers: jei:internal...
[18:39:48] [Render thread/INFO] [me.je.li.lo.PluginCaller/]: Registering gui handlers took 7.864 milliseconds
[18:39:48] [Render thread/INFO] [me.je.li.lo.PluginCaller/]: Registering Runtime...
[18:39:48] [Render thread/DEBUG] [me.je.li.lo.PluginCallerTimerRunnable/]: Registering Runtime: jei:minecraft...
[18:39:48] [Render thread/DEBUG] [me.je.li.lo.PluginCallerTimerRunnable/]: Registering Runtime: jade:main...
[18:39:48] [Render thread/DEBUG] [me.je.li.lo.PluginCallerTimerRunnable/]: Registering Runtime: createdieselgenerators:jei_plugin...
[18:39:48] [Render thread/DEBUG] [me.je.li.lo.PluginCallerTimerRunnable/]: Registering Runtime: create_new_age:jei_plugin...
[18:39:48] [Render thread/DEBUG] [me.je.li.lo.PluginCallerTimerRunnable/]: Registering Runtime: jei:neoforge_gui...
[18:39:48] [Render thread/INFO] [me.je.gu.st.JeiGuiStarter/]: Starting JEI GUI
[18:39:48] [Render thread/INFO] [me.je.co.ut.LoggedTimer/]: Building ingredient list...
[18:39:48] [Render thread/DEBUG] [me.je.gu.in.IngredientListElementFactory/]: Registering ingredients: ItemStack
[18:39:48] [Render thread/DEBUG] [me.je.gu.in.IngredientListElementFactory/]: Registering ingredients: FluidStack
[18:39:48] [Render thread/INFO] [me.je.co.ut.LoggedTimer/]: Building ingredient list took 30.90 milliseconds
[18:39:48] [Render thread/INFO] [me.je.co.ut.LoggedTimer/]: Building ingredient filter...
[18:39:48] [Render thread/INFO] [me.je.gu.in.IngredientFilter/]: Adding 2542 ingredients
[18:39:48] [Render thread/INFO] [me.je.gu.in.IngredientFilter/]: Added 2542 ingredients
[18:39:48] [Render thread/INFO] [me.je.co.ut.LoggedTimer/]: Building ingredient filter took 399.7 milliseconds
[18:39:48] [Render thread/DEBUG] [me.je.gu.co.LookupHistoryJsonConfig/]: Loaded lookup history config from file: E:\PotatoST\run\client\config\jei\world\local\______1\lookupHistory.json
[18:39:48] [Render thread/INFO] [me.je.li.lo.PluginCallerTimerRunnable/]: Registering Runtime: jei:neoforge_gui took 509.0 milliseconds
[18:39:48] [Render thread/DEBUG] [me.je.li.lo.PluginCallerTimerRunnable/]: Registering Runtime: jei:debug...
[18:39:48] [Render thread/DEBUG] [me.je.li.lo.PluginCallerTimerRunnable/]: Registering Runtime: jei:gui...
[18:39:48] [Render thread/DEBUG] [me.je.li.lo.PluginCallerTimerRunnable/]: Registering Runtime: create:jei_plugin...
[18:39:48] [Render thread/DEBUG] [me.je.li.lo.PluginCallerTimerRunnable/]: Registering Runtime: potato_s_t:jei_plugin...
[18:39:48] [Render thread/DEBUG] [me.je.li.lo.PluginCallerTimerRunnable/]: Registering Runtime: jei:internal...
[18:39:48] [Render thread/INFO] [me.je.li.lo.PluginCaller/]: Registering Runtime took 510.1 milliseconds
[18:39:48] [Render thread/INFO] [me.je.co.ut.LoggedTimer/]: Building runtime took 526.2 milliseconds
[18:39:48] [Render thread/INFO] [me.je.li.lo.PluginCaller/]: Sending Runtime...
[18:39:48] [Render thread/DEBUG] [me.je.li.lo.PluginCallerTimerRunnable/]: Sending Runtime: jei:minecraft...
[18:39:48] [Render thread/DEBUG] [me.je.li.lo.PluginCallerTimerRunnable/]: Sending Runtime: jade:main...
[18:39:48] [Render thread/DEBUG] [me.je.li.lo.PluginCallerTimerRunnable/]: Sending Runtime: createdieselgenerators:jei_plugin...
[18:39:48] [Render thread/DEBUG] [me.je.li.lo.PluginCallerTimerRunnable/]: Sending Runtime: create_new_age:jei_plugin...
[18:39:48] [Render thread/DEBUG] [me.je.li.lo.PluginCallerTimerRunnable/]: Sending Runtime: jei:neoforge_gui...
[18:39:48] [Render thread/DEBUG] [me.je.li.lo.PluginCallerTimerRunnable/]: Sending Runtime: jei:debug...
[18:39:48] [Render thread/DEBUG] [me.je.li.lo.PluginCallerTimerRunnable/]: Sending Runtime: jei:gui...
[18:39:48] [Render thread/DEBUG] [me.je.li.lo.PluginCallerTimerRunnable/]: Sending Runtime: create:jei_plugin...
[18:39:48] [Render thread/DEBUG] [me.je.li.lo.PluginCallerTimerRunnable/]: Sending Runtime: potato_s_t:jei_plugin...
[18:39:48] [Render thread/DEBUG] [me.je.li.lo.PluginCallerTimerRunnable/]: Sending Runtime: jei:internal...
[18:39:48] [Render thread/INFO] [me.je.li.lo.PluginCaller/]: Sending Runtime took 824.5 microseconds
[18:39:48] [Render thread/INFO] [me.je.co.ut.LoggedTimer/]: Starting JEI took 1.575 seconds
[18:39:48] [Render thread/INFO] [sn.ja.Jade/]: Received config from the server: 
[18:39:48] [Render thread/INFO] [minecraft/AdvancementTree]: Loaded 167 advancements
[18:39:48] [Render thread/DEBUG] [mixin/]: Mixing ProjectileUtilMixin from create.mixins.json into net.minecraft.world.entity.projectile.ProjectileUtil
[18:39:48] [Render thread/DEBUG] [mixin/]: Mixing core.render.frustum.FrustumMixin from sodium-common.mixins.json into net.minecraft.client.renderer.culling.Frustum
[18:39:48] [Render thread/DEBUG] [Sodium/]: Loaded net.caffeinemc.mods.sodium.neoforge.model.NeoForgeModelAccess@1b1e54e8 for service interface net.caffeinemc.mods.sodium.client.services.PlatformModelAccess
[18:39:48] [Render thread/DEBUG] [Sodium/]: Loaded net.caffeinemc.mods.sodium.neoforge.level.NeoForgeLevelAccess@6aec0b01 for service interface net.caffeinemc.mods.sodium.client.services.PlatformLevelAccess
[18:39:48] [Render thread/DEBUG] [Sodium/]: Loaded net.caffeinemc.mods.sodium.neoforge.block.NeoForgeBlockAccess@41c5dee for service interface net.caffeinemc.mods.sodium.client.services.PlatformBlockAccess
[18:39:48] [Render thread/DEBUG] [Sodium/]: Loaded net.caffeinemc.mods.sodium.neoforge.level.NeoForgeLevelRenderHooks@38e1aaa1 for service interface net.caffeinemc.mods.sodium.client.services.PlatformLevelRenderHooks
[18:39:48] [Render thread/DEBUG] [mixin/]: Mixing ChunkRendererRegionBuilderMixin from fabric-block-view-api-v2.client.mixins.json into net.minecraft.client.renderer.chunk.RenderRegionCache
[18:39:48] [Render thread/DEBUG] [mixin/]: fabric-block-view-api-v2.client.mixins.json:ChunkRendererRegionBuilderMixin from mod fabric_block_view_api_v2: Class version 65 required is higher than the class version supported by the current version of Mixin (JAVA_17 supports class version 61)
[18:39:48] [Render thread/DEBUG] [mixin/]: fabric-block-view-api-v2.client.mixins.json:ChunkRendererRegionBuilderMixin from mod fabric_block_view_api_v2->@Inject::copyDataForChunk(Lnet/minecraft/world/level/Level;Lnet/minecraft/core/SectionPos;ZLorg/spongepowered/asm/mixin/injection/callback/CallbackInfoReturnable;)V doesn't use it's CallbackInfoReturnable
[18:39:48] [Render thread/DEBUG] [mixin/]: fabric-block-view-api-v2.client.mixins.json:ChunkRendererRegionBuilderMixin from mod fabric_block_view_api_v2->@Inject::copyDataForChunk(Lnet/minecraft/world/level/Level;Lnet/minecraft/core/SectionPos;ZLorg/spongepowered/asm/mixin/injection/callback/CallbackInfoReturnable;)V has 0 override(s) in child classes
[18:39:48] [Render thread/DEBUG] [mixin/]: fabric-block-view-api-v2.client.mixins.json:ChunkRendererRegionBuilderMixin from mod fabric_block_view_api_v2->@Inject::copyDataForChunk(Lnet/minecraft/world/level/Level;Lnet/minecraft/core/SectionPos;ZLorg/spongepowered/asm/mixin/injection/callback/CallbackInfoReturnable;)V won't be passed a CallbackInfoReturnable as a result
[18:39:48] [Render thread/DEBUG] [mixin/]: fabric-block-view-api-v2.client.mixins.json:ChunkRendererRegionBuilderMixin from mod fabric_block_view_api_v2->@Inject::createDataMap(Lnet/minecraft/world/level/Level;Lnet/minecraft/core/SectionPos;ZLorg/spongepowered/asm/mixin/injection/callback/CallbackInfoReturnable;)V does use it's CallbackInfoReturnable
[18:39:48] [JEI Deduplicating Run Executor 0/DEBUG] [me.je.co.co.fi.ConfigSerializer/]: Saving config file: E:\PotatoST\run\client\config\jei\jei-colors.ini
[18:39:49] [JEI Deduplicating Run Executor 0/DEBUG] [me.je.co.co.fi.ConfigSerializer/]: Saving config file: E:\PotatoST\run\client\config\jei\jei-debug.ini
[18:39:49] [JEI Deduplicating Run Executor 0/DEBUG] [me.je.co.co.fi.ConfigSerializer/]: Saving config file: E:\PotatoST\run\client\config\jei\jei-mod-id-format.ini
[18:39:49] [JEI Deduplicating Run Executor 0/DEBUG] [me.je.co.co.fi.ConfigSerializer/]: Saving config file: E:\PotatoST\run\client\config\jei\jei-client.ini
[18:39:49] [Server thread/INFO] [minecraft/IntegratedServer]: Saving and pausing game...
[18:39:49] [Server thread/INFO] [minecraft/MinecraftServer]: Saving chunks for level 'ServerLevel[�µ�����]'/minecraft:overworld
[18:39:49] [Server thread/INFO] [minecraft/MinecraftServer]: Saving chunks for level 'ServerLevel[�µ�����]'/minecraft:the_nether
[18:39:49] [Server thread/INFO] [minecraft/MinecraftServer]: Saving chunks for level 'ServerLevel[�µ�����]'/minecraft:the_end
[18:39:49] [Server thread/DEBUG] [ne.ne.ne.co.CommonHooks/WP]: Gathered mod list to write to world save �µ�����
[18:39:49] [JEI Config File Watcher/DEBUG] [me.je.co.co.fi.FileWatcherThread/]: Detected changes in files:
E:\PotatoST\run\client\config\jei\jei-colors.ini
E:\PotatoST\run\client\config\jei\jei-debug.ini
E:\PotatoST\run\client\config\jei\jei-mod-id-format.ini
E:\PotatoST\run\client\config\jei\jei-client.ini
[18:39:49] [Render thread/DEBUG] [me.je.co.co.fi.ConfigSerializer/]: Skipping loading config file, it was just saved by us: E:\PotatoST\run\client\config\jei\jei-debug.ini
[18:39:51] [Thread-6/DEBUG] [xa.li.XaeroLib/]: Loaded xaero.lib.platform.services.PlatformClientOnlyHelperNeoForge@41c35754 for service interface xaero.lib.platform.services.IPlatformClientOnlyHelper
[18:39:57] [Render thread/DEBUG] [me.je.co.co.fi.ConfigSerializer/]: Skipping loading config file, it was just saved by us: E:\PotatoST\run\client\config\jei\jei-client.ini
[18:40:02] [Server thread/INFO] [minecraft/IntegratedServer]: Saving and pausing game...
[18:40:02] [Server thread/INFO] [minecraft/MinecraftServer]: Saving chunks for level 'ServerLevel[�µ�����]'/minecraft:overworld
[18:40:02] [Server thread/INFO] [minecraft/MinecraftServer]: Saving chunks for level 'ServerLevel[�µ�����]'/minecraft:the_nether
[18:40:02] [Server thread/INFO] [minecraft/MinecraftServer]: Saving chunks for level 'ServerLevel[�µ�����]'/minecraft:the_end
[18:40:02] [Server thread/DEBUG] [ne.ne.ne.co.CommonHooks/WP]: Gathered mod list to write to world save �µ�����
[18:40:15] [Render thread/ERROR] [minecraft/Minecraft]: Unreported exception thrown!
java.lang.NoClassDefFoundError: Could not initialize class com.potatost.mod.ModArmorItems
	at TRANSFORMER/potato_s_t@0.11/com.potatost.mod.ModItems.lambda$static$44(ModItems.java:530) ~[%23220!/:?] {re:classloading}
	at TRANSFORMER/neoforge@21.1.235/net.neoforged.neoforge.event.EventHooks.onCreativeModeTabBuildContents(EventHooks.java:1108) ~[neoforge-21.1.235.jar%23206!/:?] {re:classloading}
	at TRANSFORMER/minecraft@1.21.1/net.minecraft.world.item.CreativeModeTab.buildContents(CreativeModeTab.java:147) ~[neoforge-21.1.235.jar%23205!/:?] {re:classloading,pl:accesstransformer:B}
	at TRANSFORMER/minecraft@1.21.1/net.minecraft.world.item.CreativeModeTabs.lambda$buildAllTabContents$48(CreativeModeTabs.java:1957) ~[neoforge-21.1.235.jar%23205!/:?] {re:classloading,pl:accesstransformer:B}
	at java.base/java.util.stream.ForEachOps$ForEachOp$OfRef.accept(ForEachOps.java:184) ~[?:?] {}
	at java.base/java.util.stream.ReferencePipeline$2$1.accept(ReferencePipeline.java:179) ~[?:?] {}
	at java.base/java.util.Iterator.forEachRemaining(Iterator.java:133) ~[?:?] {re:mixin}
	at java.base/java.util.Spliterators$IteratorSpliterator.forEachRemaining(Spliterators.java:1939) ~[?:?] {}
	at java.base/java.util.stream.AbstractPipeline.copyInto(AbstractPipeline.java:509) ~[?:?] {}
	at java.base/java.util.stream.AbstractPipeline.wrapAndCopyInto(AbstractPipeline.java:499) ~[?:?] {}
	at java.base/java.util.stream.ForEachOps$ForEachOp.evaluateSequential(ForEachOps.java:151) ~[?:?] {}
	at java.base/java.util.stream.ForEachOps$ForEachOp$OfRef.evaluateSequential(ForEachOps.java:174) ~[?:?] {}
	at java.base/java.util.stream.AbstractPipeline.evaluate(AbstractPipeline.java:234) ~[?:?] {}
	at java.base/java.util.stream.ReferencePipeline.forEach(ReferencePipeline.java:596) ~[?:?] {}
	at TRANSFORMER/minecraft@1.21.1/net.minecraft.world.item.CreativeModeTabs.buildAllTabContents(CreativeModeTabs.java:1957) ~[neoforge-21.1.235.jar%23205!/:?] {re:classloading,pl:accesstransformer:B}
	at TRANSFORMER/minecraft@1.21.1/net.minecraft.world.item.CreativeModeTabs.tryRebuildTabContents(CreativeModeTabs.java:1966) ~[neoforge-21.1.235.jar%23205!/:?] {re:classloading,pl:accesstransformer:B}
	at TRANSFORMER/minecraft@1.21.1/net.minecraft.client.gui.screens.inventory.CreativeModeInventoryScreen.tryRebuildTabContents(CreativeModeInventoryScreen.java:157) ~[neoforge-21.1.235.jar%23205!/:?] {re:classloading,pl:accesstransformer:B,pl:runtimedistcleaner:A}
	at TRANSFORMER/minecraft@1.21.1/net.minecraft.client.gui.screens.inventory.CreativeModeInventoryScreen.<init>(CreativeModeInventoryScreen.java:133) ~[neoforge-21.1.235.jar%23205!/:?] {re:classloading,pl:accesstransformer:B,pl:runtimedistcleaner:A}
	at TRANSFORMER/minecraft@1.21.1/net.minecraft.client.gui.screens.inventory.InventoryScreen.init(InventoryScreen.java:63) ~[neoforge-21.1.235.jar%23205!/:?] {re:classloading,pl:runtimedistcleaner:A}
	at TRANSFORMER/minecraft@1.21.1/net.minecraft.client.gui.screens.Screen.init(Screen.java:337) ~[neoforge-21.1.235.jar%23205!/:?] {re:mixin,pl:accesstransformer:B,pl:runtimedistcleaner:A,re:computing_frames,pl:accesstransformer:B,pl:runtimedistcleaner:A,re:classloading,pl:accesstransformer:B,pl:mixin:APP:ponder-common.mixins.json:client.accessor.ScreenAccessor from mod ponder,pl:mixin:APP:create.mixins.json:compat.xaeros.XaeroPauseScreenOverrideMixin from mod create,pl:mixin:A,pl:runtimedistcleaner:A}
	at TRANSFORMER/minecraft@1.21.1/net.minecraft.client.Minecraft.setScreen(Minecraft.java:1063) ~[neoforge-21.1.235.jar%23205!/:?] {re:mixin,pl:accesstransformer:B,pl:runtimedistcleaner:A,re:classloading,pl:accesstransformer:B,pl:mixin:A,pl:runtimedistcleaner:A}
	at TRANSFORMER/minecraft@1.21.1/net.minecraft.client.Minecraft.handleKeybinds(Minecraft.java:1986) ~[neoforge-21.1.235.jar%23205!/:?] {re:mixin,pl:accesstransformer:B,pl:runtimedistcleaner:A,re:classloading,pl:accesstransformer:B,pl:mixin:A,pl:runtimedistcleaner:A}
	at TRANSFORMER/minecraft@1.21.1/net.minecraft.client.Minecraft.tick(Minecraft.java:1849) ~[neoforge-21.1.235.jar%23205!/:?] {re:mixin,pl:accesstransformer:B,pl:runtimedistcleaner:A,re:classloading,pl:accesstransformer:B,pl:mixin:A,pl:runtimedistcleaner:A}
	at TRANSFORMER/minecraft@1.21.1/net.minecraft.client.Minecraft.runTick(Minecraft.java:1167) ~[neoforge-21.1.235.jar%23205!/:?] {re:mixin,pl:accesstransformer:B,pl:runtimedistcleaner:A,re:classloading,pl:accesstransformer:B,pl:mixin:A,pl:runtimedistcleaner:A}
	at TRANSFORMER/minecraft@1.21.1/net.minecraft.client.Minecraft.run(Minecraft.java:813) ~[neoforge-21.1.235.jar%23205!/:?] {re:mixin,pl:accesstransformer:B,pl:runtimedistcleaner:A,re:classloading,pl:accesstransformer:B,pl:mixin:A,pl:runtimedistcleaner:A}
	at TRANSFORMER/minecraft@1.21.1/net.minecraft.client.main.Main.main(Main.java:230) ~[neoforge-21.1.235.jar%23205!/:?] {re:classloading,pl:runtimedistcleaner:A}
	at java.base/jdk.internal.reflect.DirectMethodHandleAccessor.invoke(DirectMethodHandleAccessor.java:103) ~[?:?] {}
	at java.base/java.lang.reflect.Method.invoke(Method.java:580) ~[?:?] {}
	at MC-BOOTSTRAP/fml_loader@4.0.42/net.neoforged.fml.loading.targets.CommonLaunchHandler.runTarget(CommonLaunchHandler.java:136) ~[loader-4.0.42.jar%23151!/:4.0] {}
	at MC-BOOTSTRAP/fml_loader@4.0.42/net.neoforged.fml.loading.targets.CommonLaunchHandler.clientService(CommonLaunchHandler.java:124) ~[loader-4.0.42.jar%23151!/:4.0] {}
	at MC-BOOTSTRAP/fml_loader@4.0.42/net.neoforged.fml.loading.targets.NeoForgeClientDevLaunchHandler.runService(NeoForgeClientDevLaunchHandler.java:23) ~[loader-4.0.42.jar%23151!/:4.0] {}
	at MC-BOOTSTRAP/fml_loader@4.0.42/net.neoforged.fml.loading.targets.CommonLaunchHandler.lambda$launchService$4(CommonLaunchHandler.java:118) ~[loader-4.0.42.jar%23151!/:4.0] {}
	at MC-BOOTSTRAP/cpw.mods.modlauncher@11.0.5/cpw.mods.modlauncher.LaunchServiceHandlerDecorator.launch(LaunchServiceHandlerDecorator.java:30) [modlauncher-11.0.5.jar%23133!/:?] {}
	at MC-BOOTSTRAP/cpw.mods.modlauncher@11.0.5/cpw.mods.modlauncher.LaunchServiceHandler.launch(LaunchServiceHandler.java:53) [modlauncher-11.0.5.jar%23133!/:?] {}
	at MC-BOOTSTRAP/cpw.mods.modlauncher@11.0.5/cpw.mods.modlauncher.LaunchServiceHandler.launch(LaunchServiceHandler.java:71) [modlauncher-11.0.5.jar%23133!/:?] {}
	at MC-BOOTSTRAP/cpw.mods.modlauncher@11.0.5/cpw.mods.modlauncher.Launcher.run(Launcher.java:103) [modlauncher-11.0.5.jar%23133!/:?] {}
	at MC-BOOTSTRAP/cpw.mods.modlauncher@11.0.5/cpw.mods.modlauncher.Launcher.main(Launcher.java:74) [modlauncher-11.0.5.jar%23133!/:?] {}
	at MC-BOOTSTRAP/cpw.mods.modlauncher@11.0.5/cpw.mods.modlauncher.BootstrapLaunchConsumer.accept(BootstrapLaunchConsumer.java:26) [modlauncher-11.0.5.jar%23133!/:?] {}
	at MC-BOOTSTRAP/cpw.mods.modlauncher@11.0.5/cpw.mods.modlauncher.BootstrapLaunchConsumer.accept(BootstrapLaunchConsumer.java:23) [modlauncher-11.0.5.jar%23133!/:?] {}
	at cpw.mods.bootstraplauncher@2.0.2/cpw.mods.bootstraplauncher.BootstrapLauncher.run(BootstrapLauncher.java:210) [bootstraplauncher-2.0.2.jar:?] {}
	at cpw.mods.bootstraplauncher@2.0.2/cpw.mods.bootstraplauncher.BootstrapLauncher.main(BootstrapLauncher.java:69) [bootstraplauncher-2.0.2.jar:?] {}
Caused by: java.lang.ExceptionInInitializerError: Exception java.lang.IllegalStateException: Cannot register new entries to DeferredRegister after RegisterEvent has been fired. [in thread "Render thread"]
	at TRANSFORMER/neoforge@21.1.235/net.neoforged.neoforge.registries.DeferredRegister.register(DeferredRegister.java:227) ~[neoforge-21.1.235.jar%23206!/:?] {re:classloading}
	at TRANSFORMER/neoforge@21.1.235/net.neoforged.neoforge.registries.DeferredRegister$Items.register(DeferredRegister.java:502) ~[neoforge-21.1.235.jar%23206!/:?] {re:classloading}
	at TRANSFORMER/neoforge@21.1.235/net.neoforged.neoforge.registries.DeferredRegister$Items.register(DeferredRegister.java:515) ~[neoforge-21.1.235.jar%23206!/:?] {re:classloading}
	at TRANSFORMER/potato_s_t@0.11/com.potatost.mod.ModArmorItems.<clinit>(ModArmorItems.java:53) ~[%23220!/:?] {re:classloading}
	at TRANSFORMER/potato_s_t@0.11/com.potatost.mod.ModItems.lambda$static$44(ModItems.java:530) ~[%23220!/:?] {re:classloading}
	at TRANSFORMER/neoforge@21.1.235/net.neoforged.neoforge.event.EventHooks.onCreativeModeTabBuildContents(EventHooks.java:1108) ~[neoforge-21.1.235.jar%23206!/:?] {re:classloading}
	at TRANSFORMER/minecraft@1.21.1/net.minecraft.world.item.CreativeModeTab.buildContents(CreativeModeTab.java:147) ~[neoforge-21.1.235.jar%23205!/:?] {re:classloading,pl:accesstransformer:B}
	at TRANSFORMER/jei@19.25.0.325/mezz.jei.library.plugins.vanilla.ingredients.ItemStackListFactory.create(ItemStackListFactory.java:81) ~[%5BJEI��Ʒ������%5D%20jei-1.21.1-neoforge-19.25.0.325.jar%23212!/:19.25.0.325] {re:classloading}
	at TRANSFORMER/jei@19.25.0.325/mezz.jei.library.plugins.vanilla.VanillaPlugin.registerIngredients(VanillaPlugin.java:182) ~[%5BJEI��Ʒ������%5D%20jei-1.21.1-neoforge-19.25.0.325.jar%23212!/:19.25.0.325] {re:classloading}
	at TRANSFORMER/jei@19.25.0.325/mezz.jei.library.load.PluginLoader.lambda$registerIngredients$2(PluginLoader.java:82) ~[%5BJEI��Ʒ������%5D%20jei-1.21.1-neoforge-19.25.0.325.jar%23212!/:19.25.0.325] {re:classloading}
	at TRANSFORMER/jei@19.25.0.325/mezz.jei.library.load.PluginCaller.callOnPlugins(PluginCaller.java:26) ~[%5BJEI��Ʒ������%5D%20jei-1.21.1-neoforge-19.25.0.325.jar%23212!/:19.25.0.325] {re:classloading}
	at TRANSFORMER/jei@19.25.0.325/mezz.jei.library.load.PluginLoader.registerIngredients(PluginLoader.java:82) ~[%5BJEI��Ʒ������%5D%20jei-1.21.1-neoforge-19.25.0.325.jar%23212!/:19.25.0.325] {re:classloading}
	at TRANSFORMER/jei@19.25.0.325/mezz.jei.library.startup.JeiStarter.start(JeiStarter.java:113) ~[%5BJEI��Ʒ������%5D%20jei-1.21.1-neoforge-19.25.0.325.jar%23212!/:19.25.0.325] {re:classloading}
	at TRANSFORMER/jei@19.25.0.325/mezz.jei.neoforge.startup.StartEventObserver.transitionState(StartEventObserver.java:175) ~[%5BJEI��Ʒ������%5D%20jei-1.21.1-neoforge-19.25.0.325.jar%23212!/:19.25.0.325] {re:classloading}
	at TRANSFORMER/jei@19.25.0.325/mezz.jei.neoforge.startup.StartEventObserver.onEvent(StartEventObserver.java:120) ~[%5BJEI��Ʒ������%5D%20jei-1.21.1-neoforge-19.25.0.325.jar%23212!/:19.25.0.325] {re:classloading}
	at MC-BOOTSTRAP/net.neoforged.bus/net.neoforged.bus.ConsumerEventHandler.invoke(ConsumerEventHandler.java:27) ~[bus-8.0.5.jar%23155!/:?] {}
	at MC-BOOTSTRAP/net.neoforged.bus/net.neoforged.bus.EventBus.post(EventBus.java:360) ~[bus-8.0.5.jar%23155!/:?] {}
	at MC-BOOTSTRAP/net.neoforged.bus/net.neoforged.bus.EventBus.post(EventBus.java:328) ~[bus-8.0.5.jar%23155!/:?] {}
	at TRANSFORMER/neoforge@21.1.235/net.neoforged.neoforge.client.ClientHooks.onRecipesUpdated(ClientHooks.java:664) ~[neoforge-21.1.235.jar%23206!/:?] {re:mixin,re:classloading,pl:mixin:APP:sodium-neoforge.mixins.json:platform.neoforge.ClientHooksMixin from mod sodium,pl:mixin:A}
	at TRANSFORMER/minecraft@1.21.1/net.minecraft.client.multiplayer.ClientPacketListener.handleUpdateRecipes(ClientPacketListener.java:1590) ~[neoforge-21.1.235.jar%23205!/:?] {re:mixin,pl:accesstransformer:B,pl:runtimedistcleaner:A,re:classloading,pl:accesstransformer:B,pl:mixin:APP:sodium-common.mixins.json:core.world.map.ClientPacketListenerMixin from mod sodium,pl:mixin:APP:xaerolib.mixins.json:MixinClientPacketListener from mod xaerolib,pl:mixin:APP:ponder-common.mixins.json:client.accessor.ClientPacketListenerAccessor from mod ponder,pl:mixin:APP:xaeroworldmap.mixins.json:MixinClientPlayNetworkHandler from mod xaeroworldmap,pl:mixin:APP:xaeroworldmap.neoforge.mixins.json:MixinForgeClientPacketListener from mod xaeroworldmap,pl:mixin:A,pl:runtimedistcleaner:A}
	at TRANSFORMER/minecraft@1.21.1/net.minecraft.network.protocol.game.ClientboundUpdateRecipesPacket.handle(ClientboundUpdateRecipesPacket.java:31) ~[neoforge-21.1.235.jar%23205!/:?] {re:classloading}
	at TRANSFORMER/minecraft@1.21.1/net.minecraft.network.protocol.game.ClientboundUpdateRecipesPacket.handle(ClientboundUpdateRecipesPacket.java:12) ~[neoforge-21.1.235.jar%23205!/:?] {re:classloading}
	at TRANSFORMER/minecraft@1.21.1/net.minecraft.network.protocol.PacketUtils.lambda$ensureRunningOnSameThread$0(PacketUtils.java:36) ~[neoforge-21.1.235.jar%23205!/:?] {re:classloading}
	at TRANSFORMER/minecraft@1.21.1/net.minecraft.util.thread.BlockableEventLoop.doRunTask(BlockableEventLoop.java:151) ~[neoforge-21.1.235.jar%23205!/:?] {re:mixin,pl:accesstransformer:B,re:computing_frames,pl:accesstransformer:B,re:classloading,pl:accesstransformer:B}
	at TRANSFORMER/minecraft@1.21.1/net.minecraft.util.thread.ReentrantBlockableEventLoop.doRunTask(ReentrantBlockableEventLoop.java:24) ~[neoforge-21.1.235.jar%23205!/:?] {re:mixin,re:computing_frames,re:classloading}
	at TRANSFORMER/minecraft@1.21.1/net.minecraft.util.thread.BlockableEventLoop.pollTask(BlockableEventLoop.java:122) ~[neoforge-21.1.235.jar%23205!/:?] {re:mixin,pl:accesstransformer:B,re:computing_frames,pl:accesstransformer:B,re:classloading,pl:accesstransformer:B}
	at TRANSFORMER/minecraft@1.21.1/net.minecraft.util.thread.BlockableEventLoop.runAllTasks(BlockableEventLoop.java:111) ~[neoforge-21.1.235.jar%23205!/:?] {re:mixin,pl:accesstransformer:B,re:computing_frames,pl:accesstransformer:B,re:classloading,pl:accesstransformer:B}
	at TRANSFORMER/minecraft@1.21.1/net.minecraft.client.Minecraft.runTick(Minecraft.java:1161) ~[neoforge-21.1.235.jar%23205!/:?] {re:mixin,pl:accesstransformer:B,pl:runtimedistcleaner:A,re:classloading,pl:accesstransformer:B,pl:mixin:A,pl:runtimedistcleaner:A}
	... 17 more
[18:40:15] [Render thread/DEBUG] [os.ut.FileUtil/]: No oshi.architecture.properties file found from ClassLoader cpw.mods.modlauncher.TransformingClassLoader@30c4e352
[18:40:15] [Server thread/INFO] [minecraft/MinecraftServer]: Stopping server
[18:40:15] [Server thread/INFO] [minecraft/MinecraftServer]: Saving players
[18:40:15] [Server thread/INFO] [minecraft/MinecraftServer]: Saving worlds
[18:40:16] [Server thread/INFO] [minecraft/MinecraftServer]: Saving chunks for level 'ServerLevel[�µ�����]'/minecraft:overworld
[18:40:16] [Server thread/INFO] [minecraft/MinecraftServer]: Saving chunks for level 'ServerLevel[�µ�����]'/minecraft:the_nether
[18:40:16] [Server thread/INFO] [minecraft/MinecraftServer]: Saving chunks for level 'ServerLevel[�µ�����]'/minecraft:the_end
[18:40:16] [Server thread/DEBUG] [ne.ne.ne.co.CommonHooks/WP]: Gathered mod list to write to world save �µ�����
[18:40:16] [Server thread/INFO] [minecraft/MinecraftServer]: ThreadedAnvilChunkStorage (�µ����� (1)): All chunks are saved
[18:40:16] [Server thread/INFO] [minecraft/MinecraftServer]: ThreadedAnvilChunkStorage (DIM-1): All chunks are saved
[18:40:16] [Server thread/INFO] [minecraft/MinecraftServer]: ThreadedAnvilChunkStorage (DIM1): All chunks are saved
[18:40:16] [Server thread/INFO] [minecraft/MinecraftServer]: ThreadedAnvilChunkStorage: All dimensions are saved
[18:40:16] [Server thread/DEBUG] [co.si.cr.Create/]: Removed Redstone Network Space for minecraft:overworld
[18:40:16] [Server thread/DEBUG] [co.si.cr.Create/]: Removed Kinetic Network Space for minecraft:overworld
[18:40:17] [Server thread/DEBUG] [co.si.cr.Create/]: Removed Redstone Network Space for minecraft:the_nether
[18:40:17] [Server thread/DEBUG] [co.si.cr.Create/]: Removed Kinetic Network Space for minecraft:the_nether
[18:40:17] [Server thread/DEBUG] [co.si.cr.Create/]: Removed Redstone Network Space for minecraft:the_end
[18:40:17] [Server thread/DEBUG] [co.si.cr.Create/]: Removed Kinetic Network Space for minecraft:the_end
[18:40:17] [Server thread/DEBUG] [ne.ne.fm.co.ConfigTracker/CONFIG]: Unloading configs type SERVER
[18:40:17] [Render thread/INFO] [xa.ma.WorldMap/]: Finalizing world map session...
[18:40:17] [Thread-6/INFO] [xa.ma.WorldMap/]: World map cleaned normally!
[18:40:17] [Render thread/INFO] [xa.ma.WorldMap/]: World map session finalized.
[18:40:17] [Render thread/DEBUG] [me.je.ne.st.StartEventObserver/]: JEI StartEventObserver received event: class net.neoforged.neoforge.client.event.ClientPlayerNetworkEvent$LoggingOut
[18:40:17] [Render thread/DEBUG] [me.je.ne.st.StartEventObserver/]: JEI StartEventObserver transitioning state from JEI_STARTED to LISTENING
[18:40:17] [Render thread/INFO] [me.je.li.st.JeiStarter/]: Stopping JEI
[18:40:17] [Render thread/INFO] [me.je.li.lo.PluginCaller/]: Sending Runtime Unavailable...
[18:40:17] [Render thread/DEBUG] [me.je.li.lo.PluginCallerTimerRunnable/]: Sending Runtime Unavailable: jei:minecraft...
[18:40:17] [Render thread/DEBUG] [me.je.li.lo.PluginCallerTimerRunnable/]: Sending Runtime Unavailable: jade:main...
[18:40:17] [Render thread/DEBUG] [me.je.li.lo.PluginCallerTimerRunnable/]: Sending Runtime Unavailable: createdieselgenerators:jei_plugin...
[18:40:17] [Render thread/DEBUG] [me.je.li.lo.PluginCallerTimerRunnable/]: Sending Runtime Unavailable: create_new_age:jei_plugin...
[18:40:17] [Render thread/DEBUG] [me.je.li.lo.PluginCallerTimerRunnable/]: Sending Runtime Unavailable: jei:neoforge_gui...
[18:40:17] [Render thread/INFO] [me.je.ne.pl.ne.NeoForgeGuiPlugin/]: Stopping JEI GUI
[18:40:17] [Render thread/DEBUG] [me.je.li.lo.PluginCallerTimerRunnable/]: Sending Runtime Unavailable: jei:debug...
[18:40:17] [Render thread/DEBUG] [me.je.li.lo.PluginCallerTimerRunnable/]: Sending Runtime Unavailable: jei:gui...
[18:40:17] [Render thread/DEBUG] [me.je.li.lo.PluginCallerTimerRunnable/]: Sending Runtime Unavailable: create:jei_plugin...
[18:40:17] [Render thread/DEBUG] [me.je.li.lo.PluginCallerTimerRunnable/]: Sending Runtime Unavailable: potato_s_t:jei_plugin...
[18:40:17] [Render thread/DEBUG] [me.je.li.lo.PluginCallerTimerRunnable/]: Sending Runtime Unavailable: jei:internal...
[18:40:17] [Render thread/INFO] [me.je.li.lo.PluginCaller/]: Sending Runtime Unavailable took 3.151 milliseconds
[18:40:17] [Render thread/DEBUG] [co.si.cr.Create/]: Removed Redstone Network Space for minecraft:overworld
[18:40:17] [Render thread/DEBUG] [co.si.cr.Create/]: Removed Kinetic Network Space for minecraft:overworld
[18:40:17] [Render thread/INFO] [ChunkBuilder/]: Stopping worker threads
[18:40:17] [Render thread/FATAL] [ne.ne.ne.co.NeoForgeMod/]: Preparing crash report with UUID 820c4b98-3be2-4545-8676-8bef3a58710f
---- Minecraft Crash Report ----
// I bet Cylons wouldn't have this problem.

Time: 2026-09-25 18:40:17
Description: Unexpected error

java.lang.NoClassDefFoundError: Could not initialize class com.potatost.mod.ModArmorItems
	at TRANSFORMER/potato_s_t@0.11/com.potatost.mod.ModItems.lambda$static$44(ModItems.java:530) ~[%23220!/:?] {re:classloading}
	at TRANSFORMER/neoforge@21.1.235/net.neoforged.neoforge.event.EventHooks.onCreativeModeTabBuildContents(EventHooks.java:1108) ~[neoforge-21.1.235.jar%23206!/:?] {re:classloading}
	at TRANSFORMER/minecraft@1.21.1/net.minecraft.world.item.CreativeModeTab.buildContents(CreativeModeTab.java:147) ~[neoforge-21.1.235.jar%23205!/:?] {re:classloading,pl:accesstransformer:B}
	at TRANSFORMER/minecraft@1.21.1/net.minecraft.world.item.CreativeModeTabs.lambda$buildAllTabContents$48(CreativeModeTabs.java:1957) ~[neoforge-21.1.235.jar%23205!/:?] {re:classloading,pl:accesstransformer:B}
	at java.base/java.util.stream.ForEachOps$ForEachOp$OfRef.accept(ForEachOps.java:184) ~[?:?] {}
	at java.base/java.util.stream.ReferencePipeline$2$1.accept(ReferencePipeline.java:179) ~[?:?] {}
	at java.base/java.util.Iterator.forEachRemaining(Iterator.java:133) ~[?:?] {re:mixin}
	at java.base/java.util.Spliterators$IteratorSpliterator.forEachRemaining(Spliterators.java:1939) ~[?:?] {}
	at java.base/java.util.stream.AbstractPipeline.copyInto(AbstractPipeline.java:509) ~[?:?] {}
	at java.base/java.util.stream.AbstractPipeline.wrapAndCopyInto(AbstractPipeline.java:499) ~[?:?] {}
	at java.base/java.util.stream.ForEachOps$ForEachOp.evaluateSequential(ForEachOps.java:151) ~[?:?] {}
	at java.base/java.util.stream.ForEachOps$ForEachOp$OfRef.evaluateSequential(ForEachOps.java:174) ~[?:?] {}
	at java.base/java.util.stream.AbstractPipeline.evaluate(AbstractPipeline.java:234) ~[?:?] {}
	at java.base/java.util.stream.ReferencePipeline.forEach(ReferencePipeline.java:596) ~[?:?] {}
	at TRANSFORMER/minecraft@1.21.1/net.minecraft.world.item.CreativeModeTabs.buildAllTabContents(CreativeModeTabs.java:1957) ~[neoforge-21.1.235.jar%23205!/:?] {re:classloading,pl:accesstransformer:B}
	at TRANSFORMER/minecraft@1.21.1/net.minecraft.world.item.CreativeModeTabs.tryRebuildTabContents(CreativeModeTabs.java:1966) ~[neoforge-21.1.235.jar%23205!/:?] {re:classloading,pl:accesstransformer:B}
	at TRANSFORMER/minecraft@1.21.1/net.minecraft.client.gui.screens.inventory.CreativeModeInventoryScreen.tryRebuildTabContents(CreativeModeInventoryScreen.java:157) ~[neoforge-21.1.235.jar%23205!/:?] {re:classloading,pl:accesstransformer:B,pl:runtimedistcleaner:A}
	at TRANSFORMER/minecraft@1.21.1/net.minecraft.client.gui.screens.inventory.CreativeModeInventoryScreen.<init>(CreativeModeInventoryScreen.java:133) ~[neoforge-21.1.235.jar%23205!/:?] {re:classloading,pl:accesstransformer:B,pl:runtimedistcleaner:A}
	at TRANSFORMER/minecraft@1.21.1/net.minecraft.client.gui.screens.inventory.InventoryScreen.init(InventoryScreen.java:63) ~[neoforge-21.1.235.jar%23205!/:?] {re:classloading,pl:runtimedistcleaner:A}
	at TRANSFORMER/minecraft@1.21.1/net.minecraft.client.gui.screens.Screen.init(Screen.java:337) ~[neoforge-21.1.235.jar%23205!/:?] {re:mixin,pl:accesstransformer:B,pl:runtimedistcleaner:A,re:computing_frames,pl:accesstransformer:B,pl:runtimedistcleaner:A,re:classloading,pl:accesstransformer:B,pl:mixin:APP:ponder-common.mixins.json:client.accessor.ScreenAccessor from mod ponder,pl:mixin:APP:create.mixins.json:compat.xaeros.XaeroPauseScreenOverrideMixin from mod create,pl:mixin:A,pl:runtimedistcleaner:A}
	at TRANSFORMER/minecraft@1.21.1/net.minecraft.client.Minecraft.setScreen(Minecraft.java:1063) ~[neoforge-21.1.235.jar%23205!/:?] {re:mixin,pl:accesstransformer:B,pl:runtimedistcleaner:A,re:classloading,pl:accesstransformer:B,pl:mixin:A,pl:runtimedistcleaner:A}
	at TRANSFORMER/minecraft@1.21.1/net.minecraft.client.Minecraft.handleKeybinds(Minecraft.java:1986) ~[neoforge-21.1.235.jar%23205!/:?] {re:mixin,pl:accesstransformer:B,pl:runtimedistcleaner:A,re:classloading,pl:accesstransformer:B,pl:mixin:A,pl:runtimedistcleaner:A}
	at TRANSFORMER/minecraft@1.21.1/net.minecraft.client.Minecraft.tick(Minecraft.java:1849) ~[neoforge-21.1.235.jar%23205!/:?] {re:mixin,pl:accesstransformer:B,pl:runtimedistcleaner:A,re:classloading,pl:accesstransformer:B,pl:mixin:A,pl:runtimedistcleaner:A}
	at TRANSFORMER/minecraft@1.21.1/net.minecraft.client.Minecraft.runTick(Minecraft.java:1167) ~[neoforge-21.1.235.jar%23205!/:?] {re:mixin,pl:accesstransformer:B,pl:runtimedistcleaner:A,re:classloading,pl:accesstransformer:B,pl:mixin:A,pl:runtimedistcleaner:A}
	at TRANSFORMER/minecraft@1.21.1/net.minecraft.client.Minecraft.run(Minecraft.java:813) ~[neoforge-21.1.235.jar%23205!/:?] {re:mixin,pl:accesstransformer:B,pl:runtimedistcleaner:A,re:classloading,pl:accesstransformer:B,pl:mixin:A,pl:runtimedistcleaner:A}
	at TRANSFORMER/minecraft@1.21.1/net.minecraft.client.main.Main.main(Main.java:230) ~[neoforge-21.1.235.jar%23205!/:?] {re:classloading,pl:runtimedistcleaner:A}
	at java.base/jdk.internal.reflect.DirectMethodHandleAccessor.invoke(DirectMethodHandleAccessor.java:103) ~[?:?] {}
	at java.base/java.lang.reflect.Method.invoke(Method.java:580) ~[?:?] {}
	at MC-BOOTSTRAP/fml_loader@4.0.42/net.neoforged.fml.loading.targets.CommonLaunchHandler.runTarget(CommonLaunchHandler.java:136) ~[loader-4.0.42.jar%23151!/:4.0] {}
	at MC-BOOTSTRAP/fml_loader@4.0.42/net.neoforged.fml.loading.targets.CommonLaunchHandler.clientService(CommonLaunchHandler.java:124) ~[loader-4.0.42.jar%23151!/:4.0] {}
	at MC-BOOTSTRAP/fml_loader@4.0.42/net.neoforged.fml.loading.targets.NeoForgeClientDevLaunchHandler.runService(NeoForgeClientDevLaunchHandler.java:23) ~[loader-4.0.42.jar%23151!/:4.0] {}
	at MC-BOOTSTRAP/fml_loader@4.0.42/net.neoforged.fml.loading.targets.CommonLaunchHandler.lambda$launchService$4(CommonLaunchHandler.java:118) ~[loader-4.0.42.jar%23151!/:4.0] {}
	at MC-BOOTSTRAP/cpw.mods.modlauncher@11.0.5/cpw.mods.modlauncher.LaunchServiceHandlerDecorator.launch(LaunchServiceHandlerDecorator.java:30) [modlauncher-11.0.5.jar%23133!/:?] {}
	at MC-BOOTSTRAP/cpw.mods.modlauncher@11.0.5/cpw.mods.modlauncher.LaunchServiceHandler.launch(LaunchServiceHandler.java:53) [modlauncher-11.0.5.jar%23133!/:?] {}
	at MC-BOOTSTRAP/cpw.mods.modlauncher@11.0.5/cpw.mods.modlauncher.LaunchServiceHandler.launch(LaunchServiceHandler.java:71) [modlauncher-11.0.5.jar%23133!/:?] {}
	at MC-BOOTSTRAP/cpw.mods.modlauncher@11.0.5/cpw.mods.modlauncher.Launcher.run(Launcher.java:103) [modlauncher-11.0.5.jar%23133!/:?] {}
	at MC-BOOTSTRAP/cpw.mods.modlauncher@11.0.5/cpw.mods.modlauncher.Launcher.main(Launcher.java:74) [modlauncher-11.0.5.jar%23133!/:?] {}
	at MC-BOOTSTRAP/cpw.mods.modlauncher@11.0.5/cpw.mods.modlauncher.BootstrapLaunchConsumer.accept(BootstrapLaunchConsumer.java:26) [modlauncher-11.0.5.jar%23133!/:?] {}
	at MC-BOOTSTRAP/cpw.mods.modlauncher@11.0.5/cpw.mods.modlauncher.BootstrapLaunchConsumer.accept(BootstrapLaunchConsumer.java:23) [modlauncher-11.0.5.jar%23133!/:?] {}
	at cpw.mods.bootstraplauncher@2.0.2/cpw.mods.bootstraplauncher.BootstrapLauncher.run(BootstrapLauncher.java:210) [bootstraplauncher-2.0.2.jar:?] {}
	at cpw.mods.bootstraplauncher@2.0.2/cpw.mods.bootstraplauncher.BootstrapLauncher.main(BootstrapLauncher.java:69) [bootstraplauncher-2.0.2.jar:?] {}
Caused by: java.lang.ExceptionInInitializerError: Exception java.lang.IllegalStateException: Cannot register new entries to DeferredRegister after RegisterEvent has been fired. [in thread "Render thread"]
	at TRANSFORMER/neoforge@21.1.235/net.neoforged.neoforge.registries.DeferredRegister.register(DeferredRegister.java:227) ~[neoforge-21.1.235.jar%23206!/:?] {re:classloading}
	at TRANSFORMER/neoforge@21.1.235/net.neoforged.neoforge.registries.DeferredRegister$Items.register(DeferredRegister.java:502) ~[neoforge-21.1.235.jar%23206!/:?] {re:classloading}
	at TRANSFORMER/neoforge@21.1.235/net.neoforged.neoforge.registries.DeferredRegister$Items.register(DeferredRegister.java:515) ~[neoforge-21.1.235.jar%23206!/:?] {re:classloading}
	at TRANSFORMER/potato_s_t@0.11/com.potatost.mod.ModArmorItems.<clinit>(ModArmorItems.java:53) ~[%23220!/:?] {re:classloading}
	at TRANSFORMER/potato_s_t@0.11/com.potatost.mod.ModItems.lambda$static$44(ModItems.java:530) ~[%23220!/:?] {re:classloading}
	at TRANSFORMER/neoforge@21.1.235/net.neoforged.neoforge.event.EventHooks.onCreativeModeTabBuildContents(EventHooks.java:1108) ~[neoforge-21.1.235.jar%23206!/:?] {re:classloading}
	at TRANSFORMER/minecraft@1.21.1/net.minecraft.world.item.CreativeModeTab.buildContents(CreativeModeTab.java:147) ~[neoforge-21.1.235.jar%23205!/:?] {re:classloading,pl:accesstransformer:B}
	at TRANSFORMER/jei@19.25.0.325/mezz.jei.library.plugins.vanilla.ingredients.ItemStackListFactory.create(ItemStackListFactory.java:81) ~[%5BJEI��Ʒ������%5D%20jei-1.21.1-neoforge-19.25.0.325.jar%23212!/:19.25.0.325] {re:classloading}
	at TRANSFORMER/jei@19.25.0.325/mezz.jei.library.plugins.vanilla.VanillaPlugin.registerIngredients(VanillaPlugin.java:182) ~[%5BJEI��Ʒ������%5D%20jei-1.21.1-neoforge-19.25.0.325.jar%23212!/:19.25.0.325] {re:classloading}
	at TRANSFORMER/jei@19.25.0.325/mezz.jei.library.load.PluginLoader.lambda$registerIngredients$2(PluginLoader.java:82) ~[%5BJEI��Ʒ������%5D%20jei-1.21.1-neoforge-19.25.0.325.jar%23212!/:19.25.0.325] {re:classloading}
	at TRANSFORMER/jei@19.25.0.325/mezz.jei.library.load.PluginCaller.callOnPlugins(PluginCaller.java:26) ~[%5BJEI��Ʒ������%5D%20jei-1.21.1-neoforge-19.25.0.325.jar%23212!/:19.25.0.325] {re:classloading}
	at TRANSFORMER/jei@19.25.0.325/mezz.jei.library.load.PluginLoader.registerIngredients(PluginLoader.java:82) ~[%5BJEI��Ʒ������%5D%20jei-1.21.1-neoforge-19.25.0.325.jar%23212!/:19.25.0.325] {re:classloading}
	at TRANSFORMER/jei@19.25.0.325/mezz.jei.library.startup.JeiStarter.start(JeiStarter.java:113) ~[%5BJEI��Ʒ������%5D%20jei-1.21.1-neoforge-19.25.0.325.jar%23212!/:19.25.0.325] {re:classloading}
	at TRANSFORMER/jei@19.25.0.325/mezz.jei.neoforge.startup.StartEventObserver.transitionState(StartEventObserver.java:175) ~[%5BJEI��Ʒ������%5D%20jei-1.21.1-neoforge-19.25.0.325.jar%23212!/:19.25.0.325] {re:classloading}
	at TRANSFORMER/jei@19.25.0.325/mezz.jei.neoforge.startup.StartEventObserver.onEvent(StartEventObserver.java:120) ~[%5BJEI��Ʒ������%5D%20jei-1.21.1-neoforge-19.25.0.325.jar%23212!/:19.25.0.325] {re:classloading}
	at MC-BOOTSTRAP/net.neoforged.bus/net.neoforged.bus.ConsumerEventHandler.invoke(ConsumerEventHandler.java:27) ~[bus-8.0.5.jar%23155!/:?] {}
	at MC-BOOTSTRAP/net.neoforged.bus/net.neoforged.bus.EventBus.post(EventBus.java:360) ~[bus-8.0.5.jar%23155!/:?] {}
	at MC-BOOTSTRAP/net.neoforged.bus/net.neoforged.bus.EventBus.post(EventBus.java:328) ~[bus-8.0.5.jar%23155!/:?] {}
	at TRANSFORMER/neoforge@21.1.235/net.neoforged.neoforge.client.ClientHooks.onRecipesUpdated(ClientHooks.java:664) ~[neoforge-21.1.235.jar%23206!/:?] {re:mixin,re:classloading,pl:mixin:APP:sodium-neoforge.mixins.json:platform.neoforge.ClientHooksMixin from mod sodium,pl:mixin:A}
	at TRANSFORMER/minecraft@1.21.1/net.minecraft.client.multiplayer.ClientPacketListener.handleUpdateRecipes(ClientPacketListener.java:1590) ~[neoforge-21.1.235.jar%23205!/:?] {re:mixin,pl:accesstransformer:B,pl:runtimedistcleaner:A,re:classloading,pl:accesstransformer:B,pl:mixin:APP:sodium-common.mixins.json:core.world.map.ClientPacketListenerMixin from mod sodium,pl:mixin:APP:xaerolib.mixins.json:MixinClientPacketListener from mod xaerolib,pl:mixin:APP:ponder-common.mixins.json:client.accessor.ClientPacketListenerAccessor from mod ponder,pl:mixin:APP:xaeroworldmap.mixins.json:MixinClientPlayNetworkHandler from mod xaeroworldmap,pl:mixin:APP:xaeroworldmap.neoforge.mixins.json:MixinForgeClientPacketListener from mod xaeroworldmap,pl:mixin:A,pl:runtimedistcleaner:A}
	at TRANSFORMER/minecraft@1.21.1/net.minecraft.network.protocol.game.ClientboundUpdateRecipesPacket.handle(ClientboundUpdateRecipesPacket.java:31) ~[neoforge-21.1.235.jar%23205!/:?] {re:classloading}
	at TRANSFORMER/minecraft@1.21.1/net.minecraft.network.protocol.game.ClientboundUpdateRecipesPacket.handle(ClientboundUpdateRecipesPacket.java:12) ~[neoforge-21.1.235.jar%23205!/:?] {re:classloading}
	at TRANSFORMER/minecraft@1.21.1/net.minecraft.network.protocol.PacketUtils.lambda$ensureRunningOnSameThread$0(PacketUtils.java:36) ~[neoforge-21.1.235.jar%23205!/:?] {re:classloading}
	at TRANSFORMER/minecraft@1.21.1/net.minecraft.util.thread.BlockableEventLoop.doRunTask(BlockableEventLoop.java:151) ~[neoforge-21.1.235.jar%23205!/:?] {re:mixin,pl:accesstransformer:B,re:computing_frames,pl:accesstransformer:B,re:classloading,pl:accesstransformer:B}
	at TRANSFORMER/minecraft@1.21.1/net.minecraft.util.thread.ReentrantBlockableEventLoop.doRunTask(ReentrantBlockableEventLoop.java:24) ~[neoforge-21.1.235.jar%23205!/:?] {re:mixin,re:computing_frames,re:classloading}
	at TRANSFORMER/minecraft@1.21.1/net.minecraft.util.thread.BlockableEventLoop.pollTask(BlockableEventLoop.java:122) ~[neoforge-21.1.235.jar%23205!/:?] {re:mixin,pl:accesstransformer:B,re:computing_frames,pl:accesstransformer:B,re:classloading,pl:accesstransformer:B}
	at TRANSFORMER/minecraft@1.21.1/net.minecraft.util.thread.BlockableEventLoop.runAllTasks(BlockableEventLoop.java:111) ~[neoforge-21.1.235.jar%23205!/:?] {re:mixin,pl:accesstransformer:B,re:computing_frames,pl:accesstransformer:B,re:classloading,pl:accesstransformer:B}
	at TRANSFORMER/minecraft@1.21.1/net.minecraft.client.Minecraft.runTick(Minecraft.java:1161) ~[neoforge-21.1.235.jar%23205!/:?] {re:mixin,pl:accesstransformer:B,pl:runtimedistcleaner:A,re:classloading,pl:accesstransformer:B,pl:mixin:A,pl:runtimedistcleaner:A}
	... 17 more


A detailed walkthrough of the error, its code path and all known details is as follows:
---------------------------------------------------------------------------------------

-- Head --
Thread: Render thread
Stacktrace:
	at TRANSFORMER/potato_s_t@0.11/com.potatost.mod.ModItems.lambda$static$44(ModItems.java:530) ~[%23220!/:?] {re:classloading}
	at TRANSFORMER/neoforge@21.1.235/net.neoforged.neoforge.event.EventHooks.onCreativeModeTabBuildContents(EventHooks.java:1108) ~[neoforge-21.1.235.jar%23206!/:?] {re:classloading}
	at TRANSFORMER/minecraft@1.21.1/net.minecraft.world.item.CreativeModeTab.buildContents(CreativeModeTab.java:147) ~[neoforge-21.1.235.jar%23205!/:?] {re:classloading,pl:accesstransformer:B}
	at TRANSFORMER/minecraft@1.21.1/net.minecraft.world.item.CreativeModeTabs.lambda$buildAllTabContents$48(CreativeModeTabs.java:1957) ~[neoforge-21.1.235.jar%23205!/:?] {re:classloading,pl:accesstransformer:B}
	at java.base/java.util.stream.ForEachOps$ForEachOp$OfRef.accept(ForEachOps.java:184) ~[?:?] {}
	at java.base/java.util.stream.ReferencePipeline$2$1.accept(ReferencePipeline.java:179) ~[?:?] {}
	at java.base/java.util.Iterator.forEachRemaining(Iterator.java:133) ~[?:?] {re:mixin}
	at java.base/java.util.Spliterators$IteratorSpliterator.forEachRemaining(Spliterators.java:1939) ~[?:?] {}
	at java.base/java.util.stream.AbstractPipeline.copyInto(AbstractPipeline.java:509) ~[?:?] {}
	at java.base/java.util.stream.AbstractPipeline.wrapAndCopyInto(AbstractPipeline.java:499) ~[?:?] {}
	at java.base/java.util.stream.ForEachOps$ForEachOp.evaluateSequential(ForEachOps.java:151) ~[?:?] {}
	at java.base/java.util.stream.ForEachOps$ForEachOp$OfRef.evaluateSequential(ForEachOps.java:174) ~[?:?] {}
	at java.base/java.util.stream.AbstractPipeline.evaluate(AbstractPipeline.java:234) ~[?:?] {}
	at java.base/java.util.stream.ReferencePipeline.forEach(ReferencePipeline.java:596) ~[?:?] {}
	at TRANSFORMER/minecraft@1.21.1/net.minecraft.world.item.CreativeModeTabs.buildAllTabContents(CreativeModeTabs.java:1957) ~[neoforge-21.1.235.jar%23205!/:?] {re:classloading,pl:accesstransformer:B}
	at TRANSFORMER/minecraft@1.21.1/net.minecraft.world.item.CreativeModeTabs.tryRebuildTabContents(CreativeModeTabs.java:1966) ~[neoforge-21.1.235.jar%23205!/:?] {re:classloading,pl:accesstransformer:B}
	at TRANSFORMER/minecraft@1.21.1/net.minecraft.client.gui.screens.inventory.CreativeModeInventoryScreen.tryRebuildTabContents(CreativeModeInventoryScreen.java:157) ~[neoforge-21.1.235.jar%23205!/:?] {re:classloading,pl:accesstransformer:B,pl:runtimedistcleaner:A}
	at TRANSFORMER/minecraft@1.21.1/net.minecraft.client.gui.screens.inventory.CreativeModeInventoryScreen.<init>(CreativeModeInventoryScreen.java:133) ~[neoforge-21.1.235.jar%23205!/:?] {re:classloading,pl:accesstransformer:B,pl:runtimedistcleaner:A}
	at TRANSFORMER/minecraft@1.21.1/net.minecraft.client.gui.screens.inventory.InventoryScreen.init(InventoryScreen.java:63) ~[neoforge-21.1.235.jar%23205!/:?] {re:classloading,pl:runtimedistcleaner:A}
	at TRANSFORMER/minecraft@1.21.1/net.minecraft.client.gui.screens.Screen.init(Screen.java:337) ~[neoforge-21.1.235.jar%23205!/:?] {re:mixin,pl:accesstransformer:B,pl:runtimedistcleaner:A,re:computing_frames,pl:accesstransformer:B,pl:runtimedistcleaner:A,re:classloading,pl:accesstransformer:B,pl:mixin:APP:ponder-common.mixins.json:client.accessor.ScreenAccessor from mod ponder,pl:mixin:APP:create.mixins.json:compat.xaeros.XaeroPauseScreenOverrideMixin from mod create,pl:mixin:A,pl:runtimedistcleaner:A}
	at TRANSFORMER/minecraft@1.21.1/net.minecraft.client.Minecraft.setScreen(Minecraft.java:1063) ~[neoforge-21.1.235.jar%23205!/:?] {re:mixin,pl:accesstransformer:B,pl:runtimedistcleaner:A,re:classloading,pl:accesstransformer:B,pl:mixin:A,pl:runtimedistcleaner:A}
	at TRANSFORMER/minecraft@1.21.1/net.minecraft.client.Minecraft.handleKeybinds(Minecraft.java:1986) ~[neoforge-21.1.235.jar%23205!/:?] {re:mixin,pl:accesstransformer:B,pl:runtimedistcleaner:A,re:classloading,pl:accesstransformer:B,pl:mixin:A,pl:runtimedistcleaner:A}
-- Uptime --
Details:
	JVM uptime: 197.511s
	Wall uptime: 184.013s
	High-res time: 194.182s
	Client ticks: 3414 ticks / 170.700s
Stacktrace:
	at TRANSFORMER/minecraft@1.21.1/net.minecraft.client.Minecraft.fillReport(Minecraft.java:2410) ~[neoforge-21.1.235.jar%23205!/:?] {re:mixin,pl:accesstransformer:B,pl:runtimedistcleaner:A,re:classloading,pl:accesstransformer:B,pl:mixin:A,pl:runtimedistcleaner:A}
	at TRANSFORMER/minecraft@1.21.1/net.minecraft.client.Minecraft.emergencySaveAndCrash(Minecraft.java:874) ~[neoforge-21.1.235.jar%23205!/:?] {re:mixin,pl:accesstransformer:B,pl:runtimedistcleaner:A,re:classloading,pl:accesstransformer:B,pl:mixin:A,pl:runtimedistcleaner:A}
	at TRANSFORMER/minecraft@1.21.1/net.minecraft.client.Minecraft.run(Minecraft.java:834) ~[neoforge-21.1.235.jar%23205!/:?] {re:mixin,pl:accesstransformer:B,pl:runtimedistcleaner:A,re:classloading,pl:accesstransformer:B,pl:mixin:A,pl:runtimedistcleaner:A}
	at TRANSFORMER/minecraft@1.21.1/net.minecraft.client.main.Main.main(Main.java:230) ~[neoforge-21.1.235.jar%23205!/:?] {re:classloading,pl:runtimedistcleaner:A}
	at java.base/jdk.internal.reflect.DirectMethodHandleAccessor.invoke(DirectMethodHandleAccessor.java:103) ~[?:?] {}
	at java.base/java.lang.reflect.Method.invoke(Method.java:580) ~[?:?] {}
	at MC-BOOTSTRAP/fml_loader@4.0.42/net.neoforged.fml.loading.targets.CommonLaunchHandler.runTarget(CommonLaunchHandler.java:136) ~[loader-4.0.42.jar%23151!/:4.0] {}
	at MC-BOOTSTRAP/fml_loader@4.0.42/net.neoforged.fml.loading.targets.CommonLaunchHandler.clientService(CommonLaunchHandler.java:124) ~[loader-4.0.42.jar%23151!/:4.0] {}
	at MC-BOOTSTRAP/fml_loader@4.0.42/net.neoforged.fml.loading.targets.NeoForgeClientDevLaunchHandler.runService(NeoForgeClientDevLaunchHandler.java:23) ~[loader-4.0.42.jar%23151!/:4.0] {}
	at MC-BOOTSTRAP/fml_loader@4.0.42/net.neoforged.fml.loading.targets.CommonLaunchHandler.lambda$launchService$4(CommonLaunchHandler.java:118) ~[loader-4.0.42.jar%23151!/:4.0] {}
	at MC-BOOTSTRAP/cpw.mods.modlauncher@11.0.5/cpw.mods.modlauncher.LaunchServiceHandlerDecorator.launch(LaunchServiceHandlerDecorator.java:30) [modlauncher-11.0.5.jar%23133!/:?] {}
	at MC-BOOTSTRAP/cpw.mods.modlauncher@11.0.5/cpw.mods.modlauncher.LaunchServiceHandler.launch(LaunchServiceHandler.java:53) [modlauncher-11.0.5.jar%23133!/:?] {}
	at MC-BOOTSTRAP/cpw.mods.modlauncher@11.0.5/cpw.mods.modlauncher.LaunchServiceHandler.launch(LaunchServiceHandler.java:71) [modlauncher-11.0.5.jar%23133!/:?] {}
	at MC-BOOTSTRAP/cpw.mods.modlauncher@11.0.5/cpw.mods.modlauncher.Launcher.run(Launcher.java:103) [modlauncher-11.0.5.jar%23133!/:?] {}
	at MC-BOOTSTRAP/cpw.mods.modlauncher@11.0.5/cpw.mods.modlauncher.Launcher.main(Launcher.java:74) [modlauncher-11.0.5.jar%23133!/:?] {}
	at MC-BOOTSTRAP/cpw.mods.modlauncher@11.0.5/cpw.mods.modlauncher.BootstrapLaunchConsumer.accept(BootstrapLaunchConsumer.java:26) [modlauncher-11.0.5.jar%23133!/:?] {}
	at MC-BOOTSTRAP/cpw.mods.modlauncher@11.0.5/cpw.mods.modlauncher.BootstrapLaunchConsumer.accept(BootstrapLaunchConsumer.java:23) [modlauncher-11.0.5.jar%23133!/:?] {}
	at cpw.mods.bootstraplauncher@2.0.2/cpw.mods.bootstraplauncher.BootstrapLauncher.run(BootstrapLauncher.java:210) [bootstraplauncher-2.0.2.jar:?] {}
	at cpw.mods.bootstraplauncher@2.0.2/cpw.mods.bootstraplauncher.BootstrapLauncher.main(BootstrapLauncher.java:69) [bootstraplauncher-2.0.2.jar:?] {}


-- Affected level --
Details:
	All players: 1 total; [LocalPlayer['Dev'/4, l='ClientLevel', x=893.51, y=69.00, z=-687.79]]
	Chunk stats: 2209, 1529
	Level dimension: minecraft:overworld
	Level spawn location: World: (0,69,0), Section: (at 0,5,0 in 0,4,0; chunk contains blocks 0,-64,0 to 15,319,15), Region: (0,0; contains chunks 0,0 to 31,31, blocks 0,-64,0 to 511,319,511)
	Level time: 162313 game time, 115177 day time
	Server brand: neoforge
	Server type: Integrated singleplayer server
	Tracked entity count: 100

-- Last reload --
Details:
	Reload number: 1
	Reload reason: initial
	Finished: Yes
	Packs: vanilla, mod_resources, mod/sodium, mod/fabric_api_base, mod/fabric_renderer_api_v1, mod/jade, mod/createdieselgenerators, mod/create_new_age, mod/jei, mod/fabric_rendering_data_attachment_v1, mod/xaerolib, mod/sablecompanion, mod/flywheel, mod/ponder, mod/create, mod/imblocker, mod/potato_s_t, mod/xaeroworldmap, mod/neoforge, mod/torcherino, mod/fabric_block_view_api_v2, mod/esl

-- System Details --
Details:
	Minecraft Version: 1.21.1
	Minecraft Version ID: 1.21.1
	Operating System: Windows 10 (amd64) version 10.0
	Java Version: 21.0.12, Oracle Corporation
	Java VM Version: Java HotSpot(TM) 64-Bit Server VM (mixed mode, sharing), Oracle Corporation
	Memory: 674234368 bytes (643 MiB) / 2011168768 bytes (1918 MiB) up to 4255121408 bytes (4058 MiB)
	CPUs: 12
	Processor Vendor: GenuineIntel
	Processor Name: Intel(R) Xeon(R) CPU E5-2643 v3 @ 3.40GHz
	Identifier: Intel64 Family 6 Model 63 Stepping 2
	Microarchitecture: Haswell (Server)
	Frequency (GHz): 3.39
	Number of physical packages: 1
	Number of physical CPUs: 6
	Number of logical CPUs: 12
	Graphics card #0 name: AMD BC-160
	Graphics card #0 vendor: Advanced Micro Devices, Inc.
	Graphics card #0 VRAM (MiB): 8176.00
	Graphics card #0 deviceId: VideoController1
	Graphics card #0 versionInfo: 30.0.21030.1003
	Memory slot #0 capacity (MiB): 4096.00
	Memory slot #0 clockSpeed (GHz): 2.13
	Memory slot #0 type: DDR4
	Memory slot #1 capacity (MiB): 4096.00
	Memory slot #1 clockSpeed (GHz): 2.40
	Memory slot #1 type: DDR4
	Memory slot #2 capacity (MiB): 4096.00
	Memory slot #2 clockSpeed (GHz): 2.13
	Memory slot #2 type: DDR4
	Memory slot #3 capacity (MiB): 4096.00
	Memory slot #3 clockSpeed (GHz): 2.13
	Memory slot #3 type: DDR4
	Virtual memory max (MiB): 28513.21
	Virtual memory used (MiB): 17175.30
	Swap memory total (MiB): 12288.00
	Swap memory used (MiB): 445.72
	Space in storage for jna.tmpdir (MiB): <path not set>
	Space in storage for org.lwjgl.system.SharedLibraryExtractPath (MiB): <path not set>
	Space in storage for io.netty.native.workdir (MiB): <path not set>
	Space in storage for java.io.tmpdir (MiB): available: 19452.77, total: 114469.00
	Space in storage for workdir (MiB): available: 228696.97, total: 488382.00
	JVM Flags: 1 total; -XX:HeapDumpPath=MojangTricksIntelDriversForPerformance_javaw.exe_minecraft.exe.heapdump
	Launched Version: 21.1.235
	Backend library: LWJGL version 3.3.3+5
	Backend API: AMD BC-160 GL version 4.6.0 Core Profile Context 25.3.1.260520, ATI Technologies Inc.
	Window size: 2560x1440
	GFLW Platform: win32
	GL Caps: Using framebuffer using OpenGL 3.2
	GL debug messages: 
	Is Modded: Definitely; Client brand changed to 'neoforge'; Server brand changed to 'neoforge'
	Universe: 400921fb54442d18
	Type: Integrated Server (map_client.txt)
	Graphics mode: fancy
	Render Distance: 20/20 chunks
	Resource Packs: vanilla, mod_resources, mod/sodium, mod/fabric_api_base, mod/fabric_renderer_api_v1, mod/jade (incompatible), mod/createdieselgenerators (incompatible), mod/create_new_age (incompatible), mod/jei (incompatible), mod/fabric_rendering_data_attachment_v1, mod/xaerolib (incompatible), mod/sablecompanion, mod/flywheel, mod/ponder (incompatible), mod/create (incompatible), mod/imblocker (incompatible), mod/potato_s_t, mod/xaeroworldmap (incompatible), mod/neoforge, mod/torcherino (incompatible), mod/fabric_block_view_api_v2, mod/esl (incompatible)
	Current Language: zh_cn
	Locale: zh_CN
	System encoding: GBK
	File encoding: UTF-8
	CPU: 12x Intel(R) Xeon(R) CPU E5-2643 v3 @ 3.40GHz
	Server Running: true
	Player Count: 1 / 8; [ServerPlayer['Dev'/4, l='ServerLevel[�µ�����]', x=893.51, y=69.00, z=-687.79]]
	Active Data Packs: create:dynamic_data, vanilla, mod_data, mod/sodium, mod/fabric_api_base, mod/fabric_renderer_api_v1, mod/jade (incompatible), mod/createdieselgenerators (incompatible), mod/create_new_age (incompatible), mod/jei (incompatible), mod/fabric_rendering_data_attachment_v1, mod/xaerolib (incompatible), mod/sablecompanion, mod/flywheel (incompatible), mod/ponder (incompatible), mod/create (incompatible), mod/imblocker (incompatible), mod/potato_s_t (incompatible), mod/xaeroworldmap (incompatible), mod/neoforge, mod/torcherino (incompatible), mod/fabric_block_view_api_v2, mod/esl (incompatible)
	Available Data Packs: bundle, trade_rebalance, vanilla, mod/create (incompatible), mod/create_new_age (incompatible), mod/createdieselgenerators (incompatible), mod/esl (incompatible), mod/fabric_api_base, mod/fabric_block_view_api_v2, mod/fabric_renderer_api_v1, mod/fabric_rendering_data_attachment_v1, mod/flywheel (incompatible), mod/imblocker (incompatible), mod/jade (incompatible), mod/jei (incompatible), mod/neoforge, mod/ponder (incompatible), mod/potato_s_t (incompatible), mod/sablecompanion, mod/sodium, mod/torcherino (incompatible), mod/xaerolib (incompatible), mod/xaeroworldmap (incompatible), mod_data, create_new_age:create_new_age_monkey_edition, create:dynamic_data
	Enabled Feature Flags: minecraft:vanilla
	World Generation: Stable
	World Seed: -4101555065382846
	ModLauncher: 11.0.5+main.901c6ea8
	ModLauncher launch target: forgeclientdev
	ModLauncher services: 
		sponge-mixin-0.15.2+mixin.0.8.7.jar mixin PLUGINSERVICE 
		loader-4.0.42.jar slf4jfixer PLUGINSERVICE 
		loader-4.0.42.jar runtime_enum_extender PLUGINSERVICE 
		at-modlauncher-10.0.1.jar accesstransformer PLUGINSERVICE 
		loader-4.0.42.jar runtimedistcleaner PLUGINSERVICE 
		modlauncher-11.0.5.jar mixin TRANSFORMATIONSERVICE 
		modlauncher-11.0.5.jar fml TRANSFORMATIONSERVICE 
	FML Language Providers: 
		javafml@4.0
		lowcodefml@4.0
		minecraft@4.0
	Mod List: 
		[��е����] create-1.21.1-6.0.10.jar                   |Create                        |create                        |6.0.10              |Manifest: NOSIGNATURE
		[��е���������Ͷ���] createdieselgenerators-1.21.1-1.3.15.j|Create Diesel Generators      |createdieselgenerators        |1.21.1-1.3.15       |Manifest: NOSIGNATURE
		[��е����������ʱ��] create-new-age-1.2.0+neoforge-mc1.21.1|Create: New Age               |create_new_age                |1.2.0+mc1.21.1      |Manifest: NOSIGNATURE
		esl-neoforge-1.21.1-1.0.3+neoforge-mc1.21.1.jar   |ESL                           |esl                           |1.0.3               |Manifest: NOSIGNATURE
		flywheel-neoforge-1.21.1-1.0.6.jar                |Flywheel                      |flywheel                      |1.0.6               |Manifest: NOSIGNATURE
		fabric-api-base-0.4.42+d1308ded19.jar             |Forgified Fabric API Base     |fabric_api_base               |0.4.42+d1308ded19   |Manifest: NOSIGNATURE
		fabric-block-view-api-v2-1.0.10+9afaaf8c19.jar    |Forgified Fabric BlockView API|fabric_block_view_api_v2      |1.0.10+9afaaf8c19   |Manifest: NOSIGNATURE
		fabric-renderer-api-v1-3.4.1+9125b6dc19.jar       |Forgified Fabric Renderer API |fabric_renderer_api_v1        |3.4.1+9125b6dc19    |Manifest: NOSIGNATURE
		fabric-rendering-data-attachment-v1-0.3.48+73761d2|Forgified Fabric Rendering Dat|fabric_rendering_data_attachme|0.3.48+73761d2e19   |Manifest: NOSIGNATURE
		[���뷨��ͻ�޸�] IMBlocker-5.6.0-neoforge+1.20.6-1.21.8.j|IMBlocker                     |imblocker                     |5.6.0               |Manifest: NOSIGNATURE
		[�� ?] Jade-1.21.1-NeoForge-15.10.6.jar           |Jade                          |jade                          |15.10.6+neoforge    |Manifest: NOSIGNATURE
		[JEI��Ʒ������] jei-1.21.1-neoforge-19.25.0.325.jar    |Just Enough Items             |jei                           |19.25.0.325         |Manifest: NOSIGNATURE
		neoforge-21.1.235.jar                             |Minecraft                     |minecraft                     |1.21.1              |Manifest: NOSIGNATURE
		neoforge-21.1.235.jar                             |NeoForge                      |neoforge                      |21.1.235            |Manifest: NOSIGNATURE
		ponder-neoforge-1.0.82+mc1.21.1.jar               |Ponder                        |ponder                        |1.0.82+mc1.21.1     |Manifest: NOSIGNATURE
		main                                              |PotatoS&T                     |potato_s_t                    |0.11                |Manifest: NOSIGNATURE
		sable-companion-common-1.21.1-1.6.0.jar           |Sable Companion               |sablecompanion                |1.6.0               |Manifest: NOSIGNATURE
		net.caffeinemc.sodium-neoforge-0.8.13+mc1.21.1-mod|Sodium                        |sodium                        |0.8.13+mc1.21.1     |Manifest: NOSIGNATURE
		[���ٻ�ѷǹٷ���] Torcherino-neoforge-1.21-24.0.6.jar    |Torcherino                    |torcherino                    |24.0.6              |Manifest: NOSIGNATURE
		[Xaero�������ͼ] xaeroworldmap-neoforge-1.21.1-1.44.2.|Xaero's World Map             |xaeroworldmap                 |1.44.2              |Manifest: NOSIGNATURE
		xaerolib-neoforge-1.21.1-1.7.1.jar                |XaeroLib                      |xaerolib                      |1.7.1               |Manifest: NOSIGNATURE
	Crash Report UUID: 820c4b98-3be2-4545-8676-8bef3a58710f
	FML: 4.0.42
	Flywheel Backend: flywheel:indirect
	NeoForge: 21.1.235
[18:40:17] [Render thread/FATAL] [ne.ne.ne.co.NeoForgeMod/]: Preparing crash report with UUID d7454d84-5b85-4995-b8e1-a908f4068edd
#@!@# Game crashed! Crash report saved to: #@!@# E:\PotatoST\run\client\.\crash-reports\crash-2026-09-25_18.40.17-client.txt

> Task :runClient FAILED

[Incubating] Problems report is available at: file:///E:/PotatoST/build/reports/problems/problems-report.html

FAILURE: Build failed with an exception.

* What went wrong:
Execution failed for task ':runClient'.
> Process 'command 'E:\java\JDK21\bin\java.exe'' finished with non-zero exit value -1

* Try:
> Run with --stacktrace option to get the stack trace.
> Run with --info or --debug option to get more log output.
> Run with --scan to generate a Build Scan (powered by Develocity).
> Get more help at https://help.gradle.org.

Deprecated Gradle features were used in this build, making it incompatible with Gradle 10.

You can use '--warning-mode all' to show the individual deprecation warnings and determine if they come from your own scripts or plugins.

For more on this, please refer to https://docs.gradle.org/9.2.1/userguide/command_line_interface.html#sec:command_line_warnings in the Gradle documentation.

BUILD FAILED in 3m 24s
28 actionable tasks: 2 executed, 26 up-to-date
Configuration cache entry stored.
