Reusing configuration cache.
> Task :cacheVersionManifest1.21.1 UP-TO-DATE
> Task :cacheVersionExecutableClient1.21.1 UP-TO-DATE
> Task :cacheVersionExecutableServer1.21.1 UP-TO-DATE
> Task :cacheVersionMappingsClient1.21.1 UP-TO-DATE
> Task :neoFormJoined1.21.1-20240808.144430DownloadAssets UP-TO-DATE
> Task :neoFormJoined1.21.1-20240808.144430ExtractNatives UP-TO-DATE
> Task :cacheVersionExtractedServer1.21.1 UP-TO-DATE
> Task :neoFormStripClient UP-TO-DATE
> Task :create1.21.1ClientExtraJar UP-TO-DATE
> Task :neoFormStripServer UP-TO-DATE
> Task :selectRawArtifactNg_dummy_ng.net.minecraft_client_1.21.1_client-extra UP-TO-DATE
> Task :neoFormMergeMappings UP-TO-DATE
> Task :neoFormListLibraries UP-TO-DATE
> Task :neoFormMerge UP-TO-DATE
> Task :neoFormRename UP-TO-DATE
> Task :processResources UP-TO-DATE
> Task :neoFormDecompile UP-TO-DATE
> Task :neoFormListTransformLibraries UP-TO-DATE
> Task :neoFormInject UP-TO-DATE
> Task :neoFormPatch UP-TO-DATE
> Task :neoFormPatchUserDev UP-TO-DATE
> Task :neoFormTransformSource UP-TO-DATE
> Task :neoFormRecompile UP-TO-DATE
> Task :supplyRawJarForneoFormJoined1.21.1-20240808.144430 UP-TO-DATE
> Task :selectRawArtifactNg_dummy_ng.net.neoforged_neoforge_21.1.235 UP-TO-DATE
> Task :writeMinecraftClasspathClient UP-TO-DATE
> Task :compileJava UP-TO-DATE
> Task :classes UP-TO-DATE

> Task :runClient
[22:40:34.557] [main/INFO] [Launcher/MODLAUNCHER]: ModLauncher running: args [--launchTarget, forgeclientdev, --version, 21.1.235, --assetIndex, asset-index, --assetsDir, E:\gradle-home\caches\minecraft\assets, --gameDir, ., --fml.fmlVersion, 4.0.42, --fml.mcVersion, 1.21.1, --fml.neoForgeVersion, 21.1.235, --fml.neoFormVersion, 20240808.144430] 
[22:40:34.562] [main/INFO] [Launcher/MODLAUNCHER]: JVM identified as Oracle Corporation Java HotSpot(TM) 64-Bit Server VM 21.0.12+7-LTS-205 
[22:40:34.563] [main/INFO] [Launcher/MODLAUNCHER]: ModLauncher 11.0.5+main.901c6ea8 starting: java version 21.0.12 by Oracle Corporation; OS Windows 10 arch amd64 version 10.0 
[22:40:34.748] [main/INFO] [Sodium-GraphicsAdapterProbe/]: Searching for graphics cards... 
[22:40:34.875] [main/INFO] [Sodium-GraphicsAdapterProbe/]: Found graphics adapter: AdapterInfo{vendor=AMD, description='ATI display adapter', adapterType=0x0000030B, openglIcdFilePath='C:\Windows\System32\DriverStore\FileRepository\u0415769.inf_amd64_7a1ca7a7b6db35fa\B415348\atig6pxx.dll', openglIcdVersion=30.0.13044.22016} 
[22:40:34.880] [main/WARN] [Sodium-Workarounds/]: Sodium has applied one or more workarounds to prevent crashes or other issues on your system: [AMD_GAME_OPTIMIZATION_BROKEN] 
[22:40:34.881] [main/WARN] [Sodium-Workarounds/]: This is not necessarily an issue, but it may result in certain features or optimizations being disabled. You can sometimes fix these issues by upgrading your graphics driver. 
[22:40:34.881] [main/INFO] [Sodium-AmdWorkarounds/]: Modifying process environment to apply workarounds for the AMD graphics driver... 
[22:40:34.883] [main/INFO] [loading.ImmediateWindowHandler/]: Loading ImmediateWindowProvider fmlearlywindow 
[22:40:34.954] [main/INFO] [EARLYDISPLAY/]: Trying GL version 4.6 
[22:40:35.188] [main/INFO] [EARLYDISPLAY/]: Requested GL version 4.6 got version 4.6 
[22:40:35.302] [main/INFO] [mixin/]: SpongePowered MIXIN Subsystem Version=0.8.7 Source=union:/E:/gradle-home/caches/modules-2/files-2.1/net.fabricmc/sponge-mixin/0.15.2+mixin.0.8.7/2af2f021d8e02a0220dc27a7a72b4666d66d44ca/sponge-mixin-0.15.2+mixin.0.8.7.jar%23143!/ Service=ModLauncher Env=CLIENT 
[22:40:35.439] [main/INFO] [loading.moddiscovery.ModDiscoverer/SCAN]: Found mod file "neoforge-21.1.235.jar" [locator: neoforge devenv provider ([E:\PotatoST\.gradle\repositories\ng_dummy_ng\net\neoforged\neoforge\21.1.235\neoforge-21.1.235.jar])] 
[22:40:35.471] [main/INFO] [loading.moddiscovery.ModDiscoverer/SCAN]: Found mod file "neoforge-21.1.235.jar" [locator: neoforge devenv provider ([E:\PotatoST\.gradle\repositories\ng_dummy_ng\net\neoforged\neoforge\21.1.235\neoforge-21.1.235.jar])] 
[22:40:35.505] [main/INFO] [loading.moddiscovery.ModDiscoverer/SCAN]: Found mod file "net.caffeinemc.sodium-neoforge-0.8.13+mc1.21.1-mod.jar" [locator: net.caffeinemc.mods.sodium.service.SodiumServiceModLocator@5528a42c, reader: mod manifest] 
[22:40:35.517] [main/INFO] [loading.moddiscovery.ModDiscoverer/SCAN]: Found mod file "fabric-rendering-data-attachment-v1-0.3.48+73761d2e19.jar" [locator: net.caffeinemc.mods.sodium.service.SodiumServiceModLocator@5528a42c, reader: mod manifest] 
[22:40:35.523] [main/INFO] [loading.moddiscovery.ModDiscoverer/SCAN]: Found mod file "fabric-renderer-api-v1-3.4.1+9125b6dc19.jar" [locator: net.caffeinemc.mods.sodium.service.SodiumServiceModLocator@5528a42c, reader: mod manifest] 
[22:40:35.527] [main/INFO] [loading.moddiscovery.ModDiscoverer/SCAN]: Found mod file "fabric-block-view-api-v2-1.0.10+9afaaf8c19.jar" [locator: net.caffeinemc.mods.sodium.service.SodiumServiceModLocator@5528a42c, reader: mod manifest] 
[22:40:35.531] [main/INFO] [loading.moddiscovery.ModDiscoverer/SCAN]: Found mod file "fabric-api-base-0.4.42+d1308ded19.jar" [locator: net.caffeinemc.mods.sodium.service.SodiumServiceModLocator@5528a42c, reader: mod manifest] 
[22:40:35.544] [main/INFO] [loading.moddiscovery.ModDiscoverer/SCAN]: Found mod file "[JEI物品管理器] jei-1.21.1-neoforge-19.25.0.325.jar" [locator: {mods folder locator at E:\PotatoST\run\client\mods}, reader: mod manifest] 
[22:40:35.554] [main/INFO] [loading.moddiscovery.ModDiscoverer/SCAN]: Found mod file "[Xaero的世界地图] xaeroworldmap-neoforge-1.21.1-1.44.2.jar" [locator: {mods folder locator at E:\PotatoST\run\client\mods}, reader: mod manifest] 
[22:40:35.555] [pool-2-thread-1/INFO] [EARLYDISPLAY/]: GL info: AMD Radeon Pro W5700X GL version 4.6.14761 Core Profile Forward-Compatible Context FireGL 21.30.44.22 30.0.13044.22016, ATI Technologies Inc. 
[22:40:35.561] [main/INFO] [loading.moddiscovery.ModDiscoverer/SCAN]: Found mod file "[玉 🔍] Jade-1.21.1-NeoForge-15.10.6.jar" [locator: {mods folder locator at E:\PotatoST\run\client\mods}, reader: mod manifest] 
[22:40:35.567] [main/INFO] [loading.moddiscovery.ModDiscoverer/SCAN]: Found mod file "[输入法冲突修复] IMBlocker-5.6.0-neoforge+1.20.6-1.21.8.jar" [locator: {mods folder locator at E:\PotatoST\run\client\mods}, reader: mod manifest] 
[22:40:35.576] [main/INFO] [loading.moddiscovery.ModDiscoverer/SCAN]: Found mod file "main" [locator: userdev mods and services, reader: mod manifest] 
[22:40:35.593] [main/INFO] [loading.moddiscovery.ModDiscoverer/SCAN]: Found mod file "neoforge-21.1.235.jar" [locator: userdev mods and services, reader: mod manifest] 
[22:40:35.751] [main/INFO] [loading.moddiscovery.ModDiscoverer/SCAN]: Found gamelibrary file "mixinextras-neoforge-0.5.3.jar" [locator: userdev mods and services, reader: mod manifest] 
[22:40:35.897] [main/WARN] [selection.JarSelector/]: Attempted to select a dependency jar for JarJar which was passed in as source: library:mixinextras.neoforge. Using Mod File: E:\gradle-home\caches\modules-2\files-2.1\io.github.llamalad7\mixinextras-neoforge\0.5.3\a0919957808de97707c5fb4ce073e66aeef3e187\mixinextras-neoforge-0.5.3.jar 
[22:40:35.898] [main/INFO] [loading.moddiscovery.locators.JarInJarDependencyLocator/]: Found 2 dependencies adding them to mods collection 
[22:40:35.898] [main/INFO] [loading.moddiscovery.ModDiscoverer/SCAN]: Found mod file "xaerolib-neoforge-1.21.1-1.7.1.jar" [parent: [Xaero的世界地图] xaeroworldmap-neoforge-1.21.1-1.44.2.jar, locator: jarinjar, reader: mod manifest] 
[22:40:35.899] [main/INFO] [loading.moddiscovery.ModDiscoverer/SCAN]: Found library file "net.neoforged.neoforge-coremods-21.1.235.jar" [parent: neoforge-21.1.235.jar, locator: jarinjar, reader: mod manifest] 
[22:40:35.900] [main/INFO] [loading.moddiscovery.ModDiscoverer/]: 
     Mod List:
		Name Version (Mod Id)

		Forgified Fabric API Base 0.4.42+d1308ded19 (fabric_api_base)
		Forgified Fabric BlockView API (v2) 1.0.10+9afaaf8c19 (fabric_block_view_api_v2)
		Forgified Fabric Renderer API (v1) 3.4.1+9125b6dc19 (fabric_renderer_api_v1)
		Forgified Fabric Rendering Data Attachment (v1) 0.3.48+73761d2e19 (fabric_rendering_data_attachment_v1)
		IMBlocker 5.6.0 (imblocker)
		Jade 15.10.6+neoforge (jade)
		Just Enough Items 19.25.0.325 (jei)
		Minecraft 1.21.1 (minecraft)
		NeoForge 21.1.235 (neoforge)
		PotatoS&T 0.10 (potato_s_t)
		Sodium 0.8.13+mc1.21.1 (sodium)
		Xaero's World Map 1.44.2 (xaeroworldmap)
		XaeroLib 1.7.1 (xaerolib) 
[22:40:36.128] [main/INFO] [loading.FMLServiceProvider/CORE]: Loading coremod script-engine for [xaeroworldmap] 
[22:40:36.900] [main/INFO] [mixin/]: Compatibility level set to JAVA_21 
[22:40:36.941] [main/INFO] [LaunchServiceHandler/MODLAUNCHER]: Launching target 'forgeclientdev' with arguments [--version, 21.1.235, --gameDir, ., --assetsDir, E:\gradle-home\caches\minecraft\assets, --assetIndex, asset-index] 
[22:40:37.004] [main/INFO] [Sodium/]: Loaded configuration file for Sodium: 45 options available, 0 override(s) found 
[22:40:37.009] [main/WARN] [mixin/]: Reference map 'xaerolib.refmap.json' for xaerolib.mixins.json could not be read. If this is a development environment you can ignore this message 
[22:40:37.024] [main/WARN] [mixin/]: Reference map 'xaeroworldmap.refmap.json' for xaeroworldmap.mixins.json could not be read. If this is a development environment you can ignore this message 
[22:40:37.669] [main/WARN] [mixin/]: Error loading class: net/minecraft/client/gui/components/AbstractScrollArea (java.lang.ClassNotFoundException: net.minecraft.client.gui.components.AbstractScrollArea) 
[22:40:37.669] [main/WARN] [mixin/]: @Mixin target net.minecraft.client.gui.components.AbstractScrollArea was not found imblocker-neoforge.mixins.json:AbstractScrollWidgetMixin from mod imblocker 
[22:40:37.681] [main/WARN] [mixin/]: Error loading class: net/minecraft/client/gui/components/AbstractScrollArea (java.lang.ClassNotFoundException: net.minecraft.client.gui.components.AbstractScrollArea) 
[22:40:37.683] [main/WARN] [mixin/]: Error loading class: net/minecraft/client/gui/components/AbstractScrollArea (java.lang.ClassNotFoundException: net.minecraft.client.gui.components.AbstractScrollArea) 
[22:40:37.698] [main/INFO] [MixinExtras|Service/]: Initializing MixinExtras via com.llamalad7.mixinextras.service.MixinExtrasServiceImpl(version=0.5.3). 
WARN StatusConsoleListener Advanced terminal features are not available in this environment
[22:40:38] [main/DEBUG] [io.ne.ut.in.lo.InternalLoggerFactory/]: Using SLF4J as the default logging framework
[22:40:38] [main/DEBUG] [io.ne.ut.ResourceLeakDetector/]: -Dio.netty.leakDetection.level: simple
[22:40:38] [main/DEBUG] [io.ne.ut.ResourceLeakDetector/]: -Dio.netty.leakDetection.targetRecords: 4
[22:40:39] [main/DEBUG] [os.ut.FileUtil/]: No oshi.properties file found from ClassLoader cpw.mods.modlauncher.TransformingClassLoader@36327cec
[22:40:39] [Datafixer Bootstrap/INFO] [mojang/DataFixerBuilder]: 229 Datafixer optimizations took 444 milliseconds
[22:40:39] [main/DEBUG] [os.ut.FileUtil/]: No oshi.architecture.properties file found from ClassLoader cpw.mods.modlauncher.TransformingClassLoader@36327cec
[22:40:39] [pool-15-thread-1/DEBUG] [mixin/]: Mixing MappedRegistryAccessor from neoforge.mixins.json into net.minecraft.core.MappedRegistry
[22:40:39] [pool-15-thread-1/DEBUG] [mixin/]: Mixing BlockViewMixin from fabric-block-view-api-v2.mixins.json into net.minecraft.world.level.BlockGetter
[22:40:39] [pool-15-thread-1/DEBUG] [mixin/]: fabric-block-view-api-v2.mixins.json:BlockViewMixin from mod fabric_block_view_api_v2: Class version 65 required is higher than the class version supported by the current version of Mixin (JAVA_17 supports class version 61)
[22:40:39] [pool-15-thread-1/DEBUG] [mixin/]: Mixing WorldViewMixin from fabric-rendering-data-attachment-v1.mixins.json into net.minecraft.world.level.LevelReader
[22:40:39] [pool-15-thread-1/DEBUG] [mixin/]: fabric-rendering-data-attachment-v1.mixins.json:WorldViewMixin from mod fabric_rendering_data_attachment_v1: Class version 65 required is higher than the class version supported by the current version of Mixin (JAVA_17 supports class version 61)
[22:40:39] [pool-15-thread-1/DEBUG] [mixin/]: Mixing EntityAccess from jade.mixins.json into net.minecraft.world.entity.Entity
[22:40:39] [pool-15-thread-1/DEBUG] [mixin/]: jade.mixins.json:EntityAccess from mod jade: Class version 65 required is higher than the class version supported by the current version of Mixin (JAVA_16 supports class version 60)
[22:40:39] [pool-15-thread-1/DEBUG] [mixin/]: Mixing MixinServerWorld from xaeroworldmap.mixins.json into net.minecraft.server.level.ServerLevel
[22:40:39] [pool-15-thread-1/DEBUG] [mixin/]: xaeroworldmap.mixins.json:MixinServerWorld from mod xaeroworldmap: Class version 65 required is higher than the class version supported by the current version of Mixin (JAVA_17 supports class version 61)
[22:40:39] [pool-15-thread-1/DEBUG] [mixin/]: Mixing features.render.immediate.DirectionMixin from sodium-common.mixins.json into net.minecraft.core.Direction
[22:40:40] [pool-15-thread-1/DEBUG] [mixin/]: Mixing features.options.render_layers.LeavesBlockMixin from sodium-common.mixins.json into net.minecraft.world.level.block.LeavesBlock
[22:40:40] [pool-15-thread-1/DEBUG] [mixin/]: Mixing BlockEntityMixin from fabric-rendering-data-attachment-v1.mixins.json into net.minecraft.world.level.block.entity.BlockEntity
[22:40:40] [pool-15-thread-1/DEBUG] [mixin/]: fabric-rendering-data-attachment-v1.mixins.json:BlockEntityMixin from mod fabric_rendering_data_attachment_v1: Class version 65 required is higher than the class version supported by the current version of Mixin (JAVA_17 supports class version 61)
[22:40:40] [pool-15-thread-1/DEBUG] [mixin/]: Mixing BlockEntityMixin from fabric-block-view-api-v2.mixins.json into net.minecraft.world.level.block.entity.BlockEntity
[22:40:40] [pool-15-thread-1/DEBUG] [mixin/]: fabric-block-view-api-v2.mixins.json:BlockEntityMixin from mod fabric_block_view_api_v2: Class version 65 required is higher than the class version supported by the current version of Mixin (JAVA_17 supports class version 61)
[22:40:40] [pool-15-thread-1/DEBUG] [mixin/]: Mixing core.render.BlockEntityTypeMixin from sodium-common.mixins.json into net.minecraft.world.level.block.entity.BlockEntityType
[22:40:40] [pool-15-thread-1/DEBUG] [mixin/]: Mixing BlockEntityTypeAccessor from neoforge.mixins.json into net.minecraft.world.level.block.entity.BlockEntityType
[22:40:40] [pool-15-thread-1/DEBUG] [mixin/]: Mixing AbstractFurnaceBlockEntityAccess from jade.mixins.json into net.minecraft.world.level.block.entity.AbstractFurnaceBlockEntity
[22:40:40] [pool-15-thread-1/DEBUG] [mixin/]: jade.mixins.json:AbstractFurnaceBlockEntityAccess from mod jade: Class version 65 required is higher than the class version supported by the current version of Mixin (JAVA_16 supports class version 60)
[22:40:40] [pool-15-thread-1/DEBUG] [mixin/]: Mixing features.world.biome.BiomeMixin from sodium-neoforge.mixins.json into net.minecraft.world.level.biome.Biome
[22:40:40] [pool-15-thread-1/DEBUG] [mixin/]: sodium-neoforge.mixins.json:features.world.biome.BiomeMixin from mod sodium->@Inject::onInit(Lorg/spongepowered/asm/mixin/injection/callback/CallbackInfo;)V doesn't use it's CallbackInfo
[22:40:41] [pool-15-thread-1/DEBUG] [mixin/]: Mixing platform.neoforge.AuxiliaryLightManagerMixin from sodium-neoforge.mixins.json into net.neoforged.neoforge.common.world.AuxiliaryLightManager
[22:40:41] [pool-15-thread-1/DEBUG] [mixin/]: Mixing MixinServerPlayer from xaerolib.mixins.json into net.minecraft.server.level.ServerPlayer
[22:40:41] [pool-15-thread-1/DEBUG] [mixin/]: xaerolib.mixins.json:MixinServerPlayer from mod xaerolib: Class version 65 required is higher than the class version supported by the current version of Mixin (JAVA_17 supports class version 61)
[22:40:41] [pool-15-thread-1/DEBUG] [mixin/]: Mixing MixinServerPlayer from xaeroworldmap.mixins.json into net.minecraft.server.level.ServerPlayer
[22:40:41] [pool-15-thread-1/DEBUG] [mixin/]: xaeroworldmap.mixins.json:MixinServerPlayer from mod xaeroworldmap: Class version 65 required is higher than the class version supported by the current version of Mixin (JAVA_17 supports class version 61)
[22:40:42] [pool-15-thread-1/DEBUG] [io.ne.ut.in.PlatformDependent0/]: -Dio.netty.noUnsafe: false
[22:40:42] [pool-15-thread-1/DEBUG] [io.ne.ut.in.PlatformDependent0/]: Java version: 21
[22:40:42] [pool-15-thread-1/DEBUG] [io.ne.ut.in.PlatformDependent0/]: sun.misc.Unsafe.theUnsafe: available
[22:40:42] [pool-15-thread-1/DEBUG] [io.ne.ut.in.PlatformDependent0/]: sun.misc.Unsafe.copyMemory: available
[22:40:42] [pool-15-thread-1/DEBUG] [io.ne.ut.in.PlatformDependent0/]: sun.misc.Unsafe.storeFence: available
[22:40:42] [pool-15-thread-1/DEBUG] [io.ne.ut.in.PlatformDependent0/]: java.nio.Buffer.address: available
[22:40:42] [pool-15-thread-1/DEBUG] [io.ne.ut.in.PlatformDependent0/]: java.nio.Bits.unaligned: available, true
[22:40:42] [pool-15-thread-1/DEBUG] [io.ne.ut.in.PlatformDependent0/]: java.nio.DirectByteBuffer.<init>(long, {int,long}): unavailable
[22:40:42] [pool-15-thread-1/DEBUG] [io.ne.ut.in.PlatformDependent/]: sun.misc.Unsafe: available
[22:40:42] [pool-15-thread-1/DEBUG] [io.ne.ut.in.PlatformDependent/]: maxDirectMemory: 4255121408 bytes (maybe)
[22:40:42] [pool-15-thread-1/DEBUG] [io.ne.ut.in.PlatformDependent/]: -Dio.netty.tmpdir: C:\Users\ADMINI~1\AppData\Local\Temp (java.io.tmpdir)
[22:40:42] [pool-15-thread-1/DEBUG] [io.ne.ut.in.PlatformDependent/]: -Dio.netty.bitMode: 64 (sun.arch.data.model)
[22:40:42] [pool-15-thread-1/DEBUG] [io.ne.ut.in.PlatformDependent/]: Platform: Windows
[22:40:42] [pool-15-thread-1/DEBUG] [io.ne.ut.in.PlatformDependent/]: -Dio.netty.maxDirectMemory: -1 bytes
[22:40:42] [pool-15-thread-1/DEBUG] [io.ne.ut.in.PlatformDependent/]: -Dio.netty.uninitializedArrayAllocationThreshold: -1
[22:40:42] [pool-15-thread-1/DEBUG] [io.ne.ut.in.CleanerJava9/]: java.nio.ByteBuffer.cleaner(): available
[22:40:42] [pool-15-thread-1/DEBUG] [io.ne.ut.in.PlatformDependent/]: -Dio.netty.noPreferDirect: false
[22:40:42] [pool-15-thread-1/DEBUG] [mixin/]: Mixing MixinWorldChunk from xaeroworldmap.mixins.json into net.minecraft.world.level.chunk.LevelChunk
[22:40:42] [pool-15-thread-1/DEBUG] [mixin/]: xaeroworldmap.mixins.json:MixinWorldChunk from mod xaeroworldmap: Class version 65 required is higher than the class version supported by the current version of Mixin (JAVA_17 supports class version 61)
[22:40:44] [pool-15-thread-1/DEBUG] [ne.ne.ne.re.GameData/REGISTRIES]: Creating vanilla freeze snapshot
[22:40:44] [pool-15-thread-1/DEBUG] [ne.ne.ne.re.GameData/REGISTRIES]: Vanilla freeze snapshot created
[22:40:44] [main/DEBUG] [mixin/]: Mixing MixinMinecraftServer from xaeroworldmap.mixins.json into net.minecraft.server.MinecraftServer
[22:40:44] [main/DEBUG] [mixin/]: xaeroworldmap.mixins.json:MixinMinecraftServer from mod xaeroworldmap: Class version 65 required is higher than the class version supported by the current version of Mixin (JAVA_17 supports class version 61)
[22:40:44] [main/WARN] [minecraft/Commands]: Ambiguity between arguments [teleport, location] and [teleport, destination] with inputs: [0.1 -0.5 .9, 0 0 0]
[22:40:44] [main/WARN] [minecraft/Commands]: Ambiguity between arguments [teleport, location] and [teleport, targets] with inputs: [0.1 -0.5 .9, 0 0 0]
[22:40:44] [main/WARN] [minecraft/Commands]: Ambiguity between arguments [teleport, destination] and [teleport, targets] with inputs: [Player, 0123, @e, dd12be42-52a9-4a91-a8a1-11c01849e498]
[22:40:44] [main/WARN] [minecraft/Commands]: Ambiguity between arguments [teleport, targets] and [teleport, destination] with inputs: [Player, 0123, dd12be42-52a9-4a91-a8a1-11c01849e498]
[22:40:44] [main/WARN] [minecraft/Commands]: Ambiguity between arguments [teleport, targets, location] and [teleport, targets, destination] with inputs: [0.1 -0.5 .9, 0 0 0]
[22:40:44] [Render thread/DEBUG] [mixin/]: Mixing workarounds.event_loop.RenderSystemMixin from sodium-common.mixins.json into com.mojang.blaze3d.systems.RenderSystem
[22:40:44] [Render thread/DEBUG] [mixin/]: Mixing features.render.immediate.buffer_builder.sorting.VertexSortingMixin from sodium-common.mixins.json into com.mojang.blaze3d.vertex.VertexSorting
[22:40:44] [Render thread/DEBUG] [mixin/]: Mixing features.render.compositing.RenderTargetMixin from sodium-common.mixins.json into com.mojang.blaze3d.pipeline.RenderTarget
[22:40:44] [Render thread/DEBUG] [mixin/]: sodium-common.mixins.json:features.render.compositing.RenderTargetMixin from mod sodium->@Inject::blitToScreen(IIZLorg/spongepowered/asm/mixin/injection/callback/CallbackInfo;)V does use it's CallbackInfo
[22:40:44] [Render thread/DEBUG] [mixin/]: Mixing AbstractContainerEventHandlerMixin from imblocker-neoforge.mixins.json into net.minecraft.client.gui.components.events.AbstractContainerEventHandler
[22:40:44] [Render thread/DEBUG] [mixin/]: Mixing ChatScreenMixin from imblocker-neoforge.mixins.json into net.minecraft.client.gui.screens.ChatScreen
[22:40:44] [Render thread/DEBUG] [mixin/]: imblocker-neoforge.mixins.json:ChatScreenMixin from mod imblocker->@Inject::initChatState(Lorg/spongepowered/asm/mixin/injection/callback/CallbackInfo;)V does use it's CallbackInfo
[22:40:44] [Render thread/DEBUG] [mixin/]: imblocker-neoforge.mixins.json:ChatScreenMixin from mod imblocker->@Inject::updateChatState(Ljava/lang/String;Lorg/spongepowered/asm/mixin/injection/callback/CallbackInfo;)V doesn't use it's CallbackInfo
[22:40:44] [Render thread/DEBUG] [mixin/]: imblocker-neoforge.mixins.json:ChatScreenMixin from mod imblocker->@Inject::updateChatState(Ljava/lang/String;Lorg/spongepowered/asm/mixin/injection/callback/CallbackInfo;)V has 0 override(s) in child classes
[22:40:44] [Render thread/DEBUG] [mixin/]: imblocker-neoforge.mixins.json:ChatScreenMixin from mod imblocker->@Inject::updateChatState(Ljava/lang/String;Lorg/spongepowered/asm/mixin/injection/callback/CallbackInfo;)V won't be passed a CallbackInfo as a result
[22:40:44] [Render thread/DEBUG] [mixin/]: imblocker-neoforge.mixins.json:ChatScreenMixin from mod imblocker->@Inject::removeChatState(Lorg/spongepowered/asm/mixin/injection/callback/CallbackInfo;)V doesn't use it's CallbackInfo
[22:40:44] [Render thread/DEBUG] [mixin/]: imblocker-neoforge.mixins.json:ChatScreenMixin from mod imblocker->@Inject::removeChatState(Lorg/spongepowered/asm/mixin/injection/callback/CallbackInfo;)V has 0 override(s) in child classes
[22:40:44] [Render thread/DEBUG] [mixin/]: imblocker-neoforge.mixins.json:ChatScreenMixin from mod imblocker->@Inject::removeChatState(Lorg/spongepowered/asm/mixin/injection/callback/CallbackInfo;)V won't be passed a CallbackInfo as a result
[22:40:44] [Render thread/DEBUG] [mixin/]: Mixing core.world.biome.ClientLevelMixin from sodium-common.mixins.json into net.minecraft.client.multiplayer.ClientLevel
[22:40:44] [Render thread/DEBUG] [mixin/]: Mixing core.world.map.ClientLevelMixin from sodium-common.mixins.json into net.minecraft.client.multiplayer.ClientLevel
[22:40:44] [Render thread/DEBUG] [mixin/]: Mixing features.render.world.sky.ClientLevelMixin from sodium-common.mixins.json into net.minecraft.client.multiplayer.ClientLevel
[22:40:44] [Render thread/DEBUG] [mixin/]: Renaming synthetic method lambda$redirectSampleColor$0(Lnet/minecraft/world/level/Level;III)I to md0a1d8c$sodium$lambda$redirectSampleColor$0$0 in sodium-common.mixins.json:features.render.world.sky.ClientLevelMixin from mod sodium
[22:40:44] [Render thread/DEBUG] [mixin/]: Mixing MixinClientLevel from xaerolib.mixins.json into net.minecraft.client.multiplayer.ClientLevel
[22:40:44] [Render thread/DEBUG] [mixin/]: xaerolib.mixins.json:MixinClientLevel from mod xaerolib: Class version 65 required is higher than the class version supported by the current version of Mixin (JAVA_17 supports class version 61)
[22:40:44] [Render thread/DEBUG] [mixin/]: Mixing MixinClientWorld from xaeroworldmap.mixins.json into net.minecraft.client.multiplayer.ClientLevel
[22:40:44] [Render thread/DEBUG] [mixin/]: xaeroworldmap.mixins.json:MixinClientWorld from mod xaeroworldmap: Class version 65 required is higher than the class version supported by the current version of Mixin (JAVA_17 supports class version 61)
[22:40:44] [Render thread/DEBUG] [mixin/]: sodium-common.mixins.json:core.world.biome.ClientLevelMixin from mod sodium->@Inject::captureSeed(Lnet/minecraft/client/multiplayer/ClientPacketListener;Lnet/minecraft/client/multiplayer/ClientLevel$ClientLevelData;Lnet/minecraft/resources/ResourceKey;Lnet/minecraft/core/Holder;IILjava/util/function/Supplier;Lnet/minecraft/client/renderer/LevelRenderer;ZJLorg/spongepowered/asm/mixin/injection/callback/CallbackInfo;)V doesn't use it's CallbackInfo
[22:40:44] [Render thread/DEBUG] [mixin/]: sodium-common.mixins.json:core.world.biome.ClientLevelMixin from mod sodium->@Inject::captureSeed(Lnet/minecraft/client/multiplayer/ClientPacketListener;Lnet/minecraft/client/multiplayer/ClientLevel$ClientLevelData;Lnet/minecraft/resources/ResourceKey;Lnet/minecraft/core/Holder;IILjava/util/function/Supplier;Lnet/minecraft/client/renderer/LevelRenderer;ZJLorg/spongepowered/asm/mixin/injection/callback/CallbackInfo;)V has 0 override(s) in child classes
[22:40:44] [Render thread/DEBUG] [mixin/]: sodium-common.mixins.json:core.world.biome.ClientLevelMixin from mod sodium->@Inject::captureSeed(Lnet/minecraft/client/multiplayer/ClientPacketListener;Lnet/minecraft/client/multiplayer/ClientLevel$ClientLevelData;Lnet/minecraft/resources/ResourceKey;Lnet/minecraft/core/Holder;IILjava/util/function/Supplier;Lnet/minecraft/client/renderer/LevelRenderer;ZJLorg/spongepowered/asm/mixin/injection/callback/CallbackInfo;)V won't be passed a CallbackInfo as a result
[22:40:44] [Render thread/DEBUG] [mixin/]: sodium-common.mixins.json:core.world.map.ClientLevelMixin from mod sodium->@Inject::sodium$trackChunkUnload(Lnet/minecraft/world/level/chunk/LevelChunk;Lorg/spongepowered/asm/mixin/injection/callback/CallbackInfo;)V doesn't use it's CallbackInfo
[22:40:44] [Render thread/DEBUG] [mixin/]: sodium-common.mixins.json:core.world.map.ClientLevelMixin from mod sodium->@Inject::sodium$trackChunkUnload(Lnet/minecraft/world/level/chunk/LevelChunk;Lorg/spongepowered/asm/mixin/injection/callback/CallbackInfo;)V has 0 override(s) in child classes
[22:40:44] [Render thread/DEBUG] [mixin/]: sodium-common.mixins.json:core.world.map.ClientLevelMixin from mod sodium->@Inject::sodium$trackChunkUnload(Lnet/minecraft/world/level/chunk/LevelChunk;Lorg/spongepowered/asm/mixin/injection/callback/CallbackInfo;)V won't be passed a CallbackInfo as a result
[22:40:44] [Render thread/DEBUG] [mixin/]: Mixing features.gui.screen.LevelLoadingScreenMixin from sodium-common.mixins.json into net.minecraft.client.gui.screens.LevelLoadingScreen
[22:40:44] [Render thread/DEBUG] [mixin/]: Renaming synthetic method lambda$sodium$drawChunkMap$0(Lit/unimi/dsi/fastutil/objects/Object2IntMap$Entry;)V to md0a1d8c$sodium$lambda$sodium$drawChunkMap$0$0 in sodium-common.mixins.json:features.gui.screen.LevelLoadingScreenMixin from mod sodium
[22:40:44] [Render thread/WARN] [minecraft/VanillaPackResourcesBuilder]: Assets URL 'union:/E:/PotatoST/.gradle/repositories/ng_dummy_ng/net/neoforged/neoforge/21.1.235/neoforge-21.1.235.jar%23201!/assets/.mcassetsroot' uses unexpected schema
[22:40:44] [Render thread/WARN] [minecraft/VanillaPackResourcesBuilder]: Assets URL 'union:/E:/PotatoST/.gradle/repositories/ng_dummy_ng/net/neoforged/neoforge/21.1.235/neoforge-21.1.235.jar%23201!/data/.mcassetsroot' uses unexpected schema
[22:40:44] [Render thread/INFO] [mojang/YggdrasilAuthenticationService]: Environment: Environment[sessionHost=https://sessionserver.mojang.com, servicesHost=https://api.minecraftservices.com, name=PROD]
[22:40:44] [Render thread/INFO] [minecraft/Minecraft]: Setting user: Dev
[22:40:44] [Render thread/DEBUG] [mixin/]: Mixing AbstractWidgetMixin from imblocker-neoforge.mixins.json into net.minecraft.client.gui.components.AbstractWidget
[22:40:44] [Render thread/DEBUG] [mixin/]: imblocker-neoforge.mixins.json:AbstractWidgetMixin from mod imblocker->@Inject::focusChanged(ZLorg/spongepowered/asm/mixin/injection/callback/CallbackInfo;)V doesn't use it's CallbackInfo
[22:40:44] [Render thread/DEBUG] [mixin/]: imblocker-neoforge.mixins.json:AbstractWidgetMixin from mod imblocker->@Inject::focusChanged(ZLorg/spongepowered/asm/mixin/injection/callback/CallbackInfo;)V has 2 override(s) in child classes
[22:40:44] [Render thread/DEBUG] [mixin/]: imblocker-neoforge.mixins.json:AbstractWidgetMixin from mod imblocker->@Inject::focusChanged(ZLorg/spongepowered/asm/mixin/injection/callback/CallbackInfo;)V won't be passed a CallbackInfo as a result
[22:40:44] [Render thread/DEBUG] [mixin/]: imblocker-neoforge.mixins.json:AbstractWidgetMixin from mod imblocker->@Inject::updateLastRenderTime(Lorg/spongepowered/asm/mixin/injection/callback/CallbackInfoReturnable;)V doesn't use it's CallbackInfoReturnable
[22:40:44] [Render thread/DEBUG] [mixin/]: imblocker-neoforge.mixins.json:AbstractWidgetMixin from mod imblocker->@Inject::updateLastRenderTime(Lorg/spongepowered/asm/mixin/injection/callback/CallbackInfoReturnable;)V has 1 override(s) in child classes
[22:40:44] [Render thread/DEBUG] [mixin/]: imblocker-neoforge.mixins.json:AbstractWidgetMixin from mod imblocker->@Inject::updateLastRenderTime(Lorg/spongepowered/asm/mixin/injection/callback/CallbackInfoReturnable;)V won't be passed a CallbackInfoReturnable as a result
[22:40:44] [Render thread/DEBUG] [mixin/]: Mixing MixinAbstractButton from xaerolib.mixins.json into net.minecraft.client.gui.components.AbstractButton
[22:40:44] [Render thread/DEBUG] [mixin/]: xaerolib.mixins.json:MixinAbstractButton from mod xaerolib: Class version 65 required is higher than the class version supported by the current version of Mixin (JAVA_17 supports class version 61)
[22:40:45] [Render thread/INFO] [minecraft/Minecraft]: Backend library: LWJGL version 3.3.3+5
[22:40:45] [Render thread/DEBUG] [mixin/]: Mixing core.WindowMixin from sodium-common.mixins.json into com.mojang.blaze3d.platform.Window
[22:40:45] [Render thread/DEBUG] [mixin/]: Mixing workarounds.context_creation.WindowMixin from sodium-common.mixins.json into com.mojang.blaze3d.platform.Window
[22:40:45] [Render thread/DEBUG] [mixin/]: Mixing WindowMixin from imblocker-neoforge.mixins.json into com.mojang.blaze3d.platform.Window
[22:40:45] [Render thread/DEBUG] [mixin/]: Mixing WindowsIngameIMEInitializer from imblocker-neoforge.mixins.json into com.mojang.blaze3d.platform.Window
[22:40:45] [Render thread/DEBUG] [mixin/]: Mixing WindowsFullScreenPatch from imblocker-neoforge.mixins.json into com.mojang.blaze3d.platform.Window
[22:40:45] [Render thread/DEBUG] [mixin/]: sodium-common.mixins.json:workarounds.context_creation.WindowMixin from mod sodium->@Inject::postContextReady(Lcom/mojang/blaze3d/platform/WindowEventHandler;Lcom/mojang/blaze3d/platform/ScreenManager;Lcom/mojang/blaze3d/platform/DisplayData;Ljava/lang/String;Ljava/lang/String;Lorg/spongepowered/asm/mixin/injection/callback/CallbackInfo;)V doesn't use it's CallbackInfo
[22:40:45] [Render thread/DEBUG] [mixin/]: sodium-common.mixins.json:workarounds.context_creation.WindowMixin from mod sodium->@Inject::preSwapBuffers(Lorg/spongepowered/asm/mixin/injection/callback/CallbackInfo;)V doesn't use it's CallbackInfo
[22:40:45] [Render thread/DEBUG] [mixin/]: imblocker-neoforge.mixins.json:WindowMixin from mod imblocker->@Inject::onScaleFactorChanged(DLorg/spongepowered/asm/mixin/injection/callback/CallbackInfo;)V doesn't use it's CallbackInfo
[22:40:45] [Render thread/DEBUG] [mixin/]: imblocker-neoforge.mixins.json:WindowsIngameIMEInitializer from mod imblocker->@Inject::initializeIngameIME(Lcom/mojang/blaze3d/platform/WindowEventHandler;Lcom/mojang/blaze3d/platform/ScreenManager;Lcom/mojang/blaze3d/platform/DisplayData;Ljava/lang/String;Ljava/lang/String;Lorg/spongepowered/asm/mixin/injection/callback/CallbackInfo;)V doesn't use it's CallbackInfo
[22:40:45] [Render thread/DEBUG] [mixin/]: imblocker-neoforge.mixins.json:WindowsFullScreenPatch from mod imblocker->@Inject::tweakFullScreenWindowStyle(Lorg/spongepowered/asm/mixin/injection/callback/CallbackInfo;)V doesn't use it's CallbackInfo
[22:40:45] [Render thread/DEBUG] [mixin/]: imblocker-neoforge.mixins.json:WindowsFullScreenPatch from mod imblocker->@Inject::tweakFullScreenWindowStyle(Lorg/spongepowered/asm/mixin/injection/callback/CallbackInfo;)V doesn't use it's CallbackInfo
[22:40:45] [Render thread/INFO] [mojang/Window]: OpenGL Vendor: ATI Technologies Inc.
[22:40:45] [Render thread/INFO] [mojang/Window]: OpenGL Renderer: AMD Radeon Pro W5700X
[22:40:45] [Render thread/INFO] [mojang/Window]: OpenGL Version: 4.6.14761 Core Profile Forward-Compatible Context FireGL 21.30.44.22 30.0.13044.22016
[22:40:45] [Render thread/DEBUG] [mixin/]: Mixing features.render.viewport.GlStateManagerMixin from sodium-common.mixins.json into com.mojang.blaze3d.platform.GlStateManager
[22:40:45] [Render thread/DEBUG] [mixin/]: Mixing features.textures.NativeImageAccessor from sodium-common.mixins.json into com.mojang.blaze3d.platform.NativeImage
[22:40:45] [Render thread/DEBUG] [mixin/]: Mixing UnlockIMEKeyListener from imblocker-neoforge.mixins.json into net.minecraft.client.KeyboardHandler
[22:40:45] [Render thread/DEBUG] [mixin/]: Mixing KeyboardHandlerAccessor from imblocker-neoforge.mixins.json into net.minecraft.client.KeyboardHandler
[22:40:45] [Render thread/DEBUG] [mixin/]: imblocker-neoforge.mixins.json:UnlockIMEKeyListener from mod imblocker->@Inject::onKeyInvoked(JIIIILorg/spongepowered/asm/mixin/injection/callback/CallbackInfo;)V doesn't use it's CallbackInfo
[22:40:45] [Render thread/DEBUG] [mixin/]: imblocker-neoforge.mixins.json:UnlockIMEKeyListener from mod imblocker->@Inject::onKeyInvoked(JIIIILorg/spongepowered/asm/mixin/injection/callback/CallbackInfo;)V has 0 override(s) in child classes
[22:40:45] [Render thread/DEBUG] [mixin/]: imblocker-neoforge.mixins.json:UnlockIMEKeyListener from mod imblocker->@Inject::onKeyInvoked(JIIIILorg/spongepowered/asm/mixin/injection/callback/CallbackInfo;)V won't be passed a CallbackInfo as a result
[22:40:45] [Render thread/DEBUG] [ne.ne.fm.ModWorkManager/LOADING]: Using 12 threads for parallel mod-loading
[22:40:45] [Render thread/DEBUG] [ne.ne.fm.ja.FMLModContainer/LOADING]: Creating FMLModContainer instance for [org.sinytra.fabric.api_base.generated.GeneratedEntryPoint]
[22:40:45] [Render thread/DEBUG] [ne.ne.fm.ja.FMLModContainer/LOADING]: Creating FMLModContainer instance for [org.sinytra.fabric.renderer_api.generated.GeneratedEntryPoint]
[22:40:45] [Render thread/DEBUG] [ne.ne.fm.ja.FMLModContainer/LOADING]: Creating FMLModContainer instance for [snownee.jade.util.CommonProxy]
[22:40:45] [Render thread/DEBUG] [ne.ne.fm.ja.FMLModContainer/LOADING]: Creating FMLModContainer instance for [mezz.jei.neoforge.JustEnoughItems]
[22:40:45] [Render thread/DEBUG] [ne.ne.fm.ja.FMLModContainer/LOADING]: Creating FMLModContainer instance for [org.sinytra.fabric.rendering_data_attachment_v1.generated.GeneratedEntryPoint]
[22:40:45] [Render thread/DEBUG] [ne.ne.fm.ja.FMLModContainer/LOADING]: Creating FMLModContainer instance for [net.caffeinemc.mods.sodium.neoforge.SodiumForgeMod]
[22:40:45] [Render thread/DEBUG] [ne.ne.fm.ja.FMLModContainer/LOADING]: Creating FMLModContainer instance for [xaero.lib.XaeroLibNeoForge]
[22:40:45] [Render thread/DEBUG] [ne.ne.fm.ja.FMLModContainer/LOADING]: Creating FMLModContainer instance for [io.github.reserveword.imblocker.IMBlocker]
[22:40:45] [Render thread/DEBUG] [ne.ne.fm.ja.FMLModContainer/LOADING]: Creating FMLModContainer instance for [com.potatost.mod.PotatoST]
[22:40:45] [Render thread/DEBUG] [ne.ne.fm.ja.FMLModContainer/LOADING]: Creating FMLModContainer instance for [xaero.map.WorldMapNeoForge]
[22:40:45] [Render thread/DEBUG] [ne.ne.fm.ja.FMLModContainer/LOADING]: Creating FMLModContainer instance for [net.neoforged.neoforge.common.NeoForgeMod, net.neoforged.neoforge.client.ClientNeoForgeMod]
[22:40:45] [Render thread/DEBUG] [ne.ne.fm.ja.FMLModContainer/LOADING]: Creating FMLModContainer instance for [org.sinytra.fabric.block_view_api.generated.GeneratedEntryPoint]
[22:40:45] [modloading-worker-0/DEBUG] [ne.ne.fm.ja.AutomaticEventSubscriber/LOADING]: Attempting to inject @EventBusSubscriber classes into the eventbus for fabric_api_base
[22:40:45] [modloading-worker-0/DEBUG] [ne.ne.fm.ja.AutomaticEventSubscriber/LOADING]: Attempting to inject @EventBusSubscriber classes into the eventbus for fabric_renderer_api_v1
[22:40:45] [modloading-worker-0/DEBUG] [ne.ne.fm.ja.AutomaticEventSubscriber/LOADING]: Attempting to inject @EventBusSubscriber classes into the eventbus for fabric_rendering_data_attachment_v1
[22:40:45] [modloading-worker-0/DEBUG] [ne.ne.fm.ja.AutomaticEventSubscriber/LOADING]: Attempting to inject @EventBusSubscriber classes into the eventbus for fabric_block_view_api_v2
[22:40:45] [modloading-worker-0/DEBUG] [xa.li.XaeroLib/]: Loaded xaero.lib.platform.services.PlatformHelperNeoForge@344b570f for service interface xaero.lib.platform.services.IPlatformHelper
[22:40:45] [modloading-worker-0/DEBUG] [mixin/]: Mixing MixinRenderTypeAccessor from xaerolib.mixins.json into net.minecraft.client.renderer.RenderType
[22:40:45] [modloading-worker-0/DEBUG] [mixin/]: xaerolib.mixins.json:MixinRenderTypeAccessor from mod xaerolib: Class version 65 required is higher than the class version supported by the current version of Mixin (JAVA_17 supports class version 61)
[22:40:45] [modloading-worker-0/DEBUG] [xa.ma.WorldMap/]: Loaded xaero.map.platform.services.NeoForgePlatformHelper@315c6453 for service interface xaero.map.platform.services.IPlatformHelper
[22:40:45] [modloading-worker-0/WARN] [io.gi.re.im.co.IMBlockerCore/]: [IMBlocker] Class com.enxv.aeronauticsstructuretool.ToolModeScreen not found, ignored.
[22:40:45] [modloading-worker-0/WARN] [io.gi.re.im.co.IMBlockerCore/]: [IMBlocker] Class net.mehvahdjukaar.supplementaries.client.screens.TextHolderEditScreen not found, ignored.
[22:40:45] [modloading-worker-0/WARN] [io.gi.re.im.co.IMBlockerCore/]: [IMBlocker] Class com.simibubi.create.content.equipment.clipboard.ClipboardScreen not found, ignored.
[22:40:45] [modloading-worker-0/WARN] [io.gi.re.im.co.IMBlockerCore/]: [IMBlocker] Class dev.simulated_team.simulated.content.blocks.nameplate.NameplateScreen not found, ignored.
[22:40:45] [modloading-worker-0/WARN] [io.gi.re.im.co.IMBlockerCore/]: [IMBlocker] Class me.desht.pneumaticcraft.client.gui.AphorismTileScreen not found, ignored.
[22:40:45] [modloading-worker-0/INFO] [io.gi.re.im.co.IMBlockerCore/]: [IMBlocker] bakelist screenWhitelist result [class net.minecraft.client.gui.screens.inventory.AbstractSignEditScreen, class net.minecraft.client.gui.screens.inventory.BookEditScreen]
[22:40:45] [modloading-worker-0/WARN] [io.gi.re.im.co.IMBlockerCore/]: [IMBlocker] Class journeymap.client.ui.fullscreen.Fullscreen not found, ignored.
[22:40:45] [modloading-worker-0/WARN] [io.gi.re.im.co.IMBlockerCore/]: [IMBlocker] Class net.pedroksl.advanced_ae.client.gui.QuantumCrafterConfigPatternScreen not found, ignored.
[22:40:45] [modloading-worker-0/INFO] [io.gi.re.im.co.IMBlockerCore/]: [IMBlocker] bakelist charSimulationScreens result []
[22:40:45] [modloading-worker-0/DEBUG] [ne.ne.fm.ja.AutomaticEventSubscriber/LOADING]: Attempting to inject @EventBusSubscriber classes into the eventbus for imblocker
[22:40:45] [modloading-worker-0/DEBUG] [mixin/]: Mixing features.gui.hooks.console.GameRendererMixin from sodium-common.mixins.json into net.minecraft.client.renderer.GameRenderer
[22:40:45] [modloading-worker-0/DEBUG] [ne.ne.fm.co.ConfigTracker/CONFIG]: Config file jei-server.toml for jei tracking
[22:40:45] [modloading-worker-0/DEBUG] [mixin/]: Mixing IMEOverlayRendererV2 from imblocker-neoforge.mixins.json into net.minecraft.client.renderer.GameRenderer
[22:40:45] [modloading-worker-0/DEBUG] [mixin/]: sodium-common.mixins.json:features.gui.hooks.console.GameRendererMixin from mod sodium->@Inject::onRender(Lnet/minecraft/client/DeltaTracker;ZLorg/spongepowered/asm/mixin/injection/callback/CallbackInfo;)V doesn't use it's CallbackInfo
[22:40:45] [modloading-worker-0/DEBUG] [mixin/]: sodium-common.mixins.json:features.gui.hooks.console.GameRendererMixin from mod sodium->@Inject::onRender(Lnet/minecraft/client/DeltaTracker;ZLorg/spongepowered/asm/mixin/injection/callback/CallbackInfo;)V has 0 override(s) in child classes
[22:40:45] [modloading-worker-0/DEBUG] [mixin/]: sodium-common.mixins.json:features.gui.hooks.console.GameRendererMixin from mod sodium->@Inject::onRender(Lnet/minecraft/client/DeltaTracker;ZLorg/spongepowered/asm/mixin/injection/callback/CallbackInfo;)V won't be passed a CallbackInfo as a result
[22:40:45] [modloading-worker-0/DEBUG] [ne.ne.ne.in.ve.ne.NeoForgeVersion/CORE]: Found NeoForge version 21.1.235
[22:40:45] [modloading-worker-0/DEBUG] [ne.ne.ne.in.ve.ne.NeoForgeVersion/CORE]: Found FML version 4.0.42
[22:40:45] [modloading-worker-0/INFO] [ne.ne.ne.co.NeoForgeMod/NEOFORGE-MOD]: NeoForge mod loading, version 21.1.235, for MC 1.21.1
[22:40:45] [modloading-worker-0/DEBUG] [mixin/]: Mixing features.shader.uniform.ShaderInstanceMixin from sodium-common.mixins.json into net.minecraft.client.renderer.ShaderInstance
[22:40:45] [modloading-worker-0/DEBUG] [mixin/]: sodium-common.mixins.json:features.shader.uniform.ShaderInstanceMixin from mod sodium->@Inject::initCache(Lorg/spongepowered/asm/mixin/injection/callback/CallbackInfo;)V doesn't use it's CallbackInfo
[22:40:45] [modloading-worker-0/DEBUG] [mixin/]: sodium-common.mixins.json:features.shader.uniform.ShaderInstanceMixin from mod sodium->@Inject::initCache(Lorg/spongepowered/asm/mixin/injection/callback/CallbackInfo;)V has 0 override(s) in child classes
[22:40:45] [modloading-worker-0/DEBUG] [mixin/]: sodium-common.mixins.json:features.shader.uniform.ShaderInstanceMixin from mod sodium->@Inject::initCache(Lorg/spongepowered/asm/mixin/injection/callback/CallbackInfo;)V won't be passed a CallbackInfo as a result
[22:40:45] [modloading-worker-0/DEBUG] [ne.ne.fm.ja.AutomaticEventSubscriber/LOADING]: Attempting to inject @EventBusSubscriber classes into the eventbus for jade
[22:40:45] [modloading-worker-0/DEBUG] [ne.ne.fm.co.ConfigTracker/CONFIG]: Config file neoforge-client.toml for neoforge tracking
[22:40:45] [modloading-worker-0/DEBUG] [ne.ne.fm.co.ConfigTracker/CONFIG]: Config file neoforge-server.toml for neoforge tracking
[22:40:45] [modloading-worker-0/DEBUG] [ne.ne.fm.co.ConfigTracker/CONFIG]: Config file neoforge-common.toml for neoforge tracking
[22:40:45] [modloading-worker-0/DEBUG] [mixin/]: Mixing client.SpriteAtlasTextureMixin from fabric-renderer-api-v1.mixins.json into net.minecraft.client.renderer.texture.TextureAtlas
[22:40:45] [modloading-worker-0/DEBUG] [mixin/]: Mixing core.render.TextureAtlasMixin from sodium-common.mixins.json into net.minecraft.client.renderer.texture.TextureAtlas
[22:40:45] [modloading-worker-0/DEBUG] [mixin/]: Mixing core.render.texture.TextureAtlasAccessor from sodium-common.mixins.json into net.minecraft.client.renderer.texture.TextureAtlas
[22:40:45] [modloading-worker-0/DEBUG] [mixin/]: Mixing features.textures.animations.tracking.TextureAtlasMixin from sodium-common.mixins.json into net.minecraft.client.renderer.texture.TextureAtlas
[22:40:45] [modloading-worker-0/DEBUG] [mixin/]: fabric-renderer-api-v1.mixins.json:client.SpriteAtlasTextureMixin from mod fabric_renderer_api_v1->@Inject::uploadHook(Lnet/minecraft/client/renderer/texture/SpriteLoader$Preparations;Lorg/spongepowered/asm/mixin/injection/callback/CallbackInfo;)V doesn't use it's CallbackInfo
[22:40:45] [modloading-worker-0/DEBUG] [mixin/]: fabric-renderer-api-v1.mixins.json:client.SpriteAtlasTextureMixin from mod fabric_renderer_api_v1->@Inject::uploadHook(Lnet/minecraft/client/renderer/texture/SpriteLoader$Preparations;Lorg/spongepowered/asm/mixin/injection/callback/CallbackInfo;)V has 0 override(s) in child classes
[22:40:45] [modloading-worker-0/DEBUG] [mixin/]: fabric-renderer-api-v1.mixins.json:client.SpriteAtlasTextureMixin from mod fabric_renderer_api_v1->@Inject::uploadHook(Lnet/minecraft/client/renderer/texture/SpriteLoader$Preparations;Lorg/spongepowered/asm/mixin/injection/callback/CallbackInfo;)V won't be passed a CallbackInfo as a result
[22:40:45] [modloading-worker-0/DEBUG] [mixin/]: sodium-common.mixins.json:core.render.TextureAtlasMixin from mod sodium->@Inject::sodium$deleteSpriteFinder(Lnet/minecraft/client/renderer/texture/SpriteLoader$Preparations;Lorg/spongepowered/asm/mixin/injection/callback/CallbackInfo;)V doesn't use it's CallbackInfo
[22:40:45] [modloading-worker-0/DEBUG] [mixin/]: sodium-common.mixins.json:core.render.TextureAtlasMixin from mod sodium->@Inject::sodium$deleteSpriteFinder(Lnet/minecraft/client/renderer/texture/SpriteLoader$Preparations;Lorg/spongepowered/asm/mixin/injection/callback/CallbackInfo;)V has 0 override(s) in child classes
[22:40:45] [modloading-worker-0/DEBUG] [mixin/]: sodium-common.mixins.json:core.render.TextureAtlasMixin from mod sodium->@Inject::sodium$deleteSpriteFinder(Lnet/minecraft/client/renderer/texture/SpriteLoader$Preparations;Lorg/spongepowered/asm/mixin/injection/callback/CallbackInfo;)V won't be passed a CallbackInfo as a result
[22:40:45] [modloading-worker-0/DEBUG] [mixin/]: sodium-common.mixins.json:features.textures.animations.tracking.TextureAtlasMixin from mod sodium->@Inject::preReturnSprite(Lorg/spongepowered/asm/mixin/injection/callback/CallbackInfoReturnable;)V does use it's CallbackInfoReturnable
[22:40:45] [modloading-worker-0/DEBUG] [mixin/]: Mixing core.render.VertexFormatMixin from sodium-common.mixins.json into com.mojang.blaze3d.vertex.VertexFormat
[22:40:45] [modloading-worker-0/DEBUG] [mixin/]: sodium-common.mixins.json:core.render.VertexFormatMixin from mod sodium->@Inject::afterInit(Ljava/util/List;Ljava/util/List;Lit/unimi/dsi/fastutil/ints/IntList;ILorg/spongepowered/asm/mixin/injection/callback/CallbackInfo;)V doesn't use it's CallbackInfo
[22:40:45] [modloading-worker-0/DEBUG] [mixin/]: sodium-common.mixins.json:core.render.VertexFormatMixin from mod sodium->@Inject::afterInit(Ljava/util/List;Ljava/util/List;Lit/unimi/dsi/fastutil/ints/IntList;ILorg/spongepowered/asm/mixin/injection/callback/CallbackInfo;)V has 0 override(s) in child classes
[22:40:45] [modloading-worker-0/DEBUG] [mixin/]: sodium-common.mixins.json:core.render.VertexFormatMixin from mod sodium->@Inject::afterInit(Ljava/util/List;Ljava/util/List;Lit/unimi/dsi/fastutil/ints/IntList;ILorg/spongepowered/asm/mixin/injection/callback/CallbackInfo;)V won't be passed a CallbackInfo as a result
[22:40:45] [modloading-worker-0/INFO] [xa.ma.WorldMap/]: Registering common data for channel xaeroworldmap:main!
[22:40:45] [modloading-worker-0/DEBUG] [ne.ne.fm.ja.AutomaticEventSubscriber/LOADING]: Attempting to inject @EventBusSubscriber classes into the eventbus for potato_s_t
[22:40:45] [modloading-worker-0/DEBUG] [ne.ne.fm.ja.AutomaticEventSubscriber/LOADING]: Scanning class com.potatost.mod.GasTankExplosionHandler for @SubscribeEvent-annotated methods
[22:40:45] [modloading-worker-0/DEBUG] [ne.ne.fm.ja.AutomaticEventSubscriber/]: Subscribing @EventBusSubscriber class Lcom/potatost/mod/GasTankExplosionHandler; to the game event bus
[22:40:45] [modloading-worker-0/DEBUG] [ne.ne.fm.ja.AutomaticEventSubscriber/LOADING]: Scanning class com.potatost.mod.ModEvents for @SubscribeEvent-annotated methods
[22:40:45] [modloading-worker-0/DEBUG] [ne.ne.fm.ja.AutomaticEventSubscriber/]: Subscribing @EventBusSubscriber class Lcom/potatost/mod/ModEvents; to the game event bus
[22:40:45] [modloading-worker-0/DEBUG] [ne.ne.fm.ja.AutomaticEventSubscriber/LOADING]: Scanning class com.potatost.mod.PotatoSTClient for @SubscribeEvent-annotated methods
[22:40:45] [modloading-worker-0/DEBUG] [me.je.co.pl.Services/]: Loaded mezz.jei.neoforge.platform.PlatformHelper@3ee07fc7 for service interface mezz.jei.common.platform.IPlatformHelper
[22:40:45] [modloading-worker-0/DEBUG] [ne.ne.fm.ja.AutomaticEventSubscriber/]: Subscribing @EventBusSubscriber class Lcom/potatost/mod/PotatoSTClient; to the mod event bus of mod potato_s_t
[22:40:45] [modloading-worker-0/DEBUG] [mixin/]: Mixing features.render.frapi.ItemRendererAccessor from sodium-common.mixins.json into net.minecraft.client.renderer.entity.ItemRenderer
[22:40:45] [modloading-worker-0/DEBUG] [mixin/]: Renaming @Invoker method sodium$hasAnimatedTexture(Lnet/minecraft/world/item/ItemStack;)Z to hasAnimatedTexture$sodium_$md$0a1d8c$0 in sodium-common.mixins.json:features.render.frapi.ItemRendererAccessor from mod sodium
[22:40:45] [modloading-worker-0/DEBUG] [mixin/]: Mixing features.render.frapi.ItemRendererMixin from sodium-common.mixins.json into net.minecraft.client.renderer.entity.ItemRenderer
[22:40:45] [modloading-worker-0/DEBUG] [me.je.co.co.fi.ConfigSerializer/]: Loading config file: E:\PotatoST\run\client\config\jei\jei-debug.ini
[22:40:45] [modloading-worker-0/DEBUG] [mixin/]: Renaming synthetic method lambda$new$0()Lnet/caffeinemc/mods/sodium/client/render/frapi/render/ItemRenderContext; to md0a1d8c$sodium$lambda$new$0$1 in sodium-common.mixins.json:features.render.frapi.ItemRendererMixin from mod sodium
[22:40:45] [modloading-worker-0/DEBUG] [mixin/]: Mixing features.render.model.item.ItemRendererMixin from sodium-common.mixins.json into net.minecraft.client.renderer.entity.ItemRenderer
[22:40:45] [modloading-worker-0/DEBUG] [mixin/]: sodium-common.mixins.json:features.render.frapi.ItemRendererMixin from mod sodium->@Inject::beforeRenderItem(Lnet/minecraft/world/item/ItemStack;Lnet/minecraft/world/item/ItemDisplayContext;ZLcom/mojang/blaze3d/vertex/PoseStack;Lnet/minecraft/client/renderer/MultiBufferSource;IILnet/minecraft/client/resources/model/BakedModel;Lorg/spongepowered/asm/mixin/injection/callback/CallbackInfo;)V does use it's CallbackInfo
[22:40:45] [modloading-worker-0/DEBUG] [me.je.co.co.fi.ConfigSchema/]: Localization has not loaded yet, waiting to save the config file until JEI starts.
[22:40:45] [modloading-worker-0/DEBUG] [me.je.co.co.fi.ConfigSerializer/]: Loading config file: E:\PotatoST\run\client\config\jei\jei-mod-id-format.ini
[22:40:45] [modloading-worker-0/DEBUG] [me.je.co.co.fi.ConfigSchema/]: Localization has not loaded yet, waiting to save the config file until JEI starts.
[22:40:45] [modloading-worker-0/INFO] [xa.ma.WorldMap/]: Registering client data for channel xaeroworldmap:main!
[22:40:45] [modloading-worker-0/DEBUG] [me.je.co.co.fi.ConfigSerializer/]: Loading config file: E:\PotatoST\run\client\config\jei\jei-colors.ini
[22:40:45] [modloading-worker-0/DEBUG] [me.je.co.co.fi.ConfigSchema/]: Localization has not loaded yet, waiting to save the config file until JEI starts.
[22:40:45] [modloading-worker-0/DEBUG] [mixin/]: Mixing core.render.world.LevelRendererMixin from sodium-common.mixins.json into net.minecraft.client.renderer.LevelRenderer
[22:40:45] [modloading-worker-0/DEBUG] [mixin/]: Mixing features.options.weather.LevelRendererMixin from sodium-common.mixins.json into net.minecraft.client.renderer.LevelRenderer
[22:40:45] [modloading-worker-0/DEBUG] [mixin/]: Mixing features.render.gui.outlines.LevelRendererMixin from sodium-common.mixins.json into net.minecraft.client.renderer.LevelRenderer
[22:40:45] [modloading-worker-0/DEBUG] [mixin/]: Mixing features.render.world.clouds.LevelRendererMixin from sodium-common.mixins.json into net.minecraft.client.renderer.LevelRenderer
[22:40:45] [modloading-worker-0/DEBUG] [mixin/]: Mixing features.render.world.sky.LevelRendererMixin from sodium-common.mixins.json into net.minecraft.client.renderer.LevelRenderer
[22:40:45] [modloading-worker-0/DEBUG] [mixin/]: sodium-common.mixins.json:core.render.world.LevelRendererMixin from mod sodium->@Inject::init(Lnet/minecraft/client/Minecraft;Lnet/minecraft/client/renderer/entity/EntityRenderDispatcher;Lnet/minecraft/client/renderer/blockentity/BlockEntityRenderDispatcher;Lnet/minecraft/client/renderer/RenderBuffers;Lorg/spongepowered/asm/mixin/injection/callback/CallbackInfo;)V doesn't use it's CallbackInfo
[22:40:45] [modloading-worker-0/DEBUG] [mixin/]: sodium-common.mixins.json:core.render.world.LevelRendererMixin from mod sodium->@Inject::init(Lnet/minecraft/client/Minecraft;Lnet/minecraft/client/renderer/entity/EntityRenderDispatcher;Lnet/minecraft/client/renderer/blockentity/BlockEntityRenderDispatcher;Lnet/minecraft/client/renderer/RenderBuffers;Lorg/spongepowered/asm/mixin/injection/callback/CallbackInfo;)V has 0 override(s) in child classes
[22:40:45] [modloading-worker-0/DEBUG] [mixin/]: sodium-common.mixins.json:core.render.world.LevelRendererMixin from mod sodium->@Inject::init(Lnet/minecraft/client/Minecraft;Lnet/minecraft/client/renderer/entity/EntityRenderDispatcher;Lnet/minecraft/client/renderer/blockentity/BlockEntityRenderDispatcher;Lnet/minecraft/client/renderer/RenderBuffers;Lorg/spongepowered/asm/mixin/injection/callback/CallbackInfo;)V won't be passed a CallbackInfo as a result
[22:40:45] [modloading-worker-0/DEBUG] [mixin/]: sodium-common.mixins.json:core.render.world.LevelRendererMixin from mod sodium->@Inject::onWorldChanged(Lnet/minecraft/client/multiplayer/ClientLevel;Lorg/spongepowered/asm/mixin/injection/callback/CallbackInfo;)V doesn't use it's CallbackInfo
[22:40:45] [modloading-worker-0/DEBUG] [mixin/]: sodium-common.mixins.json:core.render.world.LevelRendererMixin from mod sodium->@Inject::onWorldChanged(Lnet/minecraft/client/multiplayer/ClientLevel;Lorg/spongepowered/asm/mixin/injection/callback/CallbackInfo;)V has 0 override(s) in child classes
[22:40:45] [modloading-worker-0/DEBUG] [mixin/]: sodium-common.mixins.json:core.render.world.LevelRendererMixin from mod sodium->@Inject::onWorldChanged(Lnet/minecraft/client/multiplayer/ClientLevel;Lorg/spongepowered/asm/mixin/injection/callback/CallbackInfo;)V won't be passed a CallbackInfo as a result
[22:40:45] [modloading-worker-0/DEBUG] [mixin/]: sodium-common.mixins.json:core.render.world.LevelRendererMixin from mod sodium->@Inject::onTerrainUpdateScheduled(Lorg/spongepowered/asm/mixin/injection/callback/CallbackInfo;)V doesn't use it's CallbackInfo
[22:40:45] [modloading-worker-0/DEBUG] [mixin/]: sodium-common.mixins.json:core.render.world.LevelRendererMixin from mod sodium->@Inject::onTerrainUpdateScheduled(Lorg/spongepowered/asm/mixin/injection/callback/CallbackInfo;)V has 0 override(s) in child classes
[22:40:45] [modloading-worker-0/DEBUG] [mixin/]: sodium-common.mixins.json:core.render.world.LevelRendererMixin from mod sodium->@Inject::onTerrainUpdateScheduled(Lorg/spongepowered/asm/mixin/injection/callback/CallbackInfo;)V won't be passed a CallbackInfo as a result
[22:40:45] [modloading-worker-0/DEBUG] [mixin/]: sodium-common.mixins.json:core.render.world.LevelRendererMixin from mod sodium->@Inject::onReload(Lorg/spongepowered/asm/mixin/injection/callback/CallbackInfo;)V doesn't use it's CallbackInfo
[22:40:45] [modloading-worker-0/DEBUG] [mixin/]: sodium-common.mixins.json:core.render.world.LevelRendererMixin from mod sodium->@Inject::onReload(Lorg/spongepowered/asm/mixin/injection/callback/CallbackInfo;)V has 0 override(s) in child classes
[22:40:45] [modloading-worker-0/DEBUG] [mixin/]: sodium-common.mixins.json:core.render.world.LevelRendererMixin from mod sodium->@Inject::onReload(Lorg/spongepowered/asm/mixin/injection/callback/CallbackInfo;)V won't be passed a CallbackInfo as a result
[22:40:45] [modloading-worker-0/DEBUG] [mixin/]: sodium-common.mixins.json:core.render.world.LevelRendererMixin from mod sodium->@Inject::onRenderBlockEntities(Lnet/minecraft/client/DeltaTracker;ZLnet/minecraft/client/Camera;Lnet/minecraft/client/renderer/GameRenderer;Lnet/minecraft/client/renderer/LightTexture;Lorg/joml/Matrix4f;Lorg/joml/Matrix4f;Lorg/spongepowered/asm/mixin/injection/callback/CallbackInfo;)V doesn't use it's CallbackInfo
[22:40:45] [modloading-worker-0/DEBUG] [mixin/]: sodium-common.mixins.json:core.render.world.LevelRendererMixin from mod sodium->@Inject::onRenderBlockEntities(Lnet/minecraft/client/DeltaTracker;ZLnet/minecraft/client/Camera;Lnet/minecraft/client/renderer/GameRenderer;Lnet/minecraft/client/renderer/LightTexture;Lorg/joml/Matrix4f;Lorg/joml/Matrix4f;Lorg/spongepowered/asm/mixin/injection/callback/CallbackInfo;)V has 0 override(s) in child classes
[22:40:45] [modloading-worker-0/DEBUG] [mixin/]: sodium-common.mixins.json:core.render.world.LevelRendererMixin from mod sodium->@Inject::onRenderBlockEntities(Lnet/minecraft/client/DeltaTracker;ZLnet/minecraft/client/Camera;Lnet/minecraft/client/renderer/GameRenderer;Lnet/minecraft/client/renderer/LightTexture;Lorg/joml/Matrix4f;Lorg/joml/Matrix4f;Lorg/spongepowered/asm/mixin/injection/callback/CallbackInfo;)V won't be passed a CallbackInfo as a result
[22:40:45] [modloading-worker-0/DEBUG] [mixin/]: sodium-common.mixins.json:core.render.world.LevelRendererMixin from mod sodium->@Inject::replaceBlockEntityIteration(Ljava/util/function/Consumer;Lorg/spongepowered/asm/mixin/injection/callback/CallbackInfo;)V does use it's CallbackInfo
[22:40:45] [modloading-worker-0/DEBUG] [mixin/]: sodium-common.mixins.json:features.render.gui.outlines.LevelRendererMixin from mod sodium->@Inject::drawBoxFast(Lcom/mojang/blaze3d/vertex/PoseStack;Lcom/mojang/blaze3d/vertex/VertexConsumer;DDDDDDFFFFFFFLorg/spongepowered/asm/mixin/injection/callback/CallbackInfo;)V does use it's CallbackInfo
[22:40:45] [modloading-worker-0/DEBUG] [mixin/]: sodium-common.mixins.json:features.render.world.clouds.LevelRendererMixin from mod sodium->@Inject::renderClouds(Lcom/mojang/blaze3d/vertex/PoseStack;Lorg/joml/Matrix4f;Lorg/joml/Matrix4f;FDDDLorg/spongepowered/asm/mixin/injection/callback/CallbackInfo;)V does use it's CallbackInfo
[22:40:45] [modloading-worker-0/DEBUG] [mixin/]: sodium-common.mixins.json:features.render.world.clouds.LevelRendererMixin from mod sodium->@Inject::onReload(Lnet/minecraft/server/packs/resources/ResourceManager;Lorg/spongepowered/asm/mixin/injection/callback/CallbackInfo;)V doesn't use it's CallbackInfo
[22:40:45] [modloading-worker-0/DEBUG] [mixin/]: sodium-common.mixins.json:features.render.world.clouds.LevelRendererMixin from mod sodium->@Inject::onReload(Lnet/minecraft/server/packs/resources/ResourceManager;Lorg/spongepowered/asm/mixin/injection/callback/CallbackInfo;)V has 0 override(s) in child classes
[22:40:45] [modloading-worker-0/DEBUG] [mixin/]: sodium-common.mixins.json:features.render.world.clouds.LevelRendererMixin from mod sodium->@Inject::onReload(Lnet/minecraft/server/packs/resources/ResourceManager;Lorg/spongepowered/asm/mixin/injection/callback/CallbackInfo;)V won't be passed a CallbackInfo as a result
[22:40:45] [modloading-worker-0/DEBUG] [mixin/]: sodium-common.mixins.json:features.render.world.clouds.LevelRendererMixin from mod sodium->@Inject::onReload(Lorg/spongepowered/asm/mixin/injection/callback/CallbackInfo;)V doesn't use it's CallbackInfo
[22:40:45] [modloading-worker-0/DEBUG] [mixin/]: sodium-common.mixins.json:features.render.world.clouds.LevelRendererMixin from mod sodium->@Inject::onReload(Lorg/spongepowered/asm/mixin/injection/callback/CallbackInfo;)V has 0 override(s) in child classes
[22:40:45] [modloading-worker-0/DEBUG] [mixin/]: sodium-common.mixins.json:features.render.world.clouds.LevelRendererMixin from mod sodium->@Inject::onReload(Lorg/spongepowered/asm/mixin/injection/callback/CallbackInfo;)V won't be passed a CallbackInfo as a result
[22:40:45] [modloading-worker-0/DEBUG] [mixin/]: sodium-common.mixins.json:features.render.world.clouds.LevelRendererMixin from mod sodium->@Inject::onClose(Lorg/spongepowered/asm/mixin/injection/callback/CallbackInfo;)V doesn't use it's CallbackInfo
[22:40:45] [modloading-worker-0/DEBUG] [mixin/]: sodium-common.mixins.json:features.render.world.clouds.LevelRendererMixin from mod sodium->@Inject::onClose(Lorg/spongepowered/asm/mixin/injection/callback/CallbackInfo;)V has 0 override(s) in child classes
[22:40:45] [modloading-worker-0/DEBUG] [mixin/]: sodium-common.mixins.json:features.render.world.clouds.LevelRendererMixin from mod sodium->@Inject::onClose(Lorg/spongepowered/asm/mixin/injection/callback/CallbackInfo;)V won't be passed a CallbackInfo as a result
[22:40:45] [modloading-worker-0/DEBUG] [mixin/]: sodium-common.mixins.json:features.render.world.sky.LevelRendererMixin from mod sodium->@Inject::preRenderSky(Lorg/joml/Matrix4f;Lorg/joml/Matrix4f;FLnet/minecraft/client/Camera;ZLjava/lang/Runnable;Lorg/spongepowered/asm/mixin/injection/callback/CallbackInfo;)V does use it's CallbackInfo
[22:40:45] [modloading-worker-0/DEBUG] [me.je.co.co.fi.ConfigSerializer/]: Loading config file: E:\PotatoST\run\client\config\jei\jei-client.ini
[22:40:45] [modloading-worker-0/DEBUG] [ne.ne.fm.ja.AutomaticEventSubscriber/LOADING]: Attempting to inject @EventBusSubscriber classes into the eventbus for neoforge
[22:40:45] [modloading-worker-0/DEBUG] [ne.ne.fm.ja.AutomaticEventSubscriber/LOADING]: Scanning class net.neoforged.neoforge.server.command.ConfigCommand for @SubscribeEvent-annotated methods
[22:40:45] [modloading-worker-0/DEBUG] [ne.ne.fm.ja.AutomaticEventSubscriber/]: Subscribing @EventBusSubscriber class Lnet/neoforged/neoforge/server/command/ConfigCommand; to the game event bus
[22:40:45] [modloading-worker-0/DEBUG] [ne.ne.fm.ja.AutomaticEventSubscriber/LOADING]: Scanning class net.neoforged.neoforge.network.NetworkInitialization for @SubscribeEvent-annotated methods
[22:40:45] [modloading-worker-0/DEBUG] [me.je.co.co.fi.ConfigSchema/]: Localization has not loaded yet, waiting to save the config file until JEI starts.
[22:40:45] [modloading-worker-0/DEBUG] [ne.ne.fm.ja.AutomaticEventSubscriber/]: Subscribing @EventBusSubscriber class Lnet/neoforged/neoforge/network/NetworkInitialization; to the mod event bus of mod neoforge
[22:40:45] [modloading-worker-0/DEBUG] [ne.ne.fm.ja.AutomaticEventSubscriber/LOADING]: Scanning class net.neoforged.neoforge.network.filters.GenericPacketSplitter for @SubscribeEvent-annotated methods
[22:40:45] [modloading-worker-0/INFO] [me.je.li.lo.PluginCaller/]: Sending ConfigManager...
[22:40:45] [modloading-worker-0/DEBUG] [me.je.li.lo.PluginCallerTimerRunnable/]: Sending ConfigManager: jei:minecraft...
[22:40:45] [modloading-worker-0/DEBUG] [me.je.li.lo.PluginCallerTimerRunnable/]: Sending ConfigManager: jade:main...
[22:40:45] [modloading-worker-0/DEBUG] [me.je.li.lo.PluginCallerTimerRunnable/]: Sending ConfigManager: jei:neoforge_gui...
[22:40:45] [modloading-worker-0/DEBUG] [me.je.li.lo.PluginCallerTimerRunnable/]: Sending ConfigManager: jei:debug...
[22:40:45] [modloading-worker-0/DEBUG] [me.je.li.lo.PluginCallerTimerRunnable/]: Sending ConfigManager: jei:gui...
[22:40:45] [modloading-worker-0/DEBUG] [me.je.li.lo.PluginCallerTimerRunnable/]: Sending ConfigManager: potato_s_t:jei_plugin...
[22:40:45] [modloading-worker-0/DEBUG] [me.je.li.lo.PluginCallerTimerRunnable/]: Sending ConfigManager: jei:internal...
[22:40:45] [modloading-worker-0/INFO] [me.je.li.lo.PluginCaller/]: Sending ConfigManager took 2.871 milliseconds
[22:40:45] [modloading-worker-0/DEBUG] [ne.ne.fm.ja.AutomaticEventSubscriber/LOADING]: Attempting to inject @EventBusSubscriber classes into the eventbus for sodium
[22:40:45] [modloading-worker-0/INFO] [xa.ma.WorldMap/]: Loading primary common config for channel xaeroworldmap:main!
[22:40:45] [modloading-worker-0/DEBUG] [ne.ne.fm.ja.AutomaticEventSubscriber/LOADING]: Attempting to inject @EventBusSubscriber classes into the eventbus for jei
[22:40:45] [modloading-worker-0/DEBUG] [io.ne.bu.AbstractByteBuf/]: -Dio.netty.buffer.checkAccessible: true
[22:40:45] [modloading-worker-0/DEBUG] [io.ne.bu.AbstractByteBuf/]: -Dio.netty.buffer.checkBounds: true
[22:40:45] [modloading-worker-0/DEBUG] [io.ne.ut.ResourceLeakDetectorFactory/]: Loaded default ResourceLeakDetector: io.netty.util.ResourceLeakDetector@3b2be9b9
[22:40:45] [modloading-worker-0/DEBUG] [io.ne.ut.in.InternalThreadLocalMap/]: -Dio.netty.threadLocalMap.stringBuilder.initialSize: 1024
[22:40:45] [modloading-worker-0/DEBUG] [io.ne.ut.in.InternalThreadLocalMap/]: -Dio.netty.threadLocalMap.stringBuilder.maxSize: 4096
[22:40:45] [modloading-worker-0/INFO] [xa.ma.WorldMap/]: Loading server config profiles for channel xaeroworldmap:main!
[22:40:45] [modloading-worker-0/DEBUG] [io.ne.bu.PooledByteBufAllocator/]: -Dio.netty.allocator.numHeapArenas: 24
[22:40:45] [modloading-worker-0/DEBUG] [io.ne.bu.PooledByteBufAllocator/]: -Dio.netty.allocator.numDirectArenas: 24
[22:40:45] [modloading-worker-0/DEBUG] [io.ne.bu.PooledByteBufAllocator/]: -Dio.netty.allocator.pageSize: 8192
[22:40:45] [modloading-worker-0/DEBUG] [io.ne.bu.PooledByteBufAllocator/]: -Dio.netty.allocator.maxOrder: 9
[22:40:45] [modloading-worker-0/DEBUG] [io.ne.bu.PooledByteBufAllocator/]: -Dio.netty.allocator.chunkSize: 4194304
[22:40:45] [modloading-worker-0/DEBUG] [io.ne.bu.PooledByteBufAllocator/]: -Dio.netty.allocator.smallCacheSize: 256
[22:40:45] [modloading-worker-0/DEBUG] [io.ne.bu.PooledByteBufAllocator/]: -Dio.netty.allocator.normalCacheSize: 64
[22:40:45] [modloading-worker-0/DEBUG] [io.ne.bu.PooledByteBufAllocator/]: -Dio.netty.allocator.maxCachedBufferCapacity: 32768
[22:40:45] [modloading-worker-0/DEBUG] [io.ne.bu.PooledByteBufAllocator/]: -Dio.netty.allocator.cacheTrimInterval: 8192
[22:40:45] [modloading-worker-0/DEBUG] [io.ne.bu.PooledByteBufAllocator/]: -Dio.netty.allocator.cacheTrimIntervalMillis: 0
[22:40:45] [modloading-worker-0/DEBUG] [io.ne.bu.PooledByteBufAllocator/]: -Dio.netty.allocator.useCacheForAllThreads: false
[22:40:45] [modloading-worker-0/DEBUG] [io.ne.bu.PooledByteBufAllocator/]: -Dio.netty.allocator.maxCachedByteBuffersPerChunk: 1023
[22:40:45] [modloading-worker-0/DEBUG] [io.ne.bu.ByteBufUtil/]: -Dio.netty.allocator.type: pooled
[22:40:45] [modloading-worker-0/DEBUG] [io.ne.bu.ByteBufUtil/]: -Dio.netty.threadLocalDirectBufferSize: 0
[22:40:45] [modloading-worker-0/DEBUG] [io.ne.bu.ByteBufUtil/]: -Dio.netty.maxThreadLocalCharBufferSize: 16384
[22:40:45] [modloading-worker-0/INFO] [xa.ma.WorldMap/]: Loading primary client config for channel xaeroworldmap:main!
[22:40:45] [modloading-worker-0/DEBUG] [ne.ne.fm.ja.AutomaticEventSubscriber/]: Subscribing @EventBusSubscriber class Lnet/neoforged/neoforge/network/filters/GenericPacketSplitter; to the mod event bus of mod neoforge
[22:40:45] [modloading-worker-0/DEBUG] [ne.ne.fm.ja.AutomaticEventSubscriber/LOADING]: Scanning class net.neoforged.neoforge.network.ConfigurationInitialization for @SubscribeEvent-annotated methods
[22:40:45] [modloading-worker-0/INFO] [xa.ma.WorldMap/]: Loading client config profiles for channel xaeroworldmap:main!
[22:40:45] [modloading-worker-0/DEBUG] [ne.ne.fm.ja.AutomaticEventSubscriber/]: Subscribing @EventBusSubscriber class Lnet/neoforged/neoforge/network/ConfigurationInitialization; to the mod event bus of mod neoforge
[22:40:45] [modloading-worker-0/DEBUG] [ne.ne.fm.ja.AutomaticEventSubscriber/LOADING]: Scanning class net.neoforged.neoforge.common.MonsterRoomHooks for @SubscribeEvent-annotated methods
[22:40:45] [modloading-worker-0/DEBUG] [ne.ne.fm.ja.AutomaticEventSubscriber/]: Subscribing @EventBusSubscriber class Lnet/neoforged/neoforge/common/MonsterRoomHooks; to the game event bus
[22:40:45] [modloading-worker-0/DEBUG] [ne.ne.fm.ja.AutomaticEventSubscriber/LOADING]: Scanning class net.neoforged.neoforge.common.DeferredSpawnEggItem$CommonHandler for @SubscribeEvent-annotated methods
[22:40:45] [modloading-worker-0/DEBUG] [ne.ne.fm.ja.AutomaticEventSubscriber/]: Subscribing @EventBusSubscriber class Lnet/neoforged/neoforge/common/DeferredSpawnEggItem$CommonHandler; to the mod event bus of mod neoforge
[22:40:45] [modloading-worker-0/DEBUG] [ne.ne.fm.ja.AutomaticEventSubscriber/LOADING]: Scanning class net.neoforged.neoforge.common.DeferredSpawnEggItem$ColorRegisterHandler for @SubscribeEvent-annotated methods
[22:40:45] [modloading-worker-0/DEBUG] [ne.ne.fm.ja.AutomaticEventSubscriber/]: Subscribing @EventBusSubscriber class Lnet/neoforged/neoforge/common/DeferredSpawnEggItem$ColorRegisterHandler; to the mod event bus of mod neoforge
[22:40:45] [modloading-worker-0/DEBUG] [ne.ne.fm.ja.AutomaticEventSubscriber/LOADING]: Scanning class net.neoforged.neoforge.client.ParticleBoundsDebugRenderer for @SubscribeEvent-annotated methods
[22:40:45] [modloading-worker-0/DEBUG] [mixin/]: Mixing features.render.immediate.matrix_stack.PoseStackMixin from sodium-common.mixins.json into com.mojang.blaze3d.vertex.PoseStack
[22:40:45] [modloading-worker-0/INFO] [xa.li.XaeroLib/]: Registering common data for channel xaerolib:main!
[22:40:45] [modloading-worker-0/INFO] [xa.li.XaeroLib/]: Registering client data for channel xaerolib:main!
[22:40:45] [modloading-worker-0/INFO] [xa.li.XaeroLib/]: Loading primary common config for channel xaerolib:main!
[22:40:45] [modloading-worker-0/DEBUG] [ne.ne.fm.ja.AutomaticEventSubscriber/]: Subscribing @EventBusSubscriber class Lnet/neoforged/neoforge/client/ParticleBoundsDebugRenderer; to the game event bus
[22:40:45] [modloading-worker-0/DEBUG] [ne.ne.fm.ja.AutomaticEventSubscriber/LOADING]: Scanning class net.neoforged.neoforge.client.model.data.ModelDataManager for @SubscribeEvent-annotated methods
[22:40:45] [modloading-worker-0/DEBUG] [mixin/]: Mixing platform.neoforge.ModelDataMixin from sodium-neoforge.mixins.json into net.neoforged.neoforge.client.model.data.ModelData
[22:40:45] [modloading-worker-0/DEBUG] [ne.ne.fm.ja.AutomaticEventSubscriber/]: Subscribing @EventBusSubscriber class Lnet/neoforged/neoforge/client/model/data/ModelDataManager; to the game event bus
[22:40:45] [modloading-worker-0/DEBUG] [ne.ne.fm.ja.AutomaticEventSubscriber/LOADING]: Scanning class net.neoforged.neoforge.client.ClientHooks$ClientEvents for @SubscribeEvent-annotated methods
[22:40:45] [modloading-worker-0/DEBUG] [ne.ne.fm.ja.AutomaticEventSubscriber/]: Subscribing @EventBusSubscriber class Lnet/neoforged/neoforge/client/ClientHooks$ClientEvents; to the mod event bus of mod neoforge
[22:40:45] [modloading-worker-0/DEBUG] [ne.ne.fm.ja.AutomaticEventSubscriber/LOADING]: Scanning class net.neoforged.neoforge.client.BlockEntityRenderBoundsDebugRenderer for @SubscribeEvent-annotated methods
[22:40:45] [modloading-worker-0/DEBUG] [ne.ne.fm.ja.AutomaticEventSubscriber/]: Subscribing @EventBusSubscriber class Lnet/neoforged/neoforge/client/BlockEntityRenderBoundsDebugRenderer; to the game event bus
[22:40:45] [modloading-worker-0/DEBUG] [ne.ne.fm.ja.AutomaticEventSubscriber/LOADING]: Scanning class net.neoforged.neoforge.attachment.AttachmentSync for @SubscribeEvent-annotated methods
[22:40:45] [modloading-worker-0/DEBUG] [ne.ne.fm.ja.AutomaticEventSubscriber/LOADING]: Attempting to inject @EventBusSubscriber classes into the eventbus for xaeroworldmap
[22:40:45] [modloading-worker-0/DEBUG] [ne.ne.fm.ja.AutomaticEventSubscriber/]: Subscribing @EventBusSubscriber class Lnet/neoforged/neoforge/attachment/AttachmentSync; to the game event bus
[22:40:45] [modloading-worker-0/INFO] [xa.li.XaeroLib/]: Loading server config profiles for channel xaerolib:main!
[22:40:45] [modloading-worker-0/DEBUG] [ne.ne.fm.ja.AutomaticEventSubscriber/LOADING]: Scanning class net.neoforged.neoforge.attachment.AttachmentInternals for @SubscribeEvent-annotated methods
[22:40:45] [modloading-worker-0/DEBUG] [ne.ne.fm.ja.AutomaticEventSubscriber/]: Subscribing @EventBusSubscriber class Lnet/neoforged/neoforge/attachment/AttachmentInternals; to the game event bus
[22:40:45] [modloading-worker-0/INFO] [xa.li.XaeroLib/]: Loading primary client config for channel xaerolib:main!
[22:40:45] [modloading-worker-0/INFO] [xa.li.XaeroLib/]: Loading client config profiles for channel xaerolib:main!
[22:40:45] [modloading-worker-0/DEBUG] [ne.ne.fm.ja.AutomaticEventSubscriber/LOADING]: Attempting to inject @EventBusSubscriber classes into the eventbus for xaerolib
[22:40:45] [modloading-sync-worker/DEBUG] [ne.ne.ne.re.GameData/REGISTRIES]: Unfreezing registries
[22:40:45] [modloading-sync-worker/DEBUG] [mixin/]: Mixing CanItemPerformAbilityAccess from jade.mixins.json into net.neoforged.neoforge.common.loot.CanItemPerformAbility
[22:40:45] [modloading-sync-worker/DEBUG] [mixin/]: jade.mixins.json:CanItemPerformAbilityAccess from mod jade: Class version 65 required is higher than the class version supported by the current version of Mixin (JAVA_16 supports class version 60)
[22:40:45] [modloading-sync-worker/DEBUG] [ne.ne.ne.re.GameData/REGISTRIES]: Freezing registries
[22:40:45] [modloading-sync-worker/DEBUG] [ne.ne.ne.re.GameData/REGISTRIES]: All registries frozen
[22:40:45] [modloading-sync-worker/DEBUG] [ne.ne.fm.co.ConfigTracker/CONFIG]: Loading configs type CLIENT
[22:40:46] [modloading-sync-worker/DEBUG] [ne.ne.ne.co.NeoForgeConfig/FORGEMOD]: Loaded NeoForge config file neoforge-client.toml
[22:40:46] [modloading-sync-worker/DEBUG] [ne.ne.fm.co.ConfigTracker/CONFIG]: Loaded TOML config file E:\PotatoST\run\client\config\neoforge-client.toml
[22:40:46] [modloading-sync-worker/DEBUG] [ne.ne.fm.co.ConfigTracker/CONFIG]: Watching TOML config file E:\PotatoST\run\client\config\neoforge-client.toml for changes
[22:40:46] [modloading-sync-worker/DEBUG] [ne.ne.fm.co.ConfigTracker/CONFIG]: Loading configs type COMMON
[22:40:46] [modloading-sync-worker/DEBUG] [ne.ne.ne.co.NeoForgeConfig/FORGEMOD]: Loaded NeoForge config file neoforge-common.toml
[22:40:46] [modloading-sync-worker/DEBUG] [ne.ne.fm.co.ConfigTracker/CONFIG]: Loaded TOML config file E:\PotatoST\run\client\config\neoforge-common.toml
[22:40:46] [modloading-sync-worker/DEBUG] [ne.ne.fm.co.ConfigTracker/CONFIG]: Watching TOML config file E:\PotatoST\run\client\config\neoforge-common.toml for changes
[22:40:46] [Render thread/DEBUG] [mixin/]: Mixing platform.neoforge.ResourcePackLoaderMixin from sodium-neoforge.mixins.json into net.neoforged.neoforge.resource.ResourcePackLoader
[22:40:46] [Render thread/DEBUG] [mixin/]: Renaming synthetic method lambda$changeSet$0(Ljava/util/Map$Entry;Ljava/util/Map$Entry;)I to md0a1d8c$sodium$lambda$changeSet$0$0 in sodium-neoforge.mixins.json:platform.neoforge.ResourcePackLoaderMixin from mod sodium
[22:40:46] [Render thread/DEBUG] [mixin/]: Mixing features.render.gui.font.BakedGlyphMixin from sodium-common.mixins.json into net.minecraft.client.gui.font.glyphs.BakedGlyph
[22:40:46] [Render thread/DEBUG] [mixin/]: sodium-common.mixins.json:features.render.gui.font.BakedGlyphMixin from mod sodium->@Inject::drawFast(ZFFLorg/joml/Matrix4f;Lcom/mojang/blaze3d/vertex/VertexConsumer;FFFFILorg/spongepowered/asm/mixin/injection/callback/CallbackInfo;)V does use it's CallbackInfo
[22:40:46] [Render thread/DEBUG] [mixin/]: Mixing FontMixin from jade.mixins.json into net.minecraft.client.gui.Font
[22:40:46] [Render thread/DEBUG] [mixin/]: jade.mixins.json:FontMixin from mod jade: Class version 65 required is higher than the class version supported by the current version of Mixin (JAVA_16 supports class version 60)
[22:40:46] [Render thread/DEBUG] [mixin/]: jade.mixins.json:FontMixin from mod jade->@Inject::jade$renderChar(Lnet/minecraft/client/gui/font/glyphs/BakedGlyph;ZZFFFLorg/joml/Matrix4f;Lcom/mojang/blaze3d/vertex/VertexConsumer;FFFFILorg/spongepowered/asm/mixin/injection/callback/CallbackInfo;)V does use it's CallbackInfo
[22:40:46] [Render thread/DEBUG] [mixin/]: Mixing core.model.colors.BlockColorsMixin from sodium-common.mixins.json into net.minecraft.client.color.block.BlockColors
[22:40:46] [Render thread/DEBUG] [mixin/]: sodium-common.mixins.json:core.model.colors.BlockColorsMixin from mod sodium->@Inject::preRegisterColorProvider(Lnet/minecraft/client/color/block/BlockColor;[Lnet/minecraft/world/level/block/Block;Lorg/spongepowered/asm/mixin/injection/callback/CallbackInfo;)V doesn't use it's CallbackInfo
[22:40:46] [Render thread/DEBUG] [mixin/]: sodium-common.mixins.json:core.model.colors.BlockColorsMixin from mod sodium->@Inject::preRegisterColorProvider(Lnet/minecraft/client/color/block/BlockColor;[Lnet/minecraft/world/level/block/Block;Lorg/spongepowered/asm/mixin/injection/callback/CallbackInfo;)V has 0 override(s) in child classes
[22:40:46] [Render thread/DEBUG] [mixin/]: sodium-common.mixins.json:core.model.colors.BlockColorsMixin from mod sodium->@Inject::preRegisterColorProvider(Lnet/minecraft/client/color/block/BlockColor;[Lnet/minecraft/world/level/block/Block;Lorg/spongepowered/asm/mixin/injection/callback/CallbackInfo;)V won't be passed a CallbackInfo as a result
[22:40:46] [Render thread/DEBUG] [mixin/]: Mixing platform.neoforge.ClientHooksMixin from sodium-neoforge.mixins.json into net.neoforged.neoforge.client.ClientHooks
[22:40:46] [Render thread/DEBUG] [mixin/]: Mixing core.model.colors.ItemColorsMixin from sodium-common.mixins.json into net.minecraft.client.color.item.ItemColors
[22:40:46] [Render thread/DEBUG] [mixin/]: sodium-common.mixins.json:core.model.colors.ItemColorsMixin from mod sodium->@Inject::preRegisterColor(Lnet/minecraft/client/color/item/ItemColor;[Lnet/minecraft/world/level/ItemLike;Lorg/spongepowered/asm/mixin/injection/callback/CallbackInfo;)V doesn't use it's CallbackInfo
[22:40:46] [Render thread/DEBUG] [mixin/]: sodium-common.mixins.json:core.model.colors.ItemColorsMixin from mod sodium->@Inject::preRegisterColor(Lnet/minecraft/client/color/item/ItemColor;[Lnet/minecraft/world/level/ItemLike;Lorg/spongepowered/asm/mixin/injection/callback/CallbackInfo;)V has 0 override(s) in child classes
[22:40:46] [Render thread/DEBUG] [mixin/]: sodium-common.mixins.json:core.model.colors.ItemColorsMixin from mod sodium->@Inject::preRegisterColor(Lnet/minecraft/client/color/item/ItemColor;[Lnet/minecraft/world/level/ItemLike;Lorg/spongepowered/asm/mixin/injection/callback/CallbackInfo;)V won't be passed a CallbackInfo as a result
[22:40:46] [Render thread/DEBUG] [mixin/]: Mixing features.render.entity.shadows.EntityRenderDispatcherMixin from sodium-common.mixins.json into net.minecraft.client.renderer.entity.EntityRenderDispatcher
[22:40:46] [Render thread/DEBUG] [mixin/]: sodium-common.mixins.json:features.render.entity.shadows.EntityRenderDispatcherMixin from mod sodium->@Inject::renderShadowPartFast(Lcom/mojang/blaze3d/vertex/PoseStack$Pose;Lcom/mojang/blaze3d/vertex/VertexConsumer;Lnet/minecraft/world/level/chunk/ChunkAccess;Lnet/minecraft/world/level/LevelReader;Lnet/minecraft/core/BlockPos;DDDFFLorg/spongepowered/asm/mixin/injection/callback/CallbackInfo;)V does use it's CallbackInfo
[22:40:46] [Render thread/DEBUG] [mixin/]: Mixing core.render.world.RenderBuffersMixin from sodium-common.mixins.json into net.minecraft.client.renderer.RenderBuffers
[22:40:46] [Render thread/DEBUG] [mixin/]: Mixing client.BakedModelMixin from fabric-renderer-api-v1.mixins.json into net.minecraft.client.resources.model.BakedModel
[22:40:46] [Render thread/DEBUG] [mixin/]: Mixing features.render.frapi.BakedModelMixin from sodium-common.mixins.json into net.minecraft.client.resources.model.BakedModel
[22:40:46] [Render thread/DEBUG] [mixin/]: Mixing features.render.immediate.buffer_builder.sorting.MultiBufferSourceMixin from sodium-common.mixins.json into net.minecraft.client.renderer.MultiBufferSource$BufferSource
[22:40:46] [Render thread/DEBUG] [mixin/]: Mixing features.render.frapi.ModelBlockRendererMixin from sodium-common.mixins.json into net.minecraft.client.renderer.block.ModelBlockRenderer
[22:40:46] [Render thread/DEBUG] [mixin/]: Renaming synthetic method lambda$new$0()Lnet/caffeinemc/mods/sodium/client/render/frapi/render/NonTerrainBlockRenderContext; to md0a1d8c$sodium$lambda$new$0$0 in sodium-common.mixins.json:features.render.frapi.ModelBlockRendererMixin from mod sodium
[22:40:46] [Render thread/DEBUG] [mixin/]: Mixing features.textures.animations.tracking.ModelBlockRendererMixin from sodium-common.mixins.json into net.minecraft.client.renderer.block.ModelBlockRenderer
[22:40:46] [Render thread/DEBUG] [mixin/]: Mixing features.render.model.block.ModelBlockRendererMixin from sodium-neoforge.mixins.json into net.minecraft.client.renderer.block.ModelBlockRenderer
[22:40:46] [Render thread/DEBUG] [mixin/]: sodium-common.mixins.json:features.render.frapi.ModelBlockRendererMixin from mod sodium->@Inject::onRender(Lnet/minecraft/world/level/BlockAndTintGetter;Lnet/minecraft/client/resources/model/BakedModel;Lnet/minecraft/world/level/block/state/BlockState;Lnet/minecraft/core/BlockPos;Lcom/mojang/blaze3d/vertex/PoseStack;Lcom/mojang/blaze3d/vertex/VertexConsumer;ZLnet/minecraft/util/RandomSource;JILorg/spongepowered/asm/mixin/injection/callback/CallbackInfo;)V does use it's CallbackInfo
[22:40:46] [Render thread/DEBUG] [mixin/]: sodium-common.mixins.json:features.textures.animations.tracking.ModelBlockRendererMixin from mod sodium->@Inject::preRenderQuad(Lnet/minecraft/world/level/BlockAndTintGetter;Lnet/minecraft/world/level/block/state/BlockState;Lnet/minecraft/core/BlockPos;Lcom/mojang/blaze3d/vertex/VertexConsumer;Lcom/mojang/blaze3d/vertex/PoseStack$Pose;Lnet/minecraft/client/renderer/block/model/BakedQuad;FFFFIIIIILorg/spongepowered/asm/mixin/injection/callback/CallbackInfo;)V doesn't use it's CallbackInfo
[22:40:46] [Render thread/DEBUG] [mixin/]: sodium-common.mixins.json:features.textures.animations.tracking.ModelBlockRendererMixin from mod sodium->@Inject::preRenderQuad(Lnet/minecraft/world/level/BlockAndTintGetter;Lnet/minecraft/world/level/block/state/BlockState;Lnet/minecraft/core/BlockPos;Lcom/mojang/blaze3d/vertex/VertexConsumer;Lcom/mojang/blaze3d/vertex/PoseStack$Pose;Lnet/minecraft/client/renderer/block/model/BakedQuad;FFFFIIIIILorg/spongepowered/asm/mixin/injection/callback/CallbackInfo;)V has 0 override(s) in child classes
[22:40:46] [Render thread/DEBUG] [mixin/]: sodium-common.mixins.json:features.textures.animations.tracking.ModelBlockRendererMixin from mod sodium->@Inject::preRenderQuad(Lnet/minecraft/world/level/BlockAndTintGetter;Lnet/minecraft/world/level/block/state/BlockState;Lnet/minecraft/core/BlockPos;Lcom/mojang/blaze3d/vertex/VertexConsumer;Lcom/mojang/blaze3d/vertex/PoseStack$Pose;Lnet/minecraft/client/renderer/block/model/BakedQuad;FFFFIIIIILorg/spongepowered/asm/mixin/injection/callback/CallbackInfo;)V won't be passed a CallbackInfo as a result
[22:40:46] [Render thread/DEBUG] [mixin/]: sodium-neoforge.mixins.json:features.render.model.block.ModelBlockRendererMixin from mod sodium->@Inject::renderFast(Lcom/mojang/blaze3d/vertex/PoseStack$Pose;Lcom/mojang/blaze3d/vertex/VertexConsumer;Lnet/minecraft/world/level/block/state/BlockState;Lnet/minecraft/client/resources/model/BakedModel;FFFIILnet/neoforged/neoforge/client/model/data/ModelData;Lnet/minecraft/client/renderer/RenderType;Lorg/spongepowered/asm/mixin/injection/callback/CallbackInfo;)V does use it's CallbackInfo
[22:40:46] [Render thread/DEBUG] [mixin/]: Mixing platform.neoforge.AbstractBlockRenderContextMixin from sodium-neoforge.mixins.json into net.caffeinemc.mods.sodium.client.render.frapi.render.AbstractBlockRenderContext
[22:40:46] [Render thread/DEBUG] [mixin/]: Mixing core.model.TextureAtlasSpriteMixin from sodium-common.mixins.json into net.minecraft.client.renderer.texture.TextureAtlasSprite
[22:40:46] [Render thread/DEBUG] [mixin/]: Mixing features.textures.animations.tracking.TextureAtlasSpriteMixin from sodium-common.mixins.json into net.minecraft.client.renderer.texture.TextureAtlasSprite
[22:40:46] [Render thread/DEBUG] [mixin/]: Mixing features.textures.scan.TextureAtlasSpriteMixin from sodium-common.mixins.json into net.minecraft.client.renderer.texture.TextureAtlasSprite
[22:40:46] [Render thread/DEBUG] [mixin/]: sodium-common.mixins.json:features.textures.animations.tracking.TextureAtlasSpriteMixin from mod sodium->@Inject::markSpriteAsActive(Lorg/spongepowered/asm/mixin/injection/callback/CallbackInfoReturnable;)V doesn't use it's CallbackInfoReturnable
[22:40:46] [Render thread/DEBUG] [mixin/]: sodium-common.mixins.json:features.textures.animations.tracking.TextureAtlasSpriteMixin from mod sodium->@Inject::markSpriteAsActive(Lorg/spongepowered/asm/mixin/injection/callback/CallbackInfoReturnable;)V has 0 override(s) in child classes
[22:40:46] [Render thread/DEBUG] [mixin/]: sodium-common.mixins.json:features.textures.animations.tracking.TextureAtlasSpriteMixin from mod sodium->@Inject::markSpriteAsActive(Lorg/spongepowered/asm/mixin/injection/callback/CallbackInfoReturnable;)V won't be passed a CallbackInfoReturnable as a result
[22:40:46] [Render thread/DEBUG] [mixin/]: Mixing features.textures.animations.tracking.TextureSheetParticleMixin from sodium-common.mixins.json into net.minecraft.client.particle.TextureSheetParticle
[22:40:46] [Render thread/DEBUG] [mixin/]: sodium-common.mixins.json:features.textures.animations.tracking.TextureSheetParticleMixin from mod sodium->@Inject::afterSetSprite(Lnet/minecraft/client/renderer/texture/TextureAtlasSprite;Lorg/spongepowered/asm/mixin/injection/callback/CallbackInfo;)V doesn't use it's CallbackInfo
[22:40:46] [Render thread/DEBUG] [mixin/]: sodium-common.mixins.json:features.textures.animations.tracking.TextureSheetParticleMixin from mod sodium->@Inject::afterSetSprite(Lnet/minecraft/client/renderer/texture/TextureAtlasSprite;Lorg/spongepowered/asm/mixin/injection/callback/CallbackInfo;)V has 0 override(s) in child classes
[22:40:46] [Render thread/DEBUG] [mixin/]: sodium-common.mixins.json:features.textures.animations.tracking.TextureSheetParticleMixin from mod sodium->@Inject::afterSetSprite(Lnet/minecraft/client/renderer/texture/TextureAtlasSprite;Lorg/spongepowered/asm/mixin/injection/callback/CallbackInfo;)V won't be passed a CallbackInfo as a result
[22:40:46] [Render thread/DEBUG] [mixin/]: Mixing features.render.particle.SingleQuadParticleMixin from sodium-common.mixins.json into net.minecraft.client.particle.SingleQuadParticle
[22:40:46] [Render thread/DEBUG] [mixin/]: sodium-common.mixins.json:features.render.particle.SingleQuadParticleMixin from mod sodium->@Inject::render(Lcom/mojang/blaze3d/vertex/VertexConsumer;Lnet/minecraft/client/Camera;FLorg/spongepowered/asm/mixin/injection/callback/CallbackInfo;)V does use it's CallbackInfo
[22:40:46] [Render thread/DEBUG] [mixin/]: sodium-common.mixins.json:features.render.particle.SingleQuadParticleMixin from mod sodium->@Inject::renderRotatedQuad(Lcom/mojang/blaze3d/vertex/VertexConsumer;Lnet/minecraft/client/Camera;Lorg/joml/Quaternionf;FLorg/spongepowered/asm/mixin/injection/callback/CallbackInfo;)V does use it's CallbackInfo
[22:40:46] [Render thread/DEBUG] [mixin/]: Mixing core.render.immediate.consumer.BufferBuilderMixin from sodium-common.mixins.json into com.mojang.blaze3d.vertex.BufferBuilder
[22:40:46] [Render thread/DEBUG] [mixin/]: Mixing features.render.immediate.buffer_builder.intrinsics.BufferBuilderAccessor from sodium-common.mixins.json into com.mojang.blaze3d.vertex.BufferBuilder
[22:40:46] [Render thread/DEBUG] [mixin/]: Mixing features.render.immediate.buffer_builder.sorting.MeshDataAccessor from sodium-common.mixins.json into com.mojang.blaze3d.vertex.MeshData
[22:40:46] [Render thread/DEBUG] [mixin/]: Mixing features.options.overlays.GuiMixin from sodium-common.mixins.json into net.minecraft.client.gui.Gui
[22:40:46] [Render thread/DEBUG] [mixin/]: Mixing DebugHudMixin from fabric-renderer-api-v1.debughud.mixins.json into net.minecraft.client.gui.components.DebugScreenOverlay
[22:40:46] [Render thread/DEBUG] [mixin/]: fabric-renderer-api-v1.debughud.mixins.json:DebugHudMixin from mod fabric_renderer_api_v1: Class version 65 required is higher than the class version supported by the current version of Mixin (JAVA_17 supports class version 61)
[22:40:46] [Render thread/DEBUG] [mixin/]: Mixing features.gui.hooks.debug.DebugScreenOverlayMixin from sodium-common.mixins.json into net.minecraft.client.gui.components.DebugScreenOverlay
[22:40:46] [Render thread/DEBUG] [mixin/]: fabric-renderer-api-v1.debughud.mixins.json:DebugHudMixin from mod fabric_renderer_api_v1->@Inject::getLeftText(Lorg/spongepowered/asm/mixin/injection/callback/CallbackInfoReturnable;)V does use it's CallbackInfoReturnable
[22:40:46] [Render thread/DEBUG] [mixin/]: fabric-renderer-api-v1.debughud.mixins.json:DebugHudMixin from mod fabric_renderer_api_v1->@Inject::getLeftText(Lorg/spongepowered/asm/mixin/injection/callback/CallbackInfoReturnable;)V does use it's CallbackInfoReturnable
[22:40:46] [Render thread/DEBUG] [mixin/]: sodium-common.mixins.json:features.gui.hooks.debug.DebugScreenOverlayMixin from mod sodium->@Inject::sodium$captureFrameDuration(JLorg/spongepowered/asm/mixin/injection/callback/CallbackInfo;)V doesn't use it's CallbackInfo
[22:40:46] [Render thread/DEBUG] [mixin/]: sodium-common.mixins.json:features.gui.hooks.debug.DebugScreenOverlayMixin from mod sodium->@Inject::sodium$captureFrameDuration(JLorg/spongepowered/asm/mixin/injection/callback/CallbackInfo;)V has 0 override(s) in child classes
[22:40:46] [Render thread/DEBUG] [mixin/]: sodium-common.mixins.json:features.gui.hooks.debug.DebugScreenOverlayMixin from mod sodium->@Inject::sodium$captureFrameDuration(JLorg/spongepowered/asm/mixin/injection/callback/CallbackInfo;)V won't be passed a CallbackInfo as a result
[22:40:46] [Render thread/INFO] [ne.ne.ne.ga.GameTestHooks/]: Enabled Gametest Namespaces: [potato_s_t]
[22:40:46] [Render thread/DEBUG] [mixin/]: Mixing features.render.entity.ModelPartMixin from sodium-common.mixins.json into net.minecraft.client.model.geom.ModelPart
[22:40:46] [Render thread/DEBUG] [mixin/]: Mixing MixinChatListener from xaeroworldmap.mixins.json into net.minecraft.client.multiplayer.chat.ChatListener
[22:40:46] [Render thread/DEBUG] [mixin/]: xaeroworldmap.mixins.json:MixinChatListener from mod xaeroworldmap: Class version 65 required is higher than the class version supported by the current version of Mixin (JAVA_17 supports class version 61)
[22:40:46] [Render thread/DEBUG] [mixin/]: xaeroworldmap.mixins.json:MixinChatListener from mod xaeroworldmap->@Inject::onHandleDisguisedChatMessag(Lnet/minecraft/network/chat/Component;Lnet/minecraft/network/chat/ChatType$Bound;Lorg/spongepowered/asm/mixin/injection/callback/CallbackInfo;)V does use it's CallbackInfo
[22:40:46] [Render thread/DEBUG] [mixin/]: xaeroworldmap.mixins.json:MixinChatListener from mod xaeroworldmap->@Inject::onHandleSystemChat(Lnet/minecraft/network/chat/Component;ZLorg/spongepowered/asm/mixin/injection/callback/CallbackInfo;)V does use it's CallbackInfo
[22:40:46] [Render thread/INFO] [minecraft/ReloadableResourceManager]: Reloading ResourceManager: vanilla, mod_resources, mod/sodium, mod/fabric_api_base, mod/fabric_renderer_api_v1, mod/jade, mod/jei, mod/fabric_rendering_data_attachment_v1, mod/xaerolib, mod/imblocker, mod/potato_s_t, mod/xaeroworldmap, mod/neoforge, mod/fabric_block_view_api_v2
[22:40:46] [Worker-Main-1/INFO] [xa.li.XaeroLib/]: Loading XaeroLib common 1/2!
[22:40:46] [Render thread/DEBUG] [mixin/]: Mixing features.gui.hooks.settings.OptionsScreenMixin from sodium-common.mixins.json into net.minecraft.client.gui.screens.options.OptionsScreen
[22:40:46] [Render thread/DEBUG] [mixin/]: sodium-common.mixins.json:features.gui.hooks.settings.OptionsScreenMixin from mod sodium->@Inject::open(Lorg/spongepowered/asm/mixin/injection/callback/CallbackInfoReturnable;)V does use it's CallbackInfoReturnable
[22:40:46] [Render thread/DEBUG] [mixin/]: Mixing platform.neoforge.SimpleBakedModelAccessor from sodium-neoforge.mixins.json into net.minecraft.client.resources.model.SimpleBakedModel
[22:40:46] [Render thread/DEBUG] [mixin/]: Mixing features.textures.SpriteContentsInvoker from sodium-common.mixins.json into net.minecraft.client.renderer.texture.SpriteContents
[22:40:46] [Render thread/DEBUG] [mixin/]: Mixing features.textures.animations.tracking.SpriteContentsMixin from sodium-common.mixins.json into net.minecraft.client.renderer.texture.SpriteContents
[22:40:46] [Render thread/DEBUG] [mixin/]: Mixing features.textures.animations.upload.SpriteContentsAccessor from sodium-common.mixins.json into net.minecraft.client.renderer.texture.SpriteContents
[22:40:46] [Render thread/DEBUG] [mixin/]: Mixing features.textures.mipmaps.SpriteContentsMixin from sodium-common.mixins.json into net.minecraft.client.renderer.texture.SpriteContents
[22:40:46] [Render thread/DEBUG] [mixin/]: Mixing features.textures.scan.SpriteContentsMixin from sodium-common.mixins.json into net.minecraft.client.renderer.texture.SpriteContents
[22:40:46] [Render thread/DEBUG] [mixin/]: Mixing features.textures.animations.tracking.SpriteContentsFrameInfoAccessor from sodium-common.mixins.json into net.minecraft.client.renderer.texture.SpriteContents$FrameInfo
[22:40:46] [Render thread/DEBUG] [mixin/]: Mixing features.textures.animations.upload.SpriteContentsFrameInfoAccessor from sodium-common.mixins.json into net.minecraft.client.renderer.texture.SpriteContents$FrameInfo
[22:40:46] [Render thread/DEBUG] [mixin/]: Unexpected: Registered method getTime()I in net.minecraft.client.renderer.texture.SpriteContents$FrameInfo was not merged
[22:40:46] [Render thread/DEBUG] [ne.ne.fm.DeferredWorkQueue/LOADING]: Dispatching synchronous work for work queue Common setup: 1 jobs
[22:40:46] [Render thread/DEBUG] [ne.ne.fm.DeferredWorkQueue/LOADING]: Synchronous work queue completed in 888.9 ��s
[22:40:46] [Worker-Main-4/INFO] [minecraft/UnihexProvider]: Found unifont_all_no_pua-15.1.05.hex, loading
[22:40:46] [Render thread/DEBUG] [mixin/]: Mixing features.render.world.sky.FogRendererMixin from sodium-common.mixins.json into net.minecraft.client.renderer.FogRenderer
[22:40:46] [Render thread/DEBUG] [mixin/]: Renaming synthetic method lambda$redirectSampleColor$1(Lnet/minecraft/client/multiplayer/ClientLevel;FLnet/minecraft/world/phys/Vec3;)Lnet/minecraft/world/phys/Vec3; to md0a1d8c$sodium$lambda$redirectSampleColor$1$0 in sodium-common.mixins.json:features.render.world.sky.FogRendererMixin from mod sodium
[22:40:46] [Render thread/DEBUG] [mixin/]: Renaming synthetic method lambda$redirectSampleColor$0(Lnet/minecraft/client/multiplayer/ClientLevel;III)I to md0a1d8c$sodium$lambda$redirectSampleColor$0$1 in sodium-common.mixins.json:features.render.world.sky.FogRendererMixin from mod sodium
[22:40:46] [Worker-Main-11/DEBUG] [mixin/]: Mixing features.textures.mipmaps.MipmapGeneratorMixin from sodium-common.mixins.json into net.minecraft.client.renderer.texture.MipmapGenerator
[22:40:47] [Worker-Main-2/DEBUG] [mixin/]: Mixing features.textures.animations.tracking.AnimatedTextureAccessor from sodium-common.mixins.json into net.minecraft.client.renderer.texture.SpriteContents$AnimatedTexture
[22:40:47] [Worker-Main-2/DEBUG] [mixin/]: Mixing features.textures.animations.upload.SpriteContentsAnimatedTextureAccessor from sodium-common.mixins.json into net.minecraft.client.renderer.texture.SpriteContents$AnimatedTexture
[22:40:47] [Worker-Main-2/DEBUG] [mixin/]: Unexpected: Registered method getFrames()Ljava/util/List; in net.minecraft.client.renderer.texture.SpriteContents$AnimatedTexture was not merged
[22:40:47] [Worker-Main-1/INFO] [xa.li.XaeroLib/]: Loading XaeroLib client 1/2!
[22:40:47] [Worker-Main-9/INFO] [xa.ma.WorldMap/]: Loading Xaero's World Map - Stage 1/2
[22:40:47] [Worker-Main-10/INFO] [minecraft/UnihexProvider]: Found unifont_jp_patch-15.1.05.hex, loading
[22:40:48] [Worker-Main-7/DEBUG] [mixin/]: Mixing core.model.quad.BakedQuadMixin from sodium-neoforge.mixins.json into net.minecraft.client.renderer.block.model.BakedQuad
[22:40:48] [Worker-Main-7/DEBUG] [mixin/]: sodium-neoforge.mixins.json:core.model.quad.BakedQuadMixin from mod sodium->@Inject::init([IILnet/minecraft/core/Direction;Lnet/minecraft/client/renderer/texture/TextureAtlasSprite;ZZLorg/spongepowered/asm/mixin/injection/callback/CallbackInfo;)V doesn't use it's CallbackInfo
[22:40:48] [Worker-Main-7/DEBUG] [mixin/]: sodium-neoforge.mixins.json:core.model.quad.BakedQuadMixin from mod sodium->@Inject::init([IILnet/minecraft/core/Direction;Lnet/minecraft/client/renderer/texture/TextureAtlasSprite;ZZLorg/spongepowered/asm/mixin/injection/callback/CallbackInfo;)V has 0 override(s) in child classes
[22:40:48] [Worker-Main-7/DEBUG] [mixin/]: sodium-neoforge.mixins.json:core.model.quad.BakedQuadMixin from mod sodium->@Inject::init([IILnet/minecraft/core/Direction;Lnet/minecraft/client/renderer/texture/TextureAtlasSprite;ZZLorg/spongepowered/asm/mixin/injection/callback/CallbackInfo;)V won't be passed a CallbackInfo as a result
[22:40:48] [Worker-Main-7/DEBUG] [mixin/]: Mixing client.MultipartBakedModelMixin from fabric-renderer-api-v1.mixins.json into net.minecraft.client.resources.model.MultiPartBakedModel
[22:40:48] [Worker-Main-7/DEBUG] [mixin/]: Renaming synthetic method lambda$emitBlockQuads$0(Lnet/minecraft/util/RandomSource;J)Lnet/minecraft/util/RandomSource; to md0a1d8c$fabric_renderer_api_v1$lambda$emitBlockQuads$0$0 in fabric-renderer-api-v1.mixins.json:client.MultipartBakedModelMixin from mod fabric_renderer_api_v1
[22:40:48] [Worker-Main-7/DEBUG] [mixin/]: Mixing features.model.MultiPartBakedModelMixin from sodium-neoforge.mixins.json into net.minecraft.client.resources.model.MultiPartBakedModel
[22:40:48] [Worker-Main-7/DEBUG] [mixin/]: Renaming synthetic method lambda$getRenderTypes$2(I)[Lnet/minecraft/client/resources/model/BakedModel; to md0a1d8c$sodium$lambda$getRenderTypes$2$1 in sodium-neoforge.mixins.json:features.model.MultiPartBakedModelMixin from mod sodium
[22:40:48] [Worker-Main-7/DEBUG] [mixin/]: Renaming synthetic method lambda$getQuads$1(I)[Lnet/minecraft/client/resources/model/BakedModel; to md0a1d8c$sodium$lambda$getQuads$1$2 in sodium-neoforge.mixins.json:features.model.MultiPartBakedModelMixin from mod sodium
[22:40:48] [Worker-Main-7/DEBUG] [mixin/]: Renaming synthetic method lambda$storeClassInfo$0(Lorg/apache/commons/lang3/tuple/Pair;)Z to md0a1d8c$sodium$lambda$storeClassInfo$0$3 in sodium-neoforge.mixins.json:features.model.MultiPartBakedModelMixin from mod sodium
[22:40:48] [Worker-Main-7/DEBUG] [mixin/]: fabric-renderer-api-v1.mixins.json:client.MultipartBakedModelMixin from mod fabric_renderer_api_v1->@Inject::onInit(Ljava/util/List;Lorg/spongepowered/asm/mixin/injection/callback/CallbackInfo;)V doesn't use it's CallbackInfo
[22:40:48] [Worker-Main-7/DEBUG] [mixin/]: fabric-renderer-api-v1.mixins.json:client.MultipartBakedModelMixin from mod fabric_renderer_api_v1->@Inject::onInit(Ljava/util/List;Lorg/spongepowered/asm/mixin/injection/callback/CallbackInfo;)V has 0 override(s) in child classes
[22:40:48] [Worker-Main-7/DEBUG] [mixin/]: fabric-renderer-api-v1.mixins.json:client.MultipartBakedModelMixin from mod fabric_renderer_api_v1->@Inject::onInit(Ljava/util/List;Lorg/spongepowered/asm/mixin/injection/callback/CallbackInfo;)V won't be passed a CallbackInfo as a result
[22:40:48] [Worker-Main-7/DEBUG] [mixin/]: sodium-neoforge.mixins.json:features.model.MultiPartBakedModelMixin from mod sodium->@Inject::storeClassInfo(Ljava/util/List;Lorg/spongepowered/asm/mixin/injection/callback/CallbackInfo;)V doesn't use it's CallbackInfo
[22:40:48] [Worker-Main-7/DEBUG] [mixin/]: sodium-neoforge.mixins.json:features.model.MultiPartBakedModelMixin from mod sodium->@Inject::storeClassInfo(Ljava/util/List;Lorg/spongepowered/asm/mixin/injection/callback/CallbackInfo;)V has 0 override(s) in child classes
[22:40:48] [Worker-Main-7/DEBUG] [mixin/]: sodium-neoforge.mixins.json:features.model.MultiPartBakedModelMixin from mod sodium->@Inject::storeClassInfo(Ljava/util/List;Lorg/spongepowered/asm/mixin/injection/callback/CallbackInfo;)V won't be passed a CallbackInfo as a result
[22:40:48] [Worker-Main-7/DEBUG] [mixin/]: Mixing client.WeightedBakedModelMixin from fabric-renderer-api-v1.mixins.json into net.minecraft.client.resources.model.WeightedBakedModel
[22:40:48] [Worker-Main-7/DEBUG] [mixin/]: Renaming synthetic method lambda$emitItemQuads$1(Ljava/util/function/Supplier;)Lnet/minecraft/util/RandomSource; to md0a1d8c$fabric_renderer_api_v1$lambda$emitItemQuads$1$0 in fabric-renderer-api-v1.mixins.json:client.WeightedBakedModelMixin from mod fabric_renderer_api_v1
[22:40:48] [Worker-Main-7/DEBUG] [mixin/]: Renaming synthetic method lambda$emitBlockQuads$0(Ljava/util/function/Supplier;)Lnet/minecraft/util/RandomSource; to md0a1d8c$fabric_renderer_api_v1$lambda$emitBlockQuads$0$1 in fabric-renderer-api-v1.mixins.json:client.WeightedBakedModelMixin from mod fabric_renderer_api_v1
[22:40:48] [Worker-Main-7/DEBUG] [mixin/]: Mixing features.model.WeightedBakedModelMixin from sodium-neoforge.mixins.json into net.minecraft.client.resources.model.WeightedBakedModel
[22:40:48] [Worker-Main-7/DEBUG] [mixin/]: fabric-renderer-api-v1.mixins.json:client.WeightedBakedModelMixin from mod fabric_renderer_api_v1->@Inject::onInit(Ljava/util/List;Lorg/spongepowered/asm/mixin/injection/callback/CallbackInfo;)V doesn't use it's CallbackInfo
[22:40:48] [Worker-Main-7/DEBUG] [mixin/]: fabric-renderer-api-v1.mixins.json:client.WeightedBakedModelMixin from mod fabric_renderer_api_v1->@Inject::onInit(Ljava/util/List;Lorg/spongepowered/asm/mixin/injection/callback/CallbackInfo;)V has 0 override(s) in child classes
[22:40:48] [Worker-Main-7/DEBUG] [mixin/]: fabric-renderer-api-v1.mixins.json:client.WeightedBakedModelMixin from mod fabric_renderer_api_v1->@Inject::onInit(Ljava/util/List;Lorg/spongepowered/asm/mixin/injection/callback/CallbackInfo;)V won't be passed a CallbackInfo as a result
[22:40:48] [Worker-Main-1/WARN] [xa.li.XaeroLib/]: io exception while checking patreon: Read timed out
[22:40:48] [Render thread/DEBUG] [ne.ne.fm.DeferredWorkQueue/LOADING]: Dispatching synchronous work for work queue Sided setup: 2 jobs
[22:40:48] [Render thread/INFO] [xa.ma.WorldMap/]: Loading Xaero's World Map - Stage 2/2
[22:40:48] [Render thread/INFO] [xa.ma.WorldMap/]: New world map region cache hash code: 1148116179
[22:40:48] [Worker-Main-7/DEBUG] [mixin/]: Mixing platform.neoforge.ChunkRenderTypeSetAccessor from sodium-neoforge.mixins.json into net.neoforged.neoforge.client.ChunkRenderTypeSet
[22:40:48] [Worker-Main-7/DEBUG] [mixin/]: Renaming @Invoker method create(Ljava/util/BitSet;)Lnet/neoforged/neoforge/client/ChunkRenderTypeSet; to create$sodium_$md$0a1d8c$0 in sodium-neoforge.mixins.json:platform.neoforge.ChunkRenderTypeSetAccessor from mod sodium
[22:40:50] [Render thread/INFO] [xa.ma.WorldMap/]: Registered player tracker system: map_synced
[22:40:50] [Render thread/INFO] [xa.ma.WorldMap/]: No Optifine!
[22:40:50] [Render thread/INFO] [xa.ma.WorldMap/]: Xaero's World Map: No Vivecraft!
[22:40:50] [Render thread/WARN] [ne.ne.fm.DeferredWorkQueue/LOADING]: Mod 'xaeroworldmap' took 2.134 s to run a deferred task.
[22:40:50] [Render thread/INFO] [xa.li.XaeroLib/]: Loading XaeroLib common 2/2!
[22:40:50] [Render thread/INFO] [xa.li.XaeroLib/]: Loading XaeroLib client 2/2!
[22:40:50] [Render thread/DEBUG] [ne.ne.fm.DeferredWorkQueue/LOADING]: Synchronous work queue completed in 2.135 s
[22:40:50] [Worker-Main-3/INFO] [sn.ja.Jade/]: Start loading plugin from snownee.jade.addon.vanilla.VanillaPlugin
[22:40:50] [Worker-Main-3/INFO] [sn.ja.Jade/]: Bootstrapped plugin from snownee.jade.addon.vanilla.VanillaPlugin in 38.96 ms
[22:40:50] [Worker-Main-3/INFO] [sn.ja.Jade/]: Loaded plugin from snownee.jade.addon.vanilla.VanillaPlugin in 48.36 ms
[22:40:50] [Worker-Main-3/INFO] [sn.ja.Jade/]: Start loading plugin from snownee.jade.addon.universal.UniversalPlugin
[22:40:50] [Worker-Main-3/INFO] [sn.ja.Jade/]: Bootstrapped plugin from snownee.jade.addon.universal.UniversalPlugin in 5.247 ms
[22:40:50] [Worker-Main-3/INFO] [sn.ja.Jade/]: Loaded plugin from snownee.jade.addon.universal.UniversalPlugin in 5.669 ms
[22:40:50] [Worker-Main-3/INFO] [sn.ja.Jade/]: Start loading plugin from snownee.jade.addon.debug.DebugPlugin
[22:40:50] [Worker-Main-3/INFO] [sn.ja.Jade/]: Bootstrapped plugin from snownee.jade.addon.debug.DebugPlugin in 2.288 ms
[22:40:50] [Worker-Main-3/INFO] [sn.ja.Jade/]: Loaded plugin from snownee.jade.addon.debug.DebugPlugin in 2.646 ms
[22:40:50] [Worker-Main-3/INFO] [sn.ja.Jade/]: Start loading plugin from snownee.jade.addon.core.CorePlugin
[22:40:50] [Worker-Main-3/INFO] [sn.ja.Jade/]: Bootstrapped plugin from snownee.jade.addon.core.CorePlugin in 3.634 ms
[22:40:50] [Worker-Main-3/INFO] [sn.ja.Jade/]: Loaded plugin from snownee.jade.addon.core.CorePlugin in 4.092 ms
[22:40:50] [Worker-Main-3/INFO] [sn.ja.Jade/]: Start loading plugin from snownee.jade.addon.access.AccessibilityPlugin
[22:40:50] [Worker-Main-3/INFO] [sn.ja.Jade/]: Bootstrapped plugin from snownee.jade.addon.access.AccessibilityPlugin in 3.658 ms
[22:40:50] [Worker-Main-3/INFO] [sn.ja.Jade/]: Loaded plugin from snownee.jade.addon.access.AccessibilityPlugin in 4.298 ms
[22:40:50] [Render thread/WARN] [minecraft/SoundEngine]: Missing sound for event: minecraft:item.goat_horn.play
[22:40:50] [Render thread/WARN] [minecraft/SoundEngine]: Missing sound for event: minecraft:entity.goat.screaming.horn_break
[22:40:50] [Render thread/INFO] [mojang/Library]: OpenAL initialized on device OpenAL Soft on ������ (COLORFIRE CF100 PRO)
[22:40:50] [Render thread/INFO] [minecraft/SoundEngine]: Sound engine started
[22:40:50] [Render thread/INFO] [minecraft/TextureAtlas]: Created: 2048x1024x4 minecraft:textures/atlas/blocks.png-atlas
[22:40:50] [Render thread/DEBUG] [mixin/]: Mixing features.textures.animations.tracking.SpriteContentsTickerMixin from sodium-common.mixins.json into net.minecraft.client.renderer.texture.SpriteContents$Ticker
[22:40:50] [Render thread/DEBUG] [mixin/]: Mixing features.textures.animations.upload.SpriteContentsTickerAccessor from sodium-common.mixins.json into net.minecraft.client.renderer.texture.SpriteContents$Ticker
[22:40:51] [Render thread/DEBUG] [mixin/]: sodium-common.mixins.json:features.textures.animations.tracking.SpriteContentsTickerMixin from mod sodium->@Inject::assignParent(Lnet/minecraft/client/renderer/texture/SpriteContents;Lnet/minecraft/client/renderer/texture/SpriteContents$AnimatedTexture;Lnet/minecraft/client/renderer/texture/SpriteContents$InterpolationData;Lorg/spongepowered/asm/mixin/injection/callback/CallbackInfo;)V doesn't use it's CallbackInfo
[22:40:51] [Render thread/DEBUG] [mixin/]: sodium-common.mixins.json:features.textures.animations.tracking.SpriteContentsTickerMixin from mod sodium->@Inject::assignParent(Lnet/minecraft/client/renderer/texture/SpriteContents;Lnet/minecraft/client/renderer/texture/SpriteContents$AnimatedTexture;Lnet/minecraft/client/renderer/texture/SpriteContents$InterpolationData;Lorg/spongepowered/asm/mixin/injection/callback/CallbackInfo;)V has 0 override(s) in child classes
[22:40:51] [Render thread/DEBUG] [mixin/]: sodium-common.mixins.json:features.textures.animations.tracking.SpriteContentsTickerMixin from mod sodium->@Inject::assignParent(Lnet/minecraft/client/renderer/texture/SpriteContents;Lnet/minecraft/client/renderer/texture/SpriteContents$AnimatedTexture;Lnet/minecraft/client/renderer/texture/SpriteContents$InterpolationData;Lorg/spongepowered/asm/mixin/injection/callback/CallbackInfo;)V won't be passed a CallbackInfo as a result
[22:40:51] [Render thread/DEBUG] [mixin/]: sodium-common.mixins.json:features.textures.animations.tracking.SpriteContentsTickerMixin from mod sodium->@Inject::preTick(Lorg/spongepowered/asm/mixin/injection/callback/CallbackInfo;)V does use it's CallbackInfo
[22:40:51] [Render thread/DEBUG] [mixin/]: sodium-common.mixins.json:features.textures.animations.tracking.SpriteContentsTickerMixin from mod sodium->@Inject::postTick(Lorg/spongepowered/asm/mixin/injection/callback/CallbackInfo;)V doesn't use it's CallbackInfo
[22:40:51] [Render thread/DEBUG] [mixin/]: sodium-common.mixins.json:features.textures.animations.tracking.SpriteContentsTickerMixin from mod sodium->@Inject::postTick(Lorg/spongepowered/asm/mixin/injection/callback/CallbackInfo;)V has 0 override(s) in child classes
[22:40:51] [Render thread/DEBUG] [mixin/]: sodium-common.mixins.json:features.textures.animations.tracking.SpriteContentsTickerMixin from mod sodium->@Inject::postTick(Lorg/spongepowered/asm/mixin/injection/callback/CallbackInfo;)V won't be passed a CallbackInfo as a result
[22:40:51] [Render thread/DEBUG] [mixin/]: Mixing features.textures.animations.upload.SpriteContentsInterpolationMixin from sodium-common.mixins.json into net.minecraft.client.renderer.texture.SpriteContents$InterpolationData
[22:40:51] [Render thread/DEBUG] [mixin/]: sodium-common.mixins.json:features.textures.animations.upload.SpriteContentsInterpolationMixin from mod sodium->@Inject::assignParent(Lnet/minecraft/client/renderer/texture/SpriteContents;Lorg/spongepowered/asm/mixin/injection/callback/CallbackInfo;)V doesn't use it's CallbackInfo
[22:40:51] [Render thread/INFO] [minecraft/TextureAtlas]: Created: 256x256x4 minecraft:textures/atlas/signs.png-atlas
[22:40:51] [Render thread/INFO] [minecraft/TextureAtlas]: Created: 512x512x4 minecraft:textures/atlas/shield_patterns.png-atlas
[22:40:51] [Render thread/INFO] [minecraft/TextureAtlas]: Created: 512x512x4 minecraft:textures/atlas/banner_patterns.png-atlas
[22:40:51] [Render thread/INFO] [minecraft/TextureAtlas]: Created: 1024x1024x4 minecraft:textures/atlas/armor_trims.png-atlas
[22:40:51] [Render thread/INFO] [minecraft/TextureAtlas]: Created: 128x64x4 minecraft:textures/atlas/decorated_pot.png-atlas
[22:40:51] [Render thread/INFO] [minecraft/TextureAtlas]: Created: 256x256x4 minecraft:textures/atlas/chest.png-atlas
[22:40:51] [Render thread/INFO] [minecraft/TextureAtlas]: Created: 512x256x4 minecraft:textures/atlas/shulker_boxes.png-atlas
[22:40:51] [Render thread/INFO] [minecraft/TextureAtlas]: Created: 512x256x4 minecraft:textures/atlas/beds.png-atlas
[22:40:51] [Render thread/DEBUG] [mixin/]: Mixing features.render.entity.cull.EntityRendererMixin from sodium-common.mixins.json into net.minecraft.client.renderer.entity.EntityRenderer
[22:40:51] [Render thread/DEBUG] [mixin/]: Mixing features.render.entity.CubeMixin from sodium-common.mixins.json into net.minecraft.client.model.geom.ModelPart$Cube
[22:40:51] [Render thread/DEBUG] [mixin/]: sodium-common.mixins.json:features.render.entity.CubeMixin from mod sodium->@Inject::onCompile(Lcom/mojang/blaze3d/vertex/PoseStack$Pose;Lcom/mojang/blaze3d/vertex/VertexConsumer;IIILorg/spongepowered/asm/mixin/injection/callback/CallbackInfo;)V does use it's CallbackInfo
[22:40:51] [Render thread/INFO] [minecraft/TextureAtlas]: Created: 512x256x0 minecraft:textures/atlas/particles.png-atlas
[22:40:51] [Render thread/INFO] [minecraft/TextureAtlas]: Created: 512x256x0 minecraft:textures/atlas/paintings.png-atlas
[22:40:51] [Render thread/INFO] [minecraft/TextureAtlas]: Created: 256x128x0 minecraft:textures/atlas/mob_effects.png-atlas
[22:40:51] [Render thread/INFO] [minecraft/TextureAtlas]: Created: 64x64x0 minecraft:textures/atlas/map_decorations.png-atlas
[22:40:51] [Render thread/INFO] [minecraft/TextureAtlas]: Created: 1024x512x0 minecraft:textures/atlas/gui.png-atlas
[22:40:51] [Render thread/WARN] [minecraft/ShaderInstance]: Shader rendertype_entity_translucent_emissive could not find sampler named Sampler2 in the specified shader program.
[22:40:51] [Render thread/INFO] [minecraft/TextureAtlas]: Created: 256x256x0 jei:textures/atlas/gui.png-atlas
[22:40:51] [Render thread/INFO] [xa.li.XaeroLib/]: Successfully reloaded the XaeroLib shaders!
[22:40:51] [Render thread/INFO] [ne.ne.ne.cl.en.an.js.AnimationLoader/]: Loaded 0 entity animations
[22:40:53] [Render thread/DEBUG] [mixin/]: Mixing StringRenderOutputMixin from jade.mixins.json into net.minecraft.client.gui.Font$StringRenderOutput
[22:40:53] [Render thread/DEBUG] [mixin/]: jade.mixins.json:StringRenderOutputMixin from mod jade: Class version 65 required is higher than the class version supported by the current version of Mixin (JAVA_16 supports class version 60)
[22:40:53] [Render thread/DEBUG] [mixin/]: jade.mixins.json:StringRenderOutputMixin from mod jade->@Inject::jade$init(Lnet/minecraft/client/gui/Font;Lnet/minecraft/client/renderer/MultiBufferSource;FFIZLorg/joml/Matrix4f;Lnet/minecraft/client/gui/Font$DisplayMode;ILorg/spongepowered/asm/mixin/injection/callback/CallbackInfo;)V doesn't use it's CallbackInfo
[22:40:53] [Render thread/DEBUG] [mixin/]: jade.mixins.json:StringRenderOutputMixin from mod jade->@Inject::jade$init(Lnet/minecraft/client/gui/Font;Lnet/minecraft/client/renderer/MultiBufferSource;FFIZLorg/joml/Matrix4f;Lnet/minecraft/client/gui/Font$DisplayMode;ILorg/spongepowered/asm/mixin/injection/callback/CallbackInfo;)V has 0 override(s) in child classes
[22:40:53] [Render thread/DEBUG] [mixin/]: jade.mixins.json:StringRenderOutputMixin from mod jade->@Inject::jade$init(Lnet/minecraft/client/gui/Font;Lnet/minecraft/client/renderer/MultiBufferSource;FFIZLorg/joml/Matrix4f;Lnet/minecraft/client/gui/Font$DisplayMode;ILorg/spongepowered/asm/mixin/injection/callback/CallbackInfo;)V won't be passed a CallbackInfo as a result
[22:40:53] [Render thread/DEBUG] [mixin/]: jade.mixins.json:StringRenderOutputMixin from mod jade->@Inject::jade$accept(ILnet/minecraft/network/chat/Style;ILorg/spongepowered/asm/mixin/injection/callback/CallbackInfoReturnable;)V does use it's CallbackInfoReturnable
[22:40:57] [Render thread/DEBUG] [mixin/]: Mixing TextFieldMixin from imblocker-neoforge.mixins.json into net.minecraft.client.gui.components.EditBox
[22:40:57] [Render thread/DEBUG] [mixin/]: imblocker-neoforge.mixins.json:TextFieldMixin from mod imblocker->@Inject::focusChanged(ZLorg/spongepowered/asm/mixin/injection/callback/CallbackInfo;)V doesn't use it's CallbackInfo
[22:40:57] [Render thread/DEBUG] [mixin/]: imblocker-neoforge.mixins.json:TextFieldMixin from mod imblocker->@Inject::focusChanged(ZLorg/spongepowered/asm/mixin/injection/callback/CallbackInfo;)V has 0 override(s) in child classes
[22:40:57] [Render thread/DEBUG] [mixin/]: imblocker-neoforge.mixins.json:TextFieldMixin from mod imblocker->@Inject::focusChanged(ZLorg/spongepowered/asm/mixin/injection/callback/CallbackInfo;)V won't be passed a CallbackInfo as a result
[22:40:57] [Render thread/DEBUG] [mixin/]: imblocker-neoforge.mixins.json:TextFieldMixin from mod imblocker->@Inject::visibilityChanged(ZLorg/spongepowered/asm/mixin/injection/callback/CallbackInfo;)V doesn't use it's CallbackInfo
[22:40:57] [Render thread/DEBUG] [mixin/]: imblocker-neoforge.mixins.json:TextFieldMixin from mod imblocker->@Inject::visibilityChanged(ZLorg/spongepowered/asm/mixin/injection/callback/CallbackInfo;)V has 0 override(s) in child classes
[22:40:57] [Render thread/DEBUG] [mixin/]: imblocker-neoforge.mixins.json:TextFieldMixin from mod imblocker->@Inject::visibilityChanged(ZLorg/spongepowered/asm/mixin/injection/callback/CallbackInfo;)V won't be passed a CallbackInfo as a result
[22:40:57] [Render thread/DEBUG] [mixin/]: imblocker-neoforge.mixins.json:TextFieldMixin from mod imblocker->@Inject::checkFocusTracking(CILorg/spongepowered/asm/mixin/injection/callback/CallbackInfoReturnable;)V does use it's CallbackInfoReturnable
[22:40:57] [Render thread/DEBUG] [mixin/]: imblocker-neoforge.mixins.json:TextFieldMixin from mod imblocker->@Inject::onTextChanged(Ljava/lang/String;Lorg/spongepowered/asm/mixin/injection/callback/CallbackInfo;)V doesn't use it's CallbackInfo
[22:40:57] [Render thread/DEBUG] [mixin/]: imblocker-neoforge.mixins.json:TextFieldMixin from mod imblocker->@Inject::onTextChanged(Ljava/lang/String;Lorg/spongepowered/asm/mixin/injection/callback/CallbackInfo;)V has 0 override(s) in child classes
[22:40:57] [Render thread/DEBUG] [mixin/]: imblocker-neoforge.mixins.json:TextFieldMixin from mod imblocker->@Inject::onTextChanged(Ljava/lang/String;Lorg/spongepowered/asm/mixin/injection/callback/CallbackInfo;)V won't be passed a CallbackInfo as a result
[22:40:57] [Render thread/DEBUG] [mixin/]: Mixing MixinLevelStorageAccess from xaeroworldmap.mixins.json into net.minecraft.world.level.storage.LevelStorageSource$LevelStorageAccess
[22:40:57] [Render thread/DEBUG] [mixin/]: xaeroworldmap.mixins.json:MixinLevelStorageAccess from mod xaeroworldmap: Class version 65 required is higher than the class version supported by the current version of Mixin (JAVA_17 supports class version 61)
[22:40:57] [Render thread/DEBUG] [mixin/]: xaeroworldmap.mixins.json:MixinLevelStorageAccess from mod xaeroworldmap->@Inject::onDeleteLevel(Lorg/spongepowered/asm/mixin/injection/callback/CallbackInfo;)V doesn't use it's CallbackInfo
[22:40:57] [Render thread/DEBUG] [mixin/]: xaeroworldmap.mixins.json:MixinLevelStorageAccess from mod xaeroworldmap->@Inject::onDeleteLevel(Lorg/spongepowered/asm/mixin/injection/callback/CallbackInfo;)V has 0 override(s) in child classes
[22:40:57] [Render thread/DEBUG] [mixin/]: xaeroworldmap.mixins.json:MixinLevelStorageAccess from mod xaeroworldmap->@Inject::onDeleteLevel(Lorg/spongepowered/asm/mixin/injection/callback/CallbackInfo;)V won't be passed a CallbackInfo as a result
[22:40:58] [Render thread/INFO] [minecraft/RecipeManager]: Loaded 1299 recipes
[22:40:59] [Render thread/INFO] [minecraft/AdvancementTree]: Loaded 1399 advancements
[22:40:59] [Render thread/DEBUG] [me.je.ne.st.StartEventObserver/]: JEI StartEventObserver received class net.neoforged.neoforge.event.TagsUpdatedEvent too early, ignoring
[22:40:59] [Render thread/INFO] [sn.ja.Jade/]: LootTableMineableCollector took 6.178 ms
[22:40:59] [Render thread/DEBUG] [ne.ne.ne.co.CommonHooks/WP]: Gathered mod list to write to world save �µ�����
[22:40:59] [Render thread/DEBUG] [mixin/]: Mixing MixinPlayerList from xaerolib.mixins.json into net.minecraft.server.players.PlayerList
[22:40:59] [Render thread/DEBUG] [mixin/]: xaerolib.mixins.json:MixinPlayerList from mod xaerolib: Class version 65 required is higher than the class version supported by the current version of Mixin (JAVA_17 supports class version 61)
[22:40:59] [Render thread/DEBUG] [mixin/]: Mixing MixinPlayerList from xaeroworldmap.mixins.json into net.minecraft.server.players.PlayerList
[22:40:59] [Render thread/DEBUG] [mixin/]: xaeroworldmap.mixins.json:MixinPlayerList from mod xaeroworldmap: Class version 65 required is higher than the class version supported by the current version of Mixin (JAVA_17 supports class version 61)
[22:40:59] [Render thread/DEBUG] [mixin/]: xaerolib.mixins.json:MixinPlayerList from mod xaerolib->@Inject::onSendLevelInfo(Lnet/minecraft/server/level/ServerPlayer;Lnet/minecraft/server/level/ServerLevel;Lorg/spongepowered/asm/mixin/injection/callback/CallbackInfo;)V doesn't use it's CallbackInfo
[22:40:59] [Render thread/DEBUG] [mixin/]: xaerolib.mixins.json:MixinPlayerList from mod xaerolib->@Inject::onSendLevelInfo(Lnet/minecraft/server/level/ServerPlayer;Lnet/minecraft/server/level/ServerLevel;Lorg/spongepowered/asm/mixin/injection/callback/CallbackInfo;)V has 0 override(s) in child classes
[22:40:59] [Render thread/DEBUG] [mixin/]: xaerolib.mixins.json:MixinPlayerList from mod xaerolib->@Inject::onSendLevelInfo(Lnet/minecraft/server/level/ServerPlayer;Lnet/minecraft/server/level/ServerLevel;Lorg/spongepowered/asm/mixin/injection/callback/CallbackInfo;)V won't be passed a CallbackInfo as a result
[22:40:59] [Render thread/DEBUG] [mixin/]: xaeroworldmap.mixins.json:MixinPlayerList from mod xaeroworldmap->@Inject::onSendWorldInfo(Lnet/minecraft/server/level/ServerPlayer;Lnet/minecraft/server/level/ServerLevel;Lorg/spongepowered/asm/mixin/injection/callback/CallbackInfo;)V doesn't use it's CallbackInfo
[22:40:59] [Render thread/DEBUG] [mixin/]: xaeroworldmap.mixins.json:MixinPlayerList from mod xaeroworldmap->@Inject::onSendWorldInfo(Lnet/minecraft/server/level/ServerPlayer;Lnet/minecraft/server/level/ServerLevel;Lorg/spongepowered/asm/mixin/injection/callback/CallbackInfo;)V has 0 override(s) in child classes
[22:40:59] [Render thread/DEBUG] [mixin/]: xaeroworldmap.mixins.json:MixinPlayerList from mod xaeroworldmap->@Inject::onSendWorldInfo(Lnet/minecraft/server/level/ServerPlayer;Lnet/minecraft/server/level/ServerLevel;Lorg/spongepowered/asm/mixin/injection/callback/CallbackInfo;)V won't be passed a CallbackInfo as a result
[22:40:59] [Server thread/INFO] [minecraft/IntegratedServer]: Starting integrated minecraft server version 1.21.1
[22:40:59] [Server thread/INFO] [minecraft/MinecraftServer]: Generating keypair
[22:40:59] [Server thread/DEBUG] [ne.ne.fm.co.ConfigTracker/CONFIG]: Loading configs type SERVER
[22:40:59] [Server thread/DEBUG] [ne.ne.fm.co.ConfigTracker/CONFIG]: Loaded TOML config file E:\PotatoST\run\client\config\jei-server.toml
[22:40:59] [Server thread/DEBUG] [ne.ne.fm.co.ConfigTracker/CONFIG]: Watching TOML config file E:\PotatoST\run\client\config\jei-server.toml for changes
[22:40:59] [Server thread/DEBUG] [ne.ne.ne.co.NeoForgeConfig/FORGEMOD]: Loaded NeoForge config file neoforge-server.toml
[22:40:59] [Server thread/DEBUG] [ne.ne.fm.co.ConfigTracker/CONFIG]: Loaded TOML config file E:\PotatoST\run\client\config\neoforge-server.toml
[22:40:59] [Server thread/DEBUG] [ne.ne.fm.co.ConfigTracker/CONFIG]: Watching TOML config file E:\PotatoST\run\client\config\neoforge-server.toml for changes
[22:40:59] [Server thread/DEBUG] [mixin/]: Mixing core.world.chunk.SimpleBitStorageMixin from sodium-common.mixins.json into net.minecraft.util.SimpleBitStorage
[22:40:59] [Server thread/INFO] [minecraft/MinecraftServer]: Preparing start region for dimension minecraft:overworld
[22:40:59] [Server thread/DEBUG] [mixin/]: Mixing core.world.chunk.PalettedContainerMixin from sodium-common.mixins.json into net.minecraft.world.level.chunk.PalettedContainer
[22:40:59] [Server thread/DEBUG] [mixin/]: Mixing core.world.chunk.ZeroBitStorageMixin from sodium-common.mixins.json into net.minecraft.util.ZeroBitStorage
[22:40:59] [progressListener/INFO] [minecraft/LoggerChunkProgressListener]: ׼�����������У�0%
[22:41:00] [Server thread/INFO] [ne.ne.ne.se.pe.PermissionAPI/]: Successfully initialized permission handler neoforge:default_handler
[22:41:00] [progressListener/INFO] [minecraft/LoggerChunkProgressListener]: Time elapsed: 259 ms
[22:41:00] [Server thread/INFO] [minecraft/IntegratedServer]: Changing view distance to 20, from 10
[22:41:00] [Server thread/INFO] [minecraft/IntegratedServer]: Changing simulation distance to 7, from 0
[22:41:00] [Render thread/DEBUG] [io.ne.ch.MultithreadEventLoopGroup/]: -Dio.netty.eventLoopThreads: 24
[22:41:00] [Render thread/DEBUG] [io.ne.ut.co.GlobalEventExecutor/]: -Dio.netty.globalEventExecutor.quietPeriodSeconds: 1
[22:41:00] [Render thread/DEBUG] [io.ne.ch.ni.NioEventLoop/]: -Dio.netty.noKeySetOptimization: false
[22:41:00] [Render thread/DEBUG] [io.ne.ch.ni.NioEventLoop/]: -Dio.netty.selectorAutoRebuildThreshold: 512
[22:41:00] [Render thread/DEBUG] [io.ne.ut.in.PlatformDependent/]: org.jctools-core.MpscChunkedArrayQueue: available
[22:41:00] [Render thread/DEBUG] [io.ne.ch.DefaultChannelId/]: -Dio.netty.processId: 9056 (auto-detected)
[22:41:00] [Render thread/DEBUG] [io.ne.ut.NetUtil/]: -Djava.net.preferIPv4Stack: false
[22:41:00] [Render thread/DEBUG] [io.ne.ut.NetUtil/]: -Djava.net.preferIPv6Addresses: system
[22:41:00] [Render thread/DEBUG] [io.ne.ut.NetUtilInitializations/]: Loopback interface: loopback_0 (Software Loopback Interface 1, 0:0:0:0:0:0:0:1)
[22:41:00] [Render thread/DEBUG] [io.ne.ut.NetUtil/]: Failed to get SOMAXCONN from sysctl and file \proc\sys\net\core\somaxconn. Default: 200
[22:41:00] [Render thread/DEBUG] [io.ne.ch.DefaultChannelId/]: -Dio.netty.machineId: 84:fc:14:ff:fe:3b:96:37 (auto-detected)
[22:41:00] [Render thread/DEBUG] [io.ne.ut.Recycler/]: -Dio.netty.recycler.maxCapacityPerThread: 4096
[22:41:00] [Render thread/DEBUG] [io.ne.ut.Recycler/]: -Dio.netty.recycler.ratio: 8
[22:41:00] [Render thread/DEBUG] [io.ne.ut.Recycler/]: -Dio.netty.recycler.chunkSize: 32
[22:41:00] [Render thread/DEBUG] [io.ne.ut.Recycler/]: -Dio.netty.recycler.blocking: false
[22:41:00] [Render thread/DEBUG] [io.ne.ut.Recycler/]: -Dio.netty.recycler.batchFastThreadLocalOnly: true
[22:41:00] [Netty Server IO #1/DEBUG] [ne.ne.ne.ne.fi.NetworkFilters/]: Injected net.neoforged.neoforge.network.filters.GenericPacketSplitter@170e5add into net.minecraft.network.Connection@a291298
[22:41:00] [Netty Local Client IO #0/DEBUG] [ne.ne.ne.ne.fi.NetworkFilters/]: Injected net.neoforged.neoforge.network.filters.GenericPacketSplitter@49ec2ca0 into net.minecraft.network.Connection@676316e
[22:41:00] [Render thread/DEBUG] [me.je.ne.st.StartEventObserver/]: JEI StartEventObserver received event: class net.neoforged.neoforge.event.TagsUpdatedEvent
[22:41:00] [Render thread/DEBUG] [mixin/]: Mixing MixinChunkDeltaUpdateS2CPacketAccessor from xaeroworldmap.mixins.json into net.minecraft.network.protocol.game.ClientboundSectionBlocksUpdatePacket
[22:41:00] [Render thread/DEBUG] [mixin/]: xaeroworldmap.mixins.json:MixinChunkDeltaUpdateS2CPacketAccessor from mod xaeroworldmap: Class version 65 required is higher than the class version supported by the current version of Mixin (JAVA_17 supports class version 61)
[22:41:00] [Render thread/DEBUG] [mixin/]: Mixing core.world.map.ClientPacketListenerMixin from sodium-common.mixins.json into net.minecraft.client.multiplayer.ClientPacketListener
[22:41:00] [Render thread/DEBUG] [mixin/]: Mixing MixinClientPacketListener from xaerolib.mixins.json into net.minecraft.client.multiplayer.ClientPacketListener
[22:41:00] [Render thread/DEBUG] [mixin/]: xaerolib.mixins.json:MixinClientPacketListener from mod xaerolib: Class version 65 required is higher than the class version supported by the current version of Mixin (JAVA_17 supports class version 61)
[22:41:00] [Render thread/DEBUG] [mixin/]: Mixing MixinClientPlayNetworkHandler from xaeroworldmap.mixins.json into net.minecraft.client.multiplayer.ClientPacketListener
[22:41:00] [Render thread/DEBUG] [mixin/]: xaeroworldmap.mixins.json:MixinClientPlayNetworkHandler from mod xaeroworldmap: Class version 65 required is higher than the class version supported by the current version of Mixin (JAVA_17 supports class version 61)
[22:41:00] [Render thread/DEBUG] [mixin/]: Mixing MixinForgeClientPacketListener from xaeroworldmap.neoforge.mixins.json into net.minecraft.client.multiplayer.ClientPacketListener
[22:41:00] [Render thread/DEBUG] [mixin/]: xaeroworldmap.neoforge.mixins.json:MixinForgeClientPacketListener from mod xaeroworldmap: Class version 65 required is higher than the class version supported by the current version of Mixin (JAVA_17 supports class version 61)
[22:41:00] [Render thread/DEBUG] [mixin/]: sodium-common.mixins.json:core.world.map.ClientPacketListenerMixin from mod sodium->@Inject::onLightDataReceived(IILnet/minecraft/network/protocol/game/ClientboundLightUpdatePacketData;Lorg/spongepowered/asm/mixin/injection/callback/CallbackInfo;)V doesn't use it's CallbackInfo
[22:41:00] [Render thread/DEBUG] [mixin/]: sodium-common.mixins.json:core.world.map.ClientPacketListenerMixin from mod sodium->@Inject::onLightDataReceived(IILnet/minecraft/network/protocol/game/ClientboundLightUpdatePacketData;Lorg/spongepowered/asm/mixin/injection/callback/CallbackInfo;)V has 0 override(s) in child classes
[22:41:00] [Render thread/DEBUG] [mixin/]: sodium-common.mixins.json:core.world.map.ClientPacketListenerMixin from mod sodium->@Inject::onLightDataReceived(IILnet/minecraft/network/protocol/game/ClientboundLightUpdatePacketData;Lorg/spongepowered/asm/mixin/injection/callback/CallbackInfo;)V won't be passed a CallbackInfo as a result
[22:41:00] [Render thread/DEBUG] [mixin/]: sodium-common.mixins.json:core.world.map.ClientPacketListenerMixin from mod sodium->@Inject::onChunkUnloadPacket(Lnet/minecraft/network/protocol/game/ClientboundForgetLevelChunkPacket;Lorg/spongepowered/asm/mixin/injection/callback/CallbackInfo;)V doesn't use it's CallbackInfo
[22:41:00] [Render thread/DEBUG] [mixin/]: sodium-common.mixins.json:core.world.map.ClientPacketListenerMixin from mod sodium->@Inject::onChunkUnloadPacket(Lnet/minecraft/network/protocol/game/ClientboundForgetLevelChunkPacket;Lorg/spongepowered/asm/mixin/injection/callback/CallbackInfo;)V has 0 override(s) in child classes
[22:41:00] [Render thread/DEBUG] [mixin/]: sodium-common.mixins.json:core.world.map.ClientPacketListenerMixin from mod sodium->@Inject::onChunkUnloadPacket(Lnet/minecraft/network/protocol/game/ClientboundForgetLevelChunkPacket;Lorg/spongepowered/asm/mixin/injection/callback/CallbackInfo;)V won't be passed a CallbackInfo as a result
[22:41:00] [Render thread/DEBUG] [mixin/]: xaerolib.mixins.json:MixinClientPacketListener from mod xaerolib->@Inject::onHandleInitializeBorder(Lnet/minecraft/network/protocol/game/ClientboundInitializeBorderPacket;Lorg/spongepowered/asm/mixin/injection/callback/CallbackInfo;)V doesn't use it's CallbackInfo
[22:41:00] [Render thread/DEBUG] [mixin/]: xaerolib.mixins.json:MixinClientPacketListener from mod xaerolib->@Inject::onHandleInitializeBorder(Lnet/minecraft/network/protocol/game/ClientboundInitializeBorderPacket;Lorg/spongepowered/asm/mixin/injection/callback/CallbackInfo;)V has 0 override(s) in child classes
[22:41:00] [Render thread/DEBUG] [mixin/]: xaerolib.mixins.json:MixinClientPacketListener from mod xaerolib->@Inject::onHandleInitializeBorder(Lnet/minecraft/network/protocol/game/ClientboundInitializeBorderPacket;Lorg/spongepowered/asm/mixin/injection/callback/CallbackInfo;)V won't be passed a CallbackInfo as a result
[22:41:00] [Render thread/DEBUG] [mixin/]: xaeroworldmap.mixins.json:MixinClientPlayNetworkHandler from mod xaeroworldmap->@Inject::onOnChunkDeltaUpdate(Lnet/minecraft/network/protocol/game/ClientboundSectionBlocksUpdatePacket;Lorg/spongepowered/asm/mixin/injection/callback/CallbackInfo;)V doesn't use it's CallbackInfo
[22:41:00] [Render thread/DEBUG] [mixin/]: xaeroworldmap.mixins.json:MixinClientPlayNetworkHandler from mod xaeroworldmap->@Inject::onOnChunkDeltaUpdate(Lnet/minecraft/network/protocol/game/ClientboundSectionBlocksUpdatePacket;Lorg/spongepowered/asm/mixin/injection/callback/CallbackInfo;)V has 0 override(s) in child classes
[22:41:00] [Render thread/DEBUG] [mixin/]: xaeroworldmap.mixins.json:MixinClientPlayNetworkHandler from mod xaeroworldmap->@Inject::onOnChunkDeltaUpdate(Lnet/minecraft/network/protocol/game/ClientboundSectionBlocksUpdatePacket;Lorg/spongepowered/asm/mixin/injection/callback/CallbackInfo;)V won't be passed a CallbackInfo as a result
[22:41:00] [Render thread/DEBUG] [mixin/]: xaeroworldmap.mixins.json:MixinClientPlayNetworkHandler from mod xaeroworldmap->@Inject::onOnChunkData(IILnet/minecraft/network/protocol/game/ClientboundLevelChunkPacketData;Lorg/spongepowered/asm/mixin/injection/callback/CallbackInfo;)V doesn't use it's CallbackInfo
[22:41:00] [Render thread/DEBUG] [mixin/]: xaeroworldmap.mixins.json:MixinClientPlayNetworkHandler from mod xaeroworldmap->@Inject::onOnChunkData(IILnet/minecraft/network/protocol/game/ClientboundLevelChunkPacketData;Lorg/spongepowered/asm/mixin/injection/callback/CallbackInfo;)V has 0 override(s) in child classes
[22:41:00] [Render thread/DEBUG] [mixin/]: xaeroworldmap.mixins.json:MixinClientPlayNetworkHandler from mod xaeroworldmap->@Inject::onOnChunkData(IILnet/minecraft/network/protocol/game/ClientboundLevelChunkPacketData;Lorg/spongepowered/asm/mixin/injection/callback/CallbackInfo;)V won't be passed a CallbackInfo as a result
[22:41:00] [Render thread/DEBUG] [mixin/]: xaeroworldmap.mixins.json:MixinClientPlayNetworkHandler from mod xaeroworldmap->@Inject::onHandleLevelChunkWithLight(Lnet/minecraft/network/protocol/game/ClientboundLevelChunkWithLightPacket;Lorg/spongepowered/asm/mixin/injection/callback/CallbackInfo;)V doesn't use it's CallbackInfo
[22:41:00] [Render thread/DEBUG] [mixin/]: xaeroworldmap.mixins.json:MixinClientPlayNetworkHandler from mod xaeroworldmap->@Inject::onHandleLevelChunkWithLight(Lnet/minecraft/network/protocol/game/ClientboundLevelChunkWithLightPacket;Lorg/spongepowered/asm/mixin/injection/callback/CallbackInfo;)V has 0 override(s) in child classes
[22:41:00] [Render thread/DEBUG] [mixin/]: xaeroworldmap.mixins.json:MixinClientPlayNetworkHandler from mod xaeroworldmap->@Inject::onHandleLevelChunkWithLight(Lnet/minecraft/network/protocol/game/ClientboundLevelChunkWithLightPacket;Lorg/spongepowered/asm/mixin/injection/callback/CallbackInfo;)V won't be passed a CallbackInfo as a result
[22:41:00] [Render thread/DEBUG] [mixin/]: xaeroworldmap.mixins.json:MixinClientPlayNetworkHandler from mod xaeroworldmap->@Inject::onHandleLightUpdatePacket(Lnet/minecraft/network/protocol/game/ClientboundLightUpdatePacket;Lorg/spongepowered/asm/mixin/injection/callback/CallbackInfo;)V doesn't use it's CallbackInfo
[22:41:00] [Render thread/DEBUG] [mixin/]: xaeroworldmap.mixins.json:MixinClientPlayNetworkHandler from mod xaeroworldmap->@Inject::onHandleLightUpdatePacket(Lnet/minecraft/network/protocol/game/ClientboundLightUpdatePacket;Lorg/spongepowered/asm/mixin/injection/callback/CallbackInfo;)V has 0 override(s) in child classes
[22:41:00] [Render thread/DEBUG] [mixin/]: xaeroworldmap.mixins.json:MixinClientPlayNetworkHandler from mod xaeroworldmap->@Inject::onHandleLightUpdatePacket(Lnet/minecraft/network/protocol/game/ClientboundLightUpdatePacket;Lorg/spongepowered/asm/mixin/injection/callback/CallbackInfo;)V won't be passed a CallbackInfo as a result
[22:41:00] [Render thread/DEBUG] [mixin/]: xaeroworldmap.mixins.json:MixinClientPlayNetworkHandler from mod xaeroworldmap->@Inject::onQueueLightRemoval(Lnet/minecraft/network/protocol/game/ClientboundForgetLevelChunkPacket;Lorg/spongepowered/asm/mixin/injection/callback/CallbackInfo;)V doesn't use it's CallbackInfo
[22:41:00] [Render thread/DEBUG] [mixin/]: xaeroworldmap.mixins.json:MixinClientPlayNetworkHandler from mod xaeroworldmap->@Inject::onQueueLightRemoval(Lnet/minecraft/network/protocol/game/ClientboundForgetLevelChunkPacket;Lorg/spongepowered/asm/mixin/injection/callback/CallbackInfo;)V has 0 override(s) in child classes
[22:41:00] [Render thread/DEBUG] [mixin/]: xaeroworldmap.mixins.json:MixinClientPlayNetworkHandler from mod xaeroworldmap->@Inject::onQueueLightRemoval(Lnet/minecraft/network/protocol/game/ClientboundForgetLevelChunkPacket;Lorg/spongepowered/asm/mixin/injection/callback/CallbackInfo;)V won't be passed a CallbackInfo as a result
[22:41:00] [Render thread/DEBUG] [mixin/]: xaeroworldmap.mixins.json:MixinClientPlayNetworkHandler from mod xaeroworldmap->@Inject::onOnBlockUpdate(Lnet/minecraft/network/protocol/game/ClientboundBlockUpdatePacket;Lorg/spongepowered/asm/mixin/injection/callback/CallbackInfo;)V doesn't use it's CallbackInfo
[22:41:00] [Render thread/DEBUG] [mixin/]: xaeroworldmap.mixins.json:MixinClientPlayNetworkHandler from mod xaeroworldmap->@Inject::onOnBlockUpdate(Lnet/minecraft/network/protocol/game/ClientboundBlockUpdatePacket;Lorg/spongepowered/asm/mixin/injection/callback/CallbackInfo;)V has 0 override(s) in child classes
[22:41:00] [Render thread/DEBUG] [mixin/]: xaeroworldmap.mixins.json:MixinClientPlayNetworkHandler from mod xaeroworldmap->@Inject::onOnBlockUpdate(Lnet/minecraft/network/protocol/game/ClientboundBlockUpdatePacket;Lorg/spongepowered/asm/mixin/injection/callback/CallbackInfo;)V won't be passed a CallbackInfo as a result
[22:41:00] [Render thread/DEBUG] [mixin/]: xaeroworldmap.mixins.json:MixinClientPlayNetworkHandler from mod xaeroworldmap->@Inject::onOnPlayerSpawnPosition(Lnet/minecraft/network/protocol/game/ClientboundSetDefaultSpawnPositionPacket;Lorg/spongepowered/asm/mixin/injection/callback/CallbackInfo;)V doesn't use it's CallbackInfo
[22:41:00] [Render thread/DEBUG] [mixin/]: xaeroworldmap.mixins.json:MixinClientPlayNetworkHandler from mod xaeroworldmap->@Inject::onOnPlayerSpawnPosition(Lnet/minecraft/network/protocol/game/ClientboundSetDefaultSpawnPositionPacket;Lorg/spongepowered/asm/mixin/injection/callback/CallbackInfo;)V has 0 override(s) in child classes
[22:41:00] [Render thread/DEBUG] [mixin/]: xaeroworldmap.mixins.json:MixinClientPlayNetworkHandler from mod xaeroworldmap->@Inject::onOnPlayerSpawnPosition(Lnet/minecraft/network/protocol/game/ClientboundSetDefaultSpawnPositionPacket;Lorg/spongepowered/asm/mixin/injection/callback/CallbackInfo;)V won't be passed a CallbackInfo as a result
[22:41:00] [Render thread/DEBUG] [mixin/]: xaeroworldmap.mixins.json:MixinClientPlayNetworkHandler from mod xaeroworldmap->@Inject::onCleanup(Lorg/spongepowered/asm/mixin/injection/callback/CallbackInfo;)V doesn't use it's CallbackInfo
[22:41:00] [Render thread/DEBUG] [mixin/]: xaeroworldmap.mixins.json:MixinClientPlayNetworkHandler from mod xaeroworldmap->@Inject::onCleanup(Lorg/spongepowered/asm/mixin/injection/callback/CallbackInfo;)V has 0 override(s) in child classes
[22:41:00] [Render thread/DEBUG] [mixin/]: xaeroworldmap.mixins.json:MixinClientPlayNetworkHandler from mod xaeroworldmap->@Inject::onCleanup(Lorg/spongepowered/asm/mixin/injection/callback/CallbackInfo;)V won't be passed a CallbackInfo as a result
[22:41:00] [Render thread/DEBUG] [mixin/]: xaeroworldmap.neoforge.mixins.json:MixinForgeClientPacketListener from mod xaeroworldmap->@Inject::onOnGameJoin(Lnet/minecraft/network/protocol/game/ClientboundLoginPacket;Lorg/spongepowered/asm/mixin/injection/callback/CallbackInfo;)V doesn't use it's CallbackInfo
[22:41:00] [Render thread/DEBUG] [mixin/]: xaeroworldmap.neoforge.mixins.json:MixinForgeClientPacketListener from mod xaeroworldmap->@Inject::onOnGameJoin(Lnet/minecraft/network/protocol/game/ClientboundLoginPacket;Lorg/spongepowered/asm/mixin/injection/callback/CallbackInfo;)V has 0 override(s) in child classes
[22:41:00] [Render thread/DEBUG] [mixin/]: xaeroworldmap.neoforge.mixins.json:MixinForgeClientPacketListener from mod xaeroworldmap->@Inject::onOnGameJoin(Lnet/minecraft/network/protocol/game/ClientboundLoginPacket;Lorg/spongepowered/asm/mixin/injection/callback/CallbackInfo;)V won't be passed a CallbackInfo as a result
[22:41:00] [Render thread/DEBUG] [mixin/]: Mixing SessionSearchTreesMixin from jade.mixins.json into net.minecraft.client.multiplayer.SessionSearchTrees
[22:41:00] [Render thread/DEBUG] [mixin/]: jade.mixins.json:SessionSearchTreesMixin from mod jade: Class version 65 required is higher than the class version supported by the current version of Mixin (JAVA_16 supports class version 60)
[22:41:00] [Render thread/DEBUG] [mixin/]: jade.mixins.json:SessionSearchTreesMixin from mod jade->@Inject::jade$preGet(Ljava/util/stream/Stream;Lnet/minecraft/world/item/Item$TooltipContext;Lnet/minecraft/world/item/TooltipFlag;Lorg/spongepowered/asm/mixin/injection/callback/CallbackInfoReturnable;)V doesn't use it's CallbackInfoReturnable
[22:41:00] [Netty Server IO #1/DEBUG] [ne.ne.ne.ne.fi.NetworkFilters/]: Injected net.neoforged.neoforge.network.filters.GenericPacketSplitter@7507cb0 into net.minecraft.network.Connection@a291298
[22:41:00] [Server thread/INFO] [minecraft/PlayerList]: Dev[local:E:4a9f2441] logged in with entity id 14 at (-5.60581163955794, -60.0, 5.151910181163572)
[22:41:00] [Server thread/INFO] [minecraft/MinecraftServer]: Dev��������Ϸ
[22:41:01] [Render thread/INFO] [xa.ma.WorldMap/]: Fullscreen map required item set to nothing.
[22:41:01] [Render thread/INFO] [xa.ma.WorldMap/]: New world map session initialized!
[22:41:01] [Render thread/DEBUG] [mixin/]: Mixing core.world.map.ClientChunkCacheMixin from sodium-common.mixins.json into net.minecraft.client.multiplayer.ClientChunkCache
[22:41:01] [Render thread/DEBUG] [mixin/]: sodium-common.mixins.json:core.world.map.ClientChunkCacheMixin from mod sodium->@Inject::onChunkUnloaded(Lnet/minecraft/world/level/ChunkPos;Lorg/spongepowered/asm/mixin/injection/callback/CallbackInfo;)V doesn't use it's CallbackInfo
[22:41:01] [Render thread/DEBUG] [mixin/]: sodium-common.mixins.json:core.world.map.ClientChunkCacheMixin from mod sodium->@Inject::onChunkUnloaded(Lnet/minecraft/world/level/ChunkPos;Lorg/spongepowered/asm/mixin/injection/callback/CallbackInfo;)V has 0 override(s) in child classes
[22:41:01] [Render thread/DEBUG] [mixin/]: sodium-common.mixins.json:core.world.map.ClientChunkCacheMixin from mod sodium->@Inject::onChunkUnloaded(Lnet/minecraft/world/level/ChunkPos;Lorg/spongepowered/asm/mixin/injection/callback/CallbackInfo;)V won't be passed a CallbackInfo as a result
[22:41:01] [Render thread/DEBUG] [mixin/]: sodium-common.mixins.json:core.world.map.ClientChunkCacheMixin from mod sodium->@Inject::onChunkLoaded(IILnet/minecraft/network/FriendlyByteBuf;Lnet/minecraft/nbt/CompoundTag;Ljava/util/function/Consumer;Lorg/spongepowered/asm/mixin/injection/callback/CallbackInfoReturnable;)V doesn't use it's CallbackInfoReturnable
[22:41:01] [Render thread/DEBUG] [mixin/]: sodium-common.mixins.json:core.world.map.ClientChunkCacheMixin from mod sodium->@Inject::onChunkLoaded(IILnet/minecraft/network/FriendlyByteBuf;Lnet/minecraft/nbt/CompoundTag;Ljava/util/function/Consumer;Lorg/spongepowered/asm/mixin/injection/callback/CallbackInfoReturnable;)V has 0 override(s) in child classes
[22:41:01] [Render thread/DEBUG] [mixin/]: sodium-common.mixins.json:core.world.map.ClientChunkCacheMixin from mod sodium->@Inject::onChunkLoaded(IILnet/minecraft/network/FriendlyByteBuf;Lnet/minecraft/nbt/CompoundTag;Ljava/util/function/Consumer;Lorg/spongepowered/asm/mixin/injection/callback/CallbackInfoReturnable;)V won't be passed a CallbackInfoReturnable as a result
[22:41:01] [Render thread/DEBUG] [mixin/]: Mixing features.options.render_layers.ItemBlockRenderTypesMixin from sodium-common.mixins.json into net.minecraft.client.renderer.ItemBlockRenderTypes
[22:41:01] [Render thread/DEBUG] [mixin/]: Mixing features.render.model.ItemBlockRenderTypesMixin from sodium-common.mixins.json into net.minecraft.client.renderer.ItemBlockRenderTypes
[22:41:01] [Render thread/DEBUG] [mixin/]: sodium-common.mixins.json:features.options.render_layers.ItemBlockRenderTypesMixin from mod sodium->@Inject::onSetFancyGraphicsOrBetter(ZLorg/spongepowered/asm/mixin/injection/callback/CallbackInfo;)V doesn't use it's CallbackInfo
[22:41:01] [Render thread/DEBUG] [mixin/]: Mixing platform.neoforge.LevelSliceMixin from sodium-neoforge.mixins.json into net.caffeinemc.mods.sodium.client.world.LevelSlice
[22:41:01] [Render thread/DEBUG] [Sodium/]: Loaded net.caffeinemc.mods.sodium.neoforge.render.FluidRendererImpl$ForgeFactory@14eaec27 for service interface net.caffeinemc.mods.sodium.client.services.FluidRendererFactory
[22:41:01] [Render thread/INFO] [ChunkBuilder/]: Started 6 worker threads
[22:41:01] [Render thread/DEBUG] [mixin/]: Mixing AbstractCommandBlockScreenMixin from imblocker-neoforge.mixins.json into net.minecraft.client.gui.screens.inventory.AbstractCommandBlockEditScreen
[22:41:01] [Render thread/DEBUG] [mixin/]: imblocker-neoforge.mixins.json:AbstractCommandBlockScreenMixin from mod imblocker->@Inject::setCommandInputEnglishState(Lorg/spongepowered/asm/mixin/injection/callback/CallbackInfo;)V doesn't use it's CallbackInfo
[22:41:01] [Render thread/DEBUG] [mixin/]: imblocker-neoforge.mixins.json:AbstractCommandBlockScreenMixin from mod imblocker->@Inject::setCommandInputEnglishState(Lorg/spongepowered/asm/mixin/injection/callback/CallbackInfo;)V has 0 override(s) in child classes
[22:41:01] [Render thread/DEBUG] [mixin/]: imblocker-neoforge.mixins.json:AbstractCommandBlockScreenMixin from mod imblocker->@Inject::setCommandInputEnglishState(Lorg/spongepowered/asm/mixin/injection/callback/CallbackInfo;)V won't be passed a CallbackInfo as a result
[22:41:01] [Render thread/DEBUG] [mixin/]: Mixing core.gui.LevelLoadStatusManagerMixin from sodium-common.mixins.json into net.minecraft.client.multiplayer.LevelLoadStatusManager
[22:41:01] [Render thread/DEBUG] [me.je.ne.st.StartEventObserver/]: JEI StartEventObserver received event: class net.neoforged.neoforge.client.event.RecipesUpdatedEvent
[22:41:01] [Render thread/DEBUG] [me.je.ne.st.StartEventObserver/]: JEI StartEventObserver transitioning state from LISTENING to JEI_STARTED
[22:41:01] [Render thread/INFO] [me.je.co.ut.LoggedTimer/]: Starting JEI...
[22:41:01] [Render thread/INFO] [me.je.li.lo.PluginCaller/]: Registering item subtypes...
[22:41:01] [Render thread/DEBUG] [me.je.li.lo.PluginCallerTimerRunnable/]: Registering item subtypes: jei:minecraft...
[22:41:01] [Render thread/DEBUG] [me.je.li.lo.PluginCallerTimerRunnable/]: Registering item subtypes: jade:main...
[22:41:01] [Render thread/DEBUG] [me.je.li.lo.PluginCallerTimerRunnable/]: Registering item subtypes: jei:neoforge_gui...
[22:41:01] [Render thread/DEBUG] [me.je.li.lo.PluginCallerTimerRunnable/]: Registering item subtypes: jei:debug...
[22:41:01] [Render thread/DEBUG] [me.je.li.lo.PluginCallerTimerRunnable/]: Registering item subtypes: jei:gui...
[22:41:01] [Render thread/DEBUG] [me.je.li.lo.PluginCallerTimerRunnable/]: Registering item subtypes: potato_s_t:jei_plugin...
[22:41:01] [Render thread/DEBUG] [me.je.li.lo.PluginCallerTimerRunnable/]: Registering item subtypes: jei:internal...
[22:41:01] [Render thread/INFO] [me.je.li.lo.PluginCaller/]: Registering item subtypes took 4.688 milliseconds
[22:41:01] [Render thread/INFO] [me.je.li.lo.PluginCaller/]: Registering fluid subtypes...
[22:41:01] [Render thread/DEBUG] [me.je.li.lo.PluginCallerTimerRunnable/]: Registering fluid subtypes: jei:minecraft...
[22:41:01] [Render thread/DEBUG] [me.je.li.lo.PluginCallerTimerRunnable/]: Registering fluid subtypes: jade:main...
[22:41:01] [Render thread/DEBUG] [me.je.li.lo.PluginCallerTimerRunnable/]: Registering fluid subtypes: jei:neoforge_gui...
[22:41:01] [Render thread/DEBUG] [me.je.li.lo.PluginCallerTimerRunnable/]: Registering fluid subtypes: jei:debug...
[22:41:01] [Render thread/DEBUG] [me.je.li.lo.PluginCallerTimerRunnable/]: Registering fluid subtypes: jei:gui...
[22:41:01] [Render thread/DEBUG] [me.je.li.lo.PluginCallerTimerRunnable/]: Registering fluid subtypes: potato_s_t:jei_plugin...
[22:41:01] [Render thread/DEBUG] [me.je.li.lo.PluginCallerTimerRunnable/]: Registering fluid subtypes: jei:internal...
[22:41:01] [Render thread/INFO] [me.je.li.lo.PluginCaller/]: Registering fluid subtypes took 1.823 milliseconds
[22:41:01] [Render thread/INFO] [me.je.li.lo.PluginCaller/]: Registering ingredients...
[22:41:01] [Render thread/DEBUG] [me.je.li.lo.PluginCallerTimerRunnable/]: Registering ingredients: jei:minecraft...
[22:41:01] [Render thread/DEBUG] [me.je.li.pl.va.in.ItemStackListFactory/]: Added  402/ 402 new items from '��������' creative tab's displayItems
[22:41:01] [Render thread/DEBUG] [me.je.li.pl.va.in.ItemStackListFactory/]: Added  198/ 198 new items from 'Ⱦɫ����' creative tab's displayItems
[22:41:01] [Render thread/DEBUG] [me.je.li.pl.va.in.ItemStackListFactory/]: Added  201/ 226 new items from '��Ȼ����' creative tab's displayItems
[22:41:01] [Render thread/DEBUG] [me.je.li.pl.va.in.ItemStackListFactory/]: Added  138/ 225 new items from '���ܷ���' creative tab's displayItems
[22:41:01] [Render thread/DEBUG] [me.je.li.pl.va.in.ItemStackListFactory/]: Added   29/  68 new items from '��ʯ����' creative tab's displayItems
[22:41:01] [Render thread/DEBUG] [me.je.li.pl.va.in.ItemStackListFactory/]: Skipping creative tab: '�ѱ���Ŀ����' because it is type: HOTBAR
[22:41:01] [Render thread/DEBUG] [me.je.li.pl.va.in.ItemStackListFactory/]: Skipping creative tab: '������Ʒ' because it is type: SEARCH
[22:41:01] [Render thread/DEBUG] [me.je.li.pl.va.in.ItemStackListFactory/]: Added  101/ 113 new items from '������ʵ����Ʒ' creative tab's displayItems
[22:41:01] [Render thread/DEBUG] [me.je.li.pl.va.in.ItemStackListFactory/]: Added   92/ 104 new items from 'ս����Ʒ' creative tab's displayItems
[22:41:01] [Render thread/DEBUG] [me.je.li.pl.va.in.ItemStackListFactory/]: Added  190/ 193 new items from 'ʳ������Ʒ' creative tab's displayItems
[22:41:01] [Render thread/DEBUG] [me.je.li.pl.va.in.ItemStackListFactory/]: Added  172/ 186 new items from 'ԭ����' creative tab's displayItems
[22:41:01] [Render thread/DEBUG] [me.je.li.pl.va.in.ItemStackListFactory/]: Added   83/ 269 new items from 'ԭ����' creative tab's searchTabDisplayItems
[22:41:01] [Render thread/DEBUG] [me.je.li.pl.va.in.ItemStackListFactory/]: Added   80/  80 new items from 'ˢ�ֵ�' creative tab's displayItems
[22:41:01] [Render thread/DEBUG] [me.je.li.pl.va.in.ItemStackListFactory/]: Item Group has no display items and no search tab display items. Items from this group will be missing from the JEI ingredient list. ����Ա��Ʒ
[22:41:01] [Render thread/DEBUG] [me.je.li.pl.va.in.ItemStackListFactory/]: Skipping creative tab: '����ģʽ��Ʒ��' because it is type: INVENTORY
[22:41:01] [Render thread/DEBUG] [me.je.li.pl.va.in.ItemStackListFactory/]: Added   55/  55 new items from 'PotatoS&T' creative tab's displayItems
[22:41:01] [Render thread/INFO] [me.je.li.lo.PluginCallerTimerRunnable/]: Registering ingredients: jei:minecraft took 129.6 milliseconds
[22:41:01] [Render thread/DEBUG] [me.je.li.lo.PluginCallerTimerRunnable/]: Registering ingredients: jade:main...
[22:41:01] [Render thread/DEBUG] [me.je.li.lo.PluginCallerTimerRunnable/]: Registering ingredients: jei:neoforge_gui...
[22:41:01] [Render thread/DEBUG] [me.je.li.lo.PluginCallerTimerRunnable/]: Registering ingredients: jei:debug...
[22:41:01] [Render thread/DEBUG] [me.je.li.lo.PluginCallerTimerRunnable/]: Registering ingredients: jei:gui...
[22:41:01] [Render thread/DEBUG] [me.je.li.lo.PluginCallerTimerRunnable/]: Registering ingredients: potato_s_t:jei_plugin...
[22:41:01] [Render thread/DEBUG] [me.je.li.lo.PluginCallerTimerRunnable/]: Registering ingredients: jei:internal...
[22:41:01] [Render thread/INFO] [me.je.li.lo.PluginCaller/]: Registering ingredients took 151.9 milliseconds
[22:41:01] [Render thread/INFO] [me.je.li.lo.PluginCaller/]: Registering extra ingredients...
[22:41:01] [Render thread/DEBUG] [me.je.li.lo.PluginCallerTimerRunnable/]: Registering extra ingredients: jei:minecraft...
[22:41:01] [Render thread/DEBUG] [me.je.li.lo.PluginCallerTimerRunnable/]: Registering extra ingredients: jade:main...
[22:41:01] [Render thread/DEBUG] [me.je.li.lo.PluginCallerTimerRunnable/]: Registering extra ingredients: jei:neoforge_gui...
[22:41:01] [Render thread/DEBUG] [me.je.li.lo.PluginCallerTimerRunnable/]: Registering extra ingredients: jei:debug...
[22:41:01] [Render thread/DEBUG] [me.je.li.lo.PluginCallerTimerRunnable/]: Registering extra ingredients: jei:gui...
[22:41:01] [Render thread/DEBUG] [me.je.li.lo.PluginCallerTimerRunnable/]: Registering extra ingredients: potato_s_t:jei_plugin...
[22:41:01] [Render thread/DEBUG] [me.je.li.lo.PluginCallerTimerRunnable/]: Registering extra ingredients: jei:internal...
[22:41:01] [Render thread/INFO] [me.je.li.lo.PluginCaller/]: Registering extra ingredients took 587.8 microseconds
[22:41:01] [Render thread/INFO] [me.je.li.lo.PluginCaller/]: Registering search ingredient aliases...
[22:41:01] [Render thread/DEBUG] [me.je.li.lo.PluginCallerTimerRunnable/]: Registering search ingredient aliases: jei:minecraft...
[22:41:01] [Render thread/DEBUG] [me.je.li.lo.PluginCallerTimerRunnable/]: Registering search ingredient aliases: jade:main...
[22:41:01] [Render thread/DEBUG] [me.je.li.lo.PluginCallerTimerRunnable/]: Registering search ingredient aliases: jei:neoforge_gui...
[22:41:01] [Render thread/DEBUG] [me.je.li.lo.PluginCallerTimerRunnable/]: Registering search ingredient aliases: jei:debug...
[22:41:01] [Render thread/DEBUG] [me.je.li.lo.PluginCallerTimerRunnable/]: Registering search ingredient aliases: jei:gui...
[22:41:01] [Render thread/DEBUG] [me.je.li.lo.PluginCallerTimerRunnable/]: Registering search ingredient aliases: potato_s_t:jei_plugin...
[22:41:01] [Render thread/DEBUG] [me.je.li.lo.PluginCallerTimerRunnable/]: Registering search ingredient aliases: jei:internal...
[22:41:01] [Render thread/INFO] [me.je.li.lo.PluginCaller/]: Registering search ingredient aliases took 938.9 microseconds
[22:41:01] [Render thread/INFO] [me.je.li.lo.PluginCaller/]: Registering Mod Info...
[22:41:01] [Render thread/DEBUG] [me.je.li.lo.PluginCallerTimerRunnable/]: Registering Mod Info: jei:minecraft...
[22:41:01] [Render thread/DEBUG] [me.je.li.lo.PluginCallerTimerRunnable/]: Registering Mod Info: jade:main...
[22:41:01] [Render thread/DEBUG] [me.je.li.lo.PluginCallerTimerRunnable/]: Registering Mod Info: jei:neoforge_gui...
[22:41:01] [Render thread/DEBUG] [me.je.li.lo.PluginCallerTimerRunnable/]: Registering Mod Info: jei:debug...
[22:41:01] [Render thread/DEBUG] [me.je.li.lo.PluginCallerTimerRunnable/]: Registering Mod Info: jei:gui...
[22:41:01] [Render thread/DEBUG] [me.je.li.lo.PluginCallerTimerRunnable/]: Registering Mod Info: potato_s_t:jei_plugin...
[22:41:01] [Render thread/DEBUG] [me.je.li.lo.PluginCallerTimerRunnable/]: Registering Mod Info: jei:internal...
[22:41:01] [Render thread/INFO] [me.je.li.lo.PluginCaller/]: Registering Mod Info took 912.7 microseconds
[22:41:01] [Render thread/INFO] [me.je.li.lo.PluginCaller/]: Registering categories...
[22:41:01] [Render thread/DEBUG] [me.je.li.lo.PluginCallerTimerRunnable/]: Registering categories: jei:minecraft...
[22:41:01] [Render thread/INFO] [me.je.li.lo.PluginCallerTimerRunnable/]: Registering categories: jei:minecraft took 11.83 milliseconds
[22:41:01] [Render thread/DEBUG] [me.je.li.lo.PluginCallerTimerRunnable/]: Registering categories: jade:main...
[22:41:01] [Render thread/DEBUG] [me.je.li.lo.PluginCallerTimerRunnable/]: Registering categories: jei:neoforge_gui...
[22:41:01] [Render thread/DEBUG] [me.je.li.lo.PluginCallerTimerRunnable/]: Registering categories: jei:debug...
[22:41:01] [Render thread/DEBUG] [me.je.li.lo.PluginCallerTimerRunnable/]: Registering categories: jei:gui...
[22:41:01] [Render thread/DEBUG] [me.je.li.lo.PluginCallerTimerRunnable/]: Registering categories: potato_s_t:jei_plugin...
[22:41:01] [Render thread/INFO] [co.po.mo.cl.je.PotatoSTJeiPlugin/]: [potato_s_t] JEI category micro_crusher: 16 recipes, worst case in=6item/0fluid out=1item/0fluid info=3 lines
[22:41:01] [Render thread/INFO] [co.po.mo.cl.je.PotatoSTJeiPlugin/]: [potato_s_t] JEI category electrolyzer: 2 recipes, worst case in=1item/1fluid out=0item/2fluid info=3 lines
[22:41:01] [Render thread/INFO] [co.po.mo.cl.je.PotatoSTJeiPlugin/]: [potato_s_t] JEI category salt_dryer: 2 recipes, worst case in=0item/0fluid out=1item/0fluid info=2 lines
[22:41:01] [Render thread/INFO] [co.po.mo.cl.je.PotatoSTJeiPlugin/]: [potato_s_t] JEI category filling_machine: 3 recipes, worst case in=1item/1fluid out=1item/0fluid info=2 lines
[22:41:01] [Render thread/INFO] [co.po.mo.cl.je.PotatoSTJeiPlugin/]: [potato_s_t] JEI: registered 4 machine recipe categories [micro_crusher, electrolyzer, salt_dryer, filling_machine]
[22:41:01] [Render thread/INFO] [me.je.li.lo.PluginCallerTimerRunnable/]: Registering categories: potato_s_t:jei_plugin took 11.20 milliseconds
[22:41:01] [Render thread/DEBUG] [me.je.li.lo.PluginCallerTimerRunnable/]: Registering categories: jei:internal...
[22:41:01] [Render thread/INFO] [me.je.li.lo.PluginCaller/]: Registering categories took 28.46 milliseconds
[22:41:01] [Render thread/INFO] [me.je.li.lo.PluginCaller/]: Registering vanilla category extensions...
[22:41:01] [Render thread/DEBUG] [me.je.li.lo.PluginCallerTimerRunnable/]: Registering vanilla category extensions: jei:minecraft...
[22:41:01] [Render thread/DEBUG] [me.je.li.lo.PluginCallerTimerRunnable/]: Registering vanilla category extensions: jade:main...
[22:41:01] [Render thread/DEBUG] [me.je.li.lo.PluginCallerTimerRunnable/]: Registering vanilla category extensions: jei:neoforge_gui...
[22:41:01] [Render thread/DEBUG] [me.je.li.lo.PluginCallerTimerRunnable/]: Registering vanilla category extensions: jei:debug...
[22:41:01] [Render thread/DEBUG] [me.je.li.lo.PluginCallerTimerRunnable/]: Registering vanilla category extensions: jei:gui...
[22:41:01] [Render thread/DEBUG] [me.je.li.lo.PluginCallerTimerRunnable/]: Registering vanilla category extensions: potato_s_t:jei_plugin...
[22:41:01] [Render thread/DEBUG] [me.je.li.lo.PluginCallerTimerRunnable/]: Registering vanilla category extensions: jei:internal...
[22:41:01] [Render thread/INFO] [me.je.li.lo.PluginCaller/]: Registering vanilla category extensions took 2.806 milliseconds
[22:41:01] [Render thread/INFO] [me.je.li.lo.PluginCaller/]: Registering recipe catalysts...
[22:41:01] [Render thread/DEBUG] [me.je.li.lo.PluginCallerTimerRunnable/]: Registering recipe catalysts: jei:minecraft...
[22:41:01] [Render thread/DEBUG] [me.je.li.lo.PluginCallerTimerRunnable/]: Registering recipe catalysts: jade:main...
[22:41:01] [Render thread/DEBUG] [me.je.li.lo.PluginCallerTimerRunnable/]: Registering recipe catalysts: jei:neoforge_gui...
[22:41:01] [Render thread/DEBUG] [me.je.li.lo.PluginCallerTimerRunnable/]: Registering recipe catalysts: jei:debug...
[22:41:01] [Render thread/DEBUG] [me.je.li.lo.PluginCallerTimerRunnable/]: Registering recipe catalysts: jei:gui...
[22:41:01] [Render thread/DEBUG] [me.je.li.lo.PluginCallerTimerRunnable/]: Registering recipe catalysts: potato_s_t:jei_plugin...
[22:41:01] [Render thread/DEBUG] [me.je.li.lo.PluginCallerTimerRunnable/]: Registering recipe catalysts: jei:internal...
[22:41:01] [Render thread/INFO] [me.je.li.lo.PluginCaller/]: Registering recipe catalysts took 1.501 milliseconds
[22:41:01] [Render thread/INFO] [me.je.co.ut.LoggedTimer/]: Building recipe registry...
[22:41:01] [Render thread/INFO] [me.je.co.ut.LoggedTimer/]: Building recipe registry took 11.56 milliseconds
[22:41:01] [Render thread/INFO] [me.je.li.lo.PluginCaller/]: Registering advanced plugins...
[22:41:01] [Render thread/DEBUG] [me.je.li.lo.PluginCallerTimerRunnable/]: Registering advanced plugins: jei:minecraft...
[22:41:01] [Render thread/DEBUG] [me.je.li.lo.PluginCallerTimerRunnable/]: Registering advanced plugins: jade:main...
[22:41:01] [Render thread/DEBUG] [me.je.li.lo.PluginCallerTimerRunnable/]: Registering advanced plugins: jei:neoforge_gui...
[22:41:01] [Render thread/DEBUG] [me.je.li.lo.PluginCallerTimerRunnable/]: Registering advanced plugins: jei:debug...
[22:41:01] [Render thread/DEBUG] [me.je.li.lo.PluginCallerTimerRunnable/]: Registering advanced plugins: jei:gui...
[22:41:01] [Render thread/DEBUG] [me.je.li.lo.PluginCallerTimerRunnable/]: Registering advanced plugins: potato_s_t:jei_plugin...
[22:41:01] [Render thread/DEBUG] [me.je.li.lo.PluginCallerTimerRunnable/]: Registering advanced plugins: jei:internal...
[22:41:01] [Render thread/INFO] [me.je.li.lo.PluginCaller/]: Registering advanced plugins took 757.1 microseconds
[22:41:01] [Render thread/INFO] [me.je.li.lo.PluginCaller/]: Registering recipes...
[22:41:01] [Render thread/DEBUG] [me.je.li.lo.PluginCallerTimerRunnable/]: Registering recipes: jei:minecraft...
[22:41:01] [Render thread/DEBUG] [me.je.li.re.RecipeManagerInternal/]: Adding recipes: RecipeType[uid=minecraft:crafting, recipeClass=class net.minecraft.world.item.crafting.RecipeHolder]
[22:41:01] [Render thread/DEBUG] [me.je.li.re.RecipeManagerInternal/]: Adding recipes: RecipeType[uid=minecraft:crafting, recipeClass=class net.minecraft.world.item.crafting.RecipeHolder]
[22:41:01] [Render thread/DEBUG] [me.je.li.re.RecipeManagerInternal/]: Adding recipes: RecipeType[uid=minecraft:stonecutting, recipeClass=class net.minecraft.world.item.crafting.RecipeHolder]
[22:41:01] [Render thread/DEBUG] [me.je.li.re.RecipeManagerInternal/]: Adding recipes: RecipeType[uid=minecraft:smelting, recipeClass=class net.minecraft.world.item.crafting.RecipeHolder]
[22:41:01] [Render thread/DEBUG] [me.je.li.re.RecipeManagerInternal/]: Adding recipes: RecipeType[uid=minecraft:smoking, recipeClass=class net.minecraft.world.item.crafting.RecipeHolder]
[22:41:01] [Render thread/DEBUG] [me.je.li.re.RecipeManagerInternal/]: Adding recipes: RecipeType[uid=minecraft:blasting, recipeClass=class net.minecraft.world.item.crafting.RecipeHolder]
[22:41:01] [Render thread/DEBUG] [me.je.li.re.RecipeManagerInternal/]: Adding recipes: RecipeType[uid=minecraft:campfire_cooking, recipeClass=class net.minecraft.world.item.crafting.RecipeHolder]
[22:41:01] [Render thread/DEBUG] [me.je.li.re.RecipeManagerInternal/]: Adding recipes: RecipeType[uid=minecraft:fuel, recipeClass=interface mezz.jei.api.recipe.vanilla.IJeiFuelingRecipe]
[22:41:01] [Render thread/DEBUG] [me.je.li.re.RecipeManagerInternal/]: Adding recipes: RecipeType[uid=minecraft:anvil, recipeClass=interface mezz.jei.api.recipe.vanilla.IJeiAnvilRecipe]
[22:41:01] [Render thread/DEBUG] [me.je.li.re.RecipeManagerInternal/]: Adding recipes: RecipeType[uid=minecraft:smithing, recipeClass=class net.minecraft.world.item.crafting.RecipeHolder]
[22:41:01] [Render thread/DEBUG] [me.je.li.re.RecipeManagerInternal/]: Adding recipes: RecipeType[uid=minecraft:compostable, recipeClass=interface mezz.jei.api.recipe.vanilla.IJeiCompostingRecipe]
[22:41:01] [Render thread/DEBUG] [me.je.li.re.RecipeManagerInternal/]: Adding recipes: RecipeType[uid=minecraft:brewing, recipeClass=interface mezz.jei.api.recipe.vanilla.IJeiBrewingRecipe]
[22:41:01] [Render thread/DEBUG] [me.je.li.re.RecipeManagerInternal/]: Adding recipes: RecipeType[uid=minecraft:grindstone, recipeClass=interface mezz.jei.api.recipe.vanilla.IJeiGrindstoneRecipe]
[22:41:01] [Render thread/INFO] [me.je.li.lo.PluginCallerTimerRunnable/]: Registering recipes: jei:minecraft took 414.4 milliseconds
[22:41:02] [Render thread/DEBUG] [me.je.li.lo.PluginCallerTimerRunnable/]: Registering recipes: jade:main...
[22:41:02] [Render thread/DEBUG] [me.je.li.lo.PluginCallerTimerRunnable/]: Registering recipes: jei:neoforge_gui...
[22:41:02] [Render thread/DEBUG] [me.je.li.lo.PluginCallerTimerRunnable/]: Registering recipes: jei:debug...
[22:41:02] [Render thread/DEBUG] [me.je.li.lo.PluginCallerTimerRunnable/]: Registering recipes: jei:gui...
[22:41:02] [Render thread/DEBUG] [me.je.li.lo.PluginCallerTimerRunnable/]: Registering recipes: potato_s_t:jei_plugin...
[22:41:02] [Render thread/DEBUG] [me.je.li.re.RecipeManagerInternal/]: Adding recipes: RecipeType[uid=potato_s_t:micro_crusher, recipeClass=class com.potatost.mod.MachineRecipes$Entry]
[22:41:02] [Render thread/DEBUG] [me.je.li.re.RecipeManagerInternal/]: Adding recipes: RecipeType[uid=potato_s_t:electrolyzer, recipeClass=class com.potatost.mod.MachineRecipes$Entry]
[22:41:02] [Render thread/DEBUG] [me.je.li.re.RecipeManagerInternal/]: Adding recipes: RecipeType[uid=potato_s_t:salt_dryer, recipeClass=class com.potatost.mod.MachineRecipes$Entry]
[22:41:02] [Render thread/DEBUG] [me.je.li.re.RecipeManagerInternal/]: Adding recipes: RecipeType[uid=potato_s_t:filling_machine, recipeClass=class com.potatost.mod.MachineRecipes$Entry]
[22:41:02] [Render thread/INFO] [co.po.mo.cl.je.PotatoSTJeiPlugin/]: [potato_s_t] JEI: registered 23 machine recipes across 4 categories
[22:41:02] [Render thread/DEBUG] [me.je.li.lo.PluginCallerTimerRunnable/]: Registering recipes: jei:internal...
[22:41:02] [Render thread/DEBUG] [me.je.li.pl.je.ta.TagInfoRecipeMaker/]: No valid ingredients found for minecraft:block tag: Ropes (c:ropes)
[22:41:02] [Render thread/DEBUG] [me.je.li.pl.je.ta.TagInfoRecipeMaker/]: No valid ingredients found for minecraft:block tag: Relocation Not Supported (c:relocation_not_supported)
[22:41:02] [Render thread/DEBUG] [me.je.li.pl.je.ta.TagInfoRecipeMaker/]: No valid ingredients found for minecraft:block tag: #minecraft:invalid_spawn_inside (minecraft:invalid_spawn_inside)
[22:41:02] [Render thread/DEBUG] [me.je.li.pl.je.ta.TagInfoRecipeMaker/]: No valid ingredients found for minecraft:block tag: #minecraft:strider_warm_blocks (minecraft:strider_warm_blocks)
[22:41:02] [Render thread/DEBUG] [me.je.li.pl.je.ta.TagInfoRecipeMaker/]: No valid ingredients found for minecraft:block tag: #minecraft:incorrect_for_netherite_tool (minecraft:incorrect_for_netherite_tool)
[22:41:02] [Render thread/DEBUG] [me.je.li.pl.je.ta.TagInfoRecipeMaker/]: No valid ingredients found for minecraft:block tag: #minecraft:fire (minecraft:fire)
[22:41:02] [Render thread/DEBUG] [me.je.li.pl.je.ta.TagInfoRecipeMaker/]: No valid ingredients found for minecraft:block tag: #minecraft:incorrect_for_diamond_tool (minecraft:incorrect_for_diamond_tool)
[22:41:02] [Render thread/DEBUG] [me.je.li.pl.je.ta.TagInfoRecipeMaker/]: No valid ingredients found for minecraft:block tag: Needs Netherite Tools (neoforge:needs_netherite_tool)
[22:41:02] [Render thread/DEBUG] [me.je.li.pl.je.ta.TagInfoRecipeMaker/]: No valid ingredients found for minecraft:block tag: #minecraft:candle_cakes (minecraft:candle_cakes)
[22:41:02] [Render thread/DEBUG] [me.je.li.pl.je.ta.TagInfoRecipeMaker/]: No valid ingredients found for minecraft:block tag: #minecraft:air (minecraft:air)
[22:41:02] [Render thread/DEBUG] [me.je.li.pl.je.ta.TagInfoRecipeMaker/]: No valid ingredients found for minecraft:block tag: Enderman Place On Blacklist (neoforge:enderman_place_on_blacklist)
[22:41:02] [Render thread/DEBUG] [me.je.li.pl.je.ta.TagInfoRecipeMaker/]: No valid ingredients found for minecraft:block tag: #minecraft:portals (minecraft:portals)
[22:41:02] [Render thread/DEBUG] [me.je.li.re.RecipeManagerInternal/]: Adding recipes: RecipeType[uid=minecraft:tag_recipes/block, recipeClass=interface mezz.jei.library.plugins.jei.tags.ITagInfoRecipe]
[22:41:02] [Render thread/DEBUG] [me.je.li.pl.je.ta.TagInfoRecipeMaker/]: No valid ingredients found for minecraft:fluid tag: Honey (c:honey)
[22:41:02] [Render thread/DEBUG] [me.je.li.pl.je.ta.TagInfoRecipeMaker/]: No valid ingredients found for minecraft:fluid tag: Mushroom Stew (c:mushroom_stew)
[22:41:02] [Render thread/DEBUG] [me.je.li.pl.je.ta.TagInfoRecipeMaker/]: No valid ingredients found for minecraft:fluid tag: Rabbit Stew (c:rabbit_stew)
[22:41:02] [Render thread/DEBUG] [me.je.li.pl.je.ta.TagInfoRecipeMaker/]: No valid ingredients found for minecraft:fluid tag: Potion (c:potion)
[22:41:02] [Render thread/DEBUG] [me.je.li.pl.je.ta.TagInfoRecipeMaker/]: No valid ingredients found for minecraft:fluid tag: Beetroot Soup (c:beetroot_soup)
[22:41:02] [Render thread/DEBUG] [me.je.li.pl.je.ta.TagInfoRecipeMaker/]: No valid ingredients found for minecraft:fluid tag: Milk (c:milk)
[22:41:02] [Render thread/DEBUG] [me.je.li.pl.je.ta.TagInfoRecipeMaker/]: No valid ingredients found for minecraft:fluid tag: Gaseous (c:gaseous)
[22:41:02] [Render thread/DEBUG] [me.je.li.pl.je.ta.TagInfoRecipeMaker/]: No valid ingredients found for minecraft:fluid tag: Suspicious Stew (c:suspicious_stew)
[22:41:02] [Render thread/DEBUG] [me.je.li.pl.je.ta.TagInfoRecipeMaker/]: No valid ingredients found for minecraft:fluid tag: Experience (c:experience)
[22:41:02] [Render thread/DEBUG] [me.je.li.re.RecipeManagerInternal/]: Adding recipes: RecipeType[uid=minecraft:tag_recipes/fluid, recipeClass=interface mezz.jei.library.plugins.jei.tags.ITagInfoRecipe]
[22:41:02] [Render thread/DEBUG] [me.je.li.pl.je.ta.TagInfoRecipeMaker/]: No valid ingredients found for minecraft:item tag: Juice (c:drinks/juice)
[22:41:02] [Render thread/DEBUG] [me.je.li.pl.je.ta.TagInfoRecipeMaker/]: No valid ingredients found for minecraft:item tag: Ropes (c:ropes)
[22:41:02] [Render thread/DEBUG] [me.je.li.pl.je.ta.TagInfoRecipeMaker/]: No valid ingredients found for minecraft:item tag: Doughs (c:foods/dough)
[22:41:02] [Render thread/DEBUG] [me.je.li.pl.je.ta.TagInfoRecipeMaker/]: No valid ingredients found for minecraft:item tag: Candies (c:foods/candy)
[22:41:02] [Render thread/DEBUG] [me.je.li.pl.je.ta.TagInfoRecipeMaker/]: No valid ingredients found for minecraft:item tag: Wrenches (c:tools/wrench)
[22:41:02] [Render thread/DEBUG] [me.je.li.pl.je.ta.TagInfoRecipeMaker/]: No valid ingredients found for minecraft:item tag: #potato_s_t:electrolytes (potato_s_t:electrolytes)
[22:41:02] [Render thread/DEBUG] [me.je.li.pl.je.ta.TagInfoRecipeMaker/]: No valid ingredients found for minecraft:item tag: Water (c:drinks/water)
[22:41:02] [Render thread/DEBUG] [me.je.li.re.RecipeManagerInternal/]: Adding recipes: RecipeType[uid=minecraft:tag_recipes/item, recipeClass=interface mezz.jei.library.plugins.jei.tags.ITagInfoRecipe]
[22:41:02] [Render thread/INFO] [me.je.li.lo.PluginCallerTimerRunnable/]: Registering recipes: jei:internal took 39.72 milliseconds
[22:41:02] [Render thread/INFO] [me.je.li.lo.PluginCaller/]: Registering recipes took 456.8 milliseconds
[22:41:02] [Render thread/INFO] [me.je.li.lo.PluginCaller/]: Registering recipes transfer handlers...
[22:41:02] [Render thread/DEBUG] [me.je.li.lo.PluginCallerTimerRunnable/]: Registering recipes transfer handlers: jei:minecraft...
[22:41:02] [Render thread/DEBUG] [me.je.li.lo.PluginCallerTimerRunnable/]: Registering recipes transfer handlers: jade:main...
[22:41:02] [Render thread/DEBUG] [me.je.li.lo.PluginCallerTimerRunnable/]: Registering recipes transfer handlers: jei:neoforge_gui...
[22:41:02] [Render thread/DEBUG] [me.je.li.lo.PluginCallerTimerRunnable/]: Registering recipes transfer handlers: jei:debug...
[22:41:02] [Render thread/DEBUG] [me.je.li.lo.PluginCallerTimerRunnable/]: Registering recipes transfer handlers: jei:gui...
[22:41:02] [Render thread/DEBUG] [me.je.li.lo.PluginCallerTimerRunnable/]: Registering recipes transfer handlers: potato_s_t:jei_plugin...
[22:41:02] [Render thread/DEBUG] [me.je.li.lo.PluginCallerTimerRunnable/]: Registering recipes transfer handlers: jei:internal...
[22:41:02] [Render thread/INFO] [me.je.li.lo.PluginCaller/]: Registering recipes transfer handlers took 3.344 milliseconds
[22:41:02] [Render thread/INFO] [me.je.co.ut.LoggedTimer/]: Building runtime...
[22:41:02] [Render thread/INFO] [me.je.li.lo.PluginCaller/]: Registering gui handlers...
[22:41:02] [Render thread/DEBUG] [me.je.li.lo.PluginCallerTimerRunnable/]: Registering gui handlers: jei:minecraft...
[22:41:02] [Render thread/DEBUG] [me.je.li.lo.PluginCallerTimerRunnable/]: Registering gui handlers: jade:main...
[22:41:02] [Render thread/DEBUG] [me.je.li.lo.PluginCallerTimerRunnable/]: Registering gui handlers: jei:neoforge_gui...
[22:41:02] [Render thread/DEBUG] [me.je.li.lo.PluginCallerTimerRunnable/]: Registering gui handlers: jei:debug...
[22:41:02] [Render thread/DEBUG] [me.je.li.lo.PluginCallerTimerRunnable/]: Registering gui handlers: jei:gui...
[22:41:02] [Render thread/DEBUG] [me.je.li.lo.PluginCallerTimerRunnable/]: Registering gui handlers: potato_s_t:jei_plugin...
[22:41:02] [Render thread/DEBUG] [me.je.li.lo.PluginCallerTimerRunnable/]: Registering gui handlers: jei:internal...
[22:41:02] [Render thread/INFO] [me.je.li.lo.PluginCaller/]: Registering gui handlers took 7.545 milliseconds
[22:41:02] [Render thread/INFO] [me.je.li.lo.PluginCaller/]: Registering Runtime...
[22:41:02] [Render thread/DEBUG] [me.je.li.lo.PluginCallerTimerRunnable/]: Registering Runtime: jei:minecraft...
[22:41:02] [Render thread/DEBUG] [me.je.li.lo.PluginCallerTimerRunnable/]: Registering Runtime: jade:main...
[22:41:02] [Render thread/DEBUG] [me.je.li.lo.PluginCallerTimerRunnable/]: Registering Runtime: jei:neoforge_gui...
[22:41:02] [Render thread/INFO] [me.je.gu.st.JeiGuiStarter/]: Starting JEI GUI
[22:41:02] [Render thread/INFO] [me.je.co.ut.LoggedTimer/]: Building ingredient list...
[22:41:02] [Render thread/DEBUG] [me.je.gu.in.IngredientListElementFactory/]: Registering ingredients: ItemStack
[22:41:02] [Render thread/DEBUG] [me.je.gu.in.IngredientListElementFactory/]: Registering ingredients: FluidStack
[22:41:02] [Render thread/INFO] [me.je.co.ut.LoggedTimer/]: Building ingredient list took 27.84 milliseconds
[22:41:02] [Render thread/INFO] [me.je.co.ut.LoggedTimer/]: Building ingredient filter...
[22:41:02] [Render thread/INFO] [me.je.gu.in.IngredientFilter/]: Adding 1746 ingredients
[22:41:02] [Render thread/INFO] [me.je.gu.in.IngredientFilter/]: Added 1746 ingredients
[22:41:02] [Render thread/INFO] [me.je.co.ut.LoggedTimer/]: Building ingredient filter took 293.6 milliseconds
[22:41:02] [Render thread/DEBUG] [me.je.gu.co.LookupHistoryJsonConfig/]: Loaded lookup history config from file: E:\PotatoST\run\client\config\jei\world\local\______2\lookupHistory.json
[22:41:02] [Render thread/INFO] [me.je.li.lo.PluginCallerTimerRunnable/]: Registering Runtime: jei:neoforge_gui took 392.2 milliseconds
[22:41:02] [Render thread/DEBUG] [me.je.li.lo.PluginCallerTimerRunnable/]: Registering Runtime: jei:debug...
[22:41:02] [Render thread/DEBUG] [me.je.li.lo.PluginCallerTimerRunnable/]: Registering Runtime: jei:gui...
[22:41:02] [Render thread/DEBUG] [me.je.li.lo.PluginCallerTimerRunnable/]: Registering Runtime: potato_s_t:jei_plugin...
[22:41:02] [Render thread/DEBUG] [me.je.li.lo.PluginCallerTimerRunnable/]: Registering Runtime: jei:internal...
[22:41:02] [Render thread/INFO] [me.je.li.lo.PluginCaller/]: Registering Runtime took 393.2 milliseconds
[22:41:02] [Render thread/INFO] [me.je.co.ut.LoggedTimer/]: Building runtime took 410.9 milliseconds
[22:41:02] [Render thread/INFO] [me.je.li.lo.PluginCaller/]: Sending Runtime...
[22:41:02] [Render thread/DEBUG] [me.je.li.lo.PluginCallerTimerRunnable/]: Sending Runtime: jei:minecraft...
[22:41:02] [Render thread/DEBUG] [me.je.li.lo.PluginCallerTimerRunnable/]: Sending Runtime: jade:main...
[22:41:02] [Render thread/DEBUG] [me.je.li.lo.PluginCallerTimerRunnable/]: Sending Runtime: jei:neoforge_gui...
[22:41:02] [Render thread/DEBUG] [me.je.li.lo.PluginCallerTimerRunnable/]: Sending Runtime: jei:debug...
[22:41:02] [Render thread/DEBUG] [me.je.li.lo.PluginCallerTimerRunnable/]: Sending Runtime: jei:gui...
[22:41:02] [Render thread/DEBUG] [me.je.li.lo.PluginCallerTimerRunnable/]: Sending Runtime: potato_s_t:jei_plugin...
[22:41:02] [Render thread/DEBUG] [me.je.li.lo.PluginCallerTimerRunnable/]: Sending Runtime: jei:internal...
[22:41:02] [Render thread/INFO] [me.je.li.lo.PluginCaller/]: Sending Runtime took 567.8 microseconds
[22:41:02] [Render thread/INFO] [me.je.co.ut.LoggedTimer/]: Starting JEI took 1.139 seconds
[22:41:02] [Render thread/INFO] [sn.ja.Jade/]: Received config from the server: 
[22:41:02] [Render thread/INFO] [minecraft/AdvancementTree]: Loaded 2 advancements
[22:41:02] [Render thread/DEBUG] [mixin/]: Mixing core.render.frustum.FrustumMixin from sodium-common.mixins.json into net.minecraft.client.renderer.culling.Frustum
[22:41:02] [Render thread/DEBUG] [Sodium/]: Loaded net.caffeinemc.mods.sodium.neoforge.model.NeoForgeModelAccess@6ace6b0a for service interface net.caffeinemc.mods.sodium.client.services.PlatformModelAccess
[22:41:02] [Render thread/DEBUG] [Sodium/]: Loaded net.caffeinemc.mods.sodium.neoforge.level.NeoForgeLevelAccess@586c6648 for service interface net.caffeinemc.mods.sodium.client.services.PlatformLevelAccess
[22:41:02] [Render thread/DEBUG] [Sodium/]: Loaded net.caffeinemc.mods.sodium.neoforge.level.NeoForgeLevelRenderHooks@540d6a81 for service interface net.caffeinemc.mods.sodium.client.services.PlatformLevelRenderHooks
[22:41:02] [Render thread/DEBUG] [mixin/]: Mixing ChunkRendererRegionBuilderMixin from fabric-block-view-api-v2.client.mixins.json into net.minecraft.client.renderer.chunk.RenderRegionCache
[22:41:02] [Render thread/DEBUG] [mixin/]: fabric-block-view-api-v2.client.mixins.json:ChunkRendererRegionBuilderMixin from mod fabric_block_view_api_v2: Class version 65 required is higher than the class version supported by the current version of Mixin (JAVA_17 supports class version 61)
[22:41:02] [Render thread/DEBUG] [mixin/]: fabric-block-view-api-v2.client.mixins.json:ChunkRendererRegionBuilderMixin from mod fabric_block_view_api_v2->@Inject::copyDataForChunk(Lnet/minecraft/world/level/Level;Lnet/minecraft/core/SectionPos;ZLorg/spongepowered/asm/mixin/injection/callback/CallbackInfoReturnable;)V doesn't use it's CallbackInfoReturnable
[22:41:02] [Render thread/DEBUG] [mixin/]: fabric-block-view-api-v2.client.mixins.json:ChunkRendererRegionBuilderMixin from mod fabric_block_view_api_v2->@Inject::copyDataForChunk(Lnet/minecraft/world/level/Level;Lnet/minecraft/core/SectionPos;ZLorg/spongepowered/asm/mixin/injection/callback/CallbackInfoReturnable;)V has 0 override(s) in child classes
[22:41:02] [Render thread/DEBUG] [mixin/]: fabric-block-view-api-v2.client.mixins.json:ChunkRendererRegionBuilderMixin from mod fabric_block_view_api_v2->@Inject::copyDataForChunk(Lnet/minecraft/world/level/Level;Lnet/minecraft/core/SectionPos;ZLorg/spongepowered/asm/mixin/injection/callback/CallbackInfoReturnable;)V won't be passed a CallbackInfoReturnable as a result
[22:41:02] [Render thread/DEBUG] [mixin/]: fabric-block-view-api-v2.client.mixins.json:ChunkRendererRegionBuilderMixin from mod fabric_block_view_api_v2->@Inject::createDataMap(Lnet/minecraft/world/level/Level;Lnet/minecraft/core/SectionPos;ZLorg/spongepowered/asm/mixin/injection/callback/CallbackInfoReturnable;)V does use it's CallbackInfoReturnable
[22:41:02] [Chunk Render Task Executor #2/DEBUG] [Sodium/]: Loaded net.caffeinemc.mods.sodium.neoforge.block.NeoForgeBlockAccess@7f2fd0b2 for service interface net.caffeinemc.mods.sodium.client.services.PlatformBlockAccess
[22:41:03] [JEI Deduplicating Run Executor 0/DEBUG] [me.je.co.co.fi.ConfigSerializer/]: Saving config file: E:\PotatoST\run\client\config\jei\jei-colors.ini
[22:41:03] [JEI Deduplicating Run Executor 0/DEBUG] [me.je.co.co.fi.ConfigSerializer/]: Saving config file: E:\PotatoST\run\client\config\jei\jei-debug.ini
[22:41:03] [JEI Deduplicating Run Executor 0/DEBUG] [me.je.co.co.fi.ConfigSerializer/]: Saving config file: E:\PotatoST\run\client\config\jei\jei-mod-id-format.ini
[22:41:03] [JEI Deduplicating Run Executor 0/DEBUG] [me.je.co.co.fi.ConfigSerializer/]: Saving config file: E:\PotatoST\run\client\config\jei\jei-client.ini
[22:41:03] [JEI Config File Watcher/DEBUG] [me.je.co.co.fi.FileWatcherThread/]: Detected changes in files:
E:\PotatoST\run\client\config\jei\jei-colors.ini
E:\PotatoST\run\client\config\jei\jei-debug.ini
E:\PotatoST\run\client\config\jei\jei-mod-id-format.ini
E:\PotatoST\run\client\config\jei\jei-client.ini
[22:41:03] [Thread-6/DEBUG] [xa.li.XaeroLib/]: Loaded xaero.lib.platform.services.PlatformClientOnlyHelperNeoForge@5feca004 for service interface xaero.lib.platform.services.IPlatformClientOnlyHelper
[22:41:03] [Render thread/DEBUG] [me.je.co.co.fi.ConfigSerializer/]: Skipping loading config file, it was just saved by us: E:\PotatoST\run\client\config\jei\jei-debug.ini
[22:41:03] [Render thread/DEBUG] [me.je.co.co.fi.ConfigSerializer/]: Skipping loading config file, it was just saved by us: E:\PotatoST\run\client\config\jei\jei-client.ini
[22:41:04] [Render thread/DEBUG] [mixin/]: Mixing core.render.immediate.consumer.SpriteCoordinateExpanderMixin from sodium-common.mixins.json into net.minecraft.client.renderer.SpriteCoordinateExpander
[22:41:04] [Render thread/DEBUG] [mixin/]: sodium-common.mixins.json:core.render.immediate.consumer.SpriteCoordinateExpanderMixin from mod sodium->@Inject::onInit(Lcom/mojang/blaze3d/vertex/VertexConsumer;Lnet/minecraft/client/renderer/texture/TextureAtlasSprite;Lorg/spongepowered/asm/mixin/injection/callback/CallbackInfo;)V doesn't use it's CallbackInfo
[22:41:04] [Render thread/DEBUG] [mixin/]: sodium-common.mixins.json:core.render.immediate.consumer.SpriteCoordinateExpanderMixin from mod sodium->@Inject::onInit(Lcom/mojang/blaze3d/vertex/VertexConsumer;Lnet/minecraft/client/renderer/texture/TextureAtlasSprite;Lorg/spongepowered/asm/mixin/injection/callback/CallbackInfo;)V has 0 override(s) in child classes
[22:41:04] [Render thread/DEBUG] [mixin/]: sodium-common.mixins.json:core.render.immediate.consumer.SpriteCoordinateExpanderMixin from mod sodium->@Inject::onInit(Lcom/mojang/blaze3d/vertex/VertexConsumer;Lnet/minecraft/client/renderer/texture/TextureAtlasSprite;Lorg/spongepowered/asm/mixin/injection/callback/CallbackInfo;)V won't be passed a CallbackInfo as a result
[22:41:04] [Render thread/DEBUG] [mixin/]: Mixing core.render.immediate.consumer.VertexMultiConsumerMixin$DoubleMixin from sodium-common.mixins.json into com.mojang.blaze3d.vertex.VertexMultiConsumer$Double
[22:41:04] [Render thread/DEBUG] [mixin/]: sodium-common.mixins.json:core.render.immediate.consumer.VertexMultiConsumerMixin$DoubleMixin from mod sodium->@Inject::checkFullStatus(Lorg/spongepowered/asm/mixin/injection/callback/CallbackInfo;)V doesn't use it's CallbackInfo
[22:41:04] [Render thread/DEBUG] [mixin/]: sodium-common.mixins.json:core.render.immediate.consumer.VertexMultiConsumerMixin$DoubleMixin from mod sodium->@Inject::checkFullStatus(Lorg/spongepowered/asm/mixin/injection/callback/CallbackInfo;)V has 0 override(s) in child classes
[22:41:04] [Render thread/DEBUG] [mixin/]: sodium-common.mixins.json:core.render.immediate.consumer.VertexMultiConsumerMixin$DoubleMixin from mod sodium->@Inject::checkFullStatus(Lorg/spongepowered/asm/mixin/injection/callback/CallbackInfo;)V won't be passed a CallbackInfo as a result
[22:41:04] [Render thread/WARN] [Sodium-VertexConsumerTracker/]: Class com.mojang.blaze3d.vertex.VertexMultiConsumer$Double does not support optimized vertex writing code paths, which may cause reduced rendering performance
